url,product_name,sku,upc,features,image,specifications
https://houseofrohl.com/holborn-c-spout-hot-water-faucet-tank-and-filter-kit-polished-chrome-with-metal-lever-handle-u-kit1347ls-apc-2/,"Holborn™ Hot Water Dispenser, Tank And Filter Kit - Polished Chrome | Model Number: U.KIT1347LS-APC-2",UKIT1347LSAPC2,824438360709,"FEATURES
Dedicated energy-saving hot water dispenser is ideal for preparation of hot drinks, thawing frozen vegetables and cleaning grease
Kit includes U.1998 hot water tank, U.1347LS hot water faucet, U.1106 hot water filter
Filtered water .5 GPM/1.9 LPM at 45 PSI
Swivel spout for ease of filling containers
Solid brass construction delivers the utmost in beauty, durability and long-lasting performance
Not compatible with ISE tanks
Handle may only be installed on the right side.
RELATED PRODUCTS",https://cdn11.bigcommerce.com/s-80sqzb3h0c/images/stencil/600x600/products/104488/114972/pu9pdqrmkbh5b6rzz4s6__62176.1652162736.jpg?c=1,"Warranted Finish
YES
Warranty
5-YEAR LIMITED WARRANTY ON FAUCET AND 3 YEARS ON TANK
Product Type
HOT WATER DISPENSER
Style
TRANSITIONAL
Hole Configuration
1
Mounting Location
DECK
Installation Type
SINGLE HOLE
Shape
C-SPOUT"
https://houseofrohl.com/holborn-c-spout-filter-faucet-polished-chrome-with-metal-lever-handle-u-1601l-apc-2/,Holborn™ Filter Kitchen Faucet - Polished Chrome | Model Number: U.1601L-APC-2,U1601LAPC2,685333700713,"FEATURES
Enjoy clean filtered water next to your primary kitchen faucet for a trusted source of drinking water
Spout swivels for easy access
Filtered water .5 GPM/1.9 LPM at 45 PSI
Designed to work with our HRK-2000 filtration system, sold separately
Solid brass construction delivers the utmost in beauty, durability and long-lasting performance
Ceramic disc cartridge for durability and long-lasting performance
Not suitable for R.O. systems or instant hot systems
Unlacquered Brass is a living finish that naturally age over time and develop a patina unique to its environment. Returns based on finish will not be accepted.
RELATED PRODUCTS",https://cdn11.bigcommerce.com/s-80sqzb3h0c/images/stencil/600x600/products/104499/114954/tz8wl0is6y6etpyd6rhb__53645.1652162730.jpg?c=1,"Warranted Finish
YES
Warranty
LIMITED LIFETIME WARRANTY
Product Type
FILTRATION
Style
TRANSITIONAL
Hole Configuration
1
Mounting Location
DECK
Installation Type
SINGLE HOLE
Shape
C-SPOUT"
https://houseofrohl.com/holborn-c-spout-filter-faucet-polished-chrome-with-metal-lever-handle-u-kit1601l-apc-2/,Holborn™ Filter Kitchen Faucet Kit - Polished Chrome | Model Number: U.KIT1601L-APC-2,UKIT1601LAPC2,824438211698,"FEATURES
Enjoy clean filtered water next to your primary kitchen faucet for a trusted source of drinking water
Spout swivels for easy access
Filtered water .5 GPM/1.9 LPM at 45 PSI
Solid brass construction delivers the utmost in beauty, durability and long-lasting performance
Ceramic disc cartridge for durability and long-lasting performance
Not suitable for R.O. systems or instant hot systems
Top of the line 0.2-micron ceramic filter and active carbon material
Yields reduced PFA’s, lead, heavy metals, bacteria, foul taste and odor
Unlacquered Brass is a living finish that naturally age over time and develop a patina unique to its environment. Returns based on finish will not be accepted.
RELATED PRODUCTS",https://cdn11.bigcommerce.com/s-80sqzb3h0c/images/stencil/600x600/products/104505/114955/hndaubmyhclvaoayx77h__12421.1652162730.jpg?c=1,"Warranted Finish
YES
Warranty
LIMITED LIFETIME WARRANTY
Product Type
FILTRATION
Style
TRANSITIONAL
Hole Configuration
1
Mounting Location
DECK
Installation Type
SINGLE HOLE
Shape
C-SPOUT"
https://houseofrohl.com/holborn-u-spout-bridge-kitchen-faucet-with-sidespray-polished-chrome-with-metal-lever-handle-u-4279ls-apc-2/,Holborn™ Bridge Kitchen Faucet With U-Spout And Side Spray - Polished Chrome | Model Number: U.4279LS-APC-2,U4279LSAPC2,824438347847,"FEATURES
Add elegance and old world charm with a bridge kitchen faucet
Flow rate of 1.5 GPM/5.69 LPM at 60 PSI for effective cleaning while optimizing water usage
Matching Bar/Food Prep kitchen faucet is available
Solid brass construction delivers the utmost in beauty, durability and long-lasting performance
Ceramic disc cartridge for durability and long-lasting performance
Sidespray allows for greater sink accessibility
3-hole installation
Unlacquered Brass is a living finish that naturally age over time and develop a patina unique to its environment. Returns based on finish will not be accepted.
RELATED PRODUCTS",https://cdn11.bigcommerce.com/s-80sqzb3h0c/images/stencil/600x600/products/104517/115013/ic0vktz54jrwtwurq600__25901.1652162750.jpg?c=1,"Warranted Finish
YES
Warranty
LIMITED LIFETIME WARRANTY
Product Type
KITCHEN FAUCETS
Style
TRANSITIONAL
Hole Configuration
3
Mounting Location
DECK
Installation Type
DECK
Shape
U-SPOUT"
https://houseofrohl.com/holborn-c-spout-hot-water-faucet-polished-chrome-with-metal-lever-handle-u-1347ls-apc-2/,Holborn™ Hot Water Dispenser - Polished Chrome | Model Number: U.1347LS-APC-2,U1347LSAPC2,824438348356,"FEATURES
Dedicated energy-saving hot water dispenser is ideal for preparation of hot drinks, thawing frozen vegetables and cleaning grease
Hot water .5 GPM/1.9 LPM at 45 PSI
Solid brass construction delivers the utmost in beauty, durability and long-lasting performance
Only compatible with the Perrin & Rowe U.1998 high performance hot water tank and U.1106 filter system
Does not work with ISE tank systems
Unlacquered Brass is a living finish that naturally age over time and develop a patina unique to its environment. Returns based on finish will not be accepted.
Handle may only be installed on the right side.
RELATED PRODUCTS",https://cdn11.bigcommerce.com/s-80sqzb3h0c/images/stencil/600x600/products/104515/114978/gd41knin0t2xzpcse3rb__13018.1652162738.jpg?c=1,"Warranted Finish
YES
Warranty
5-YEAR LIMITED WARRANTY
Product Type
HOT WATER DISPENSER
Style
TRANSITIONAL
Hole Configuration
1
Mounting Location
DECK
Installation Type
SINGLE HOLE
Shape
C-SPOUT"
https://houseofrohl.com/holborn-u-spout-bridge-kitchen-faucet-with-sidespray-polished-chrome-with-cross-handle-u-4278x-apc-2/,DISCONTINUED Holborn™ Bridge Kitchen Faucet With U-Spout And Side Spray - Polished Chrome | Model Number: U.4278X-APC-2,U4278XAPC2,824438347786,"FEATURES
Add elegance and old world charm with a bridge kitchen faucet
Flow rate of 1.5 GPM/5.69 LPM at 60 PSI for effective cleaning while optimizing water usage
Matching Bar/Food Prep kitchen faucet is available
Solid brass construction delivers the utmost in beauty, durability and long-lasting performance
Ceramic disc cartridge for durability and long-lasting performance
Sidespray allows for greater sink accessibility
3-hole installation
RELATED PRODUCTS",https://cdn11.bigcommerce.com/s-80sqzb3h0c/images/stencil/600x600/products/104521/115012/wk9nyoble83kpxzo08xx__13451.1652162749.jpg?c=1,"Warranted Finish
YES
Warranty
LIMITED LIFETIME WARRANTY
Product Type
KITCHEN FAUCETS
Style
TRANSITIONAL
Hole Configuration
3
Mounting Location
DECK
Installation Type
DECK
Shape
U-SPOUT"
https://houseofrohl.com/holborn-bridge-kitchen-faucet-with-sidespray-polished-chrome-with-metal-lever-handle-u-4273ls-apc-2/,Holborn™ Bridge Kitchen Faucet With C-Spout And Side Spray - Polished Chrome | Model Number: U.4273LS-APC-2,U4273LSAPC2,685333704612,"FEATURES
Add elegance and old world charm with a bridge kitchen faucet
Flow rate of 1.5 GPM/5.69 LPM at 60 PSI for effective cleaning while optimizing water usage
Matching Bar/Food Prep kitchen faucet is available
Solid brass construction delivers the utmost in beauty, durability and long-lasting performance
Ceramic disc cartridge for durability and long-lasting performance
Sidespray allows for greater sink accessibility
3-hole installation
Unlacquered Brass is a living finish that naturally age over time and develop a patina unique to its environment. Returns based on finish will not be accepted.
RELATED PRODUCTS",https://cdn11.bigcommerce.com/s-80sqzb3h0c/images/stencil/600x600/products/104530/115001/jk95wvthroqcjzmzanal__94609.1652162746.jpg?c=1,"Warranted Finish
YES
Warranty
LIMITED LIFETIME WARRANTY
Product Type
KITCHEN FAUCETS
Style
TRANSITIONAL
Hole Configuration
3
Mounting Location
DECK
Installation Type
DECK
Shape
C-SPOUT"
https://houseofrohl.com/holborn-single-hole-bar-and-food-prep-faucet-with-round-body-and-c-spout-polished-chrome-with-metal-lever-handle-u-4213ls-apc-2/,Holborn™ Two Handle Bar/Food Prep Kitchen Faucet - Polished Chrome | Model Number: U.4213LS-APC-2,U4213LSAPC2,685333704490,"FEATURES
Swivel spout rotates for greater sink accessibility
Solid brass construction delivers the utmost in beauty, durability and long-lasting performance
Ceramic disc cartridge for durability and long-lasting performance
Flow rate of 1.8 GPM/6.8 LPM at 60 PSI for effective cleaning
All necessary mounting hardware included
Unlacquered Brass is a living finish that naturally age over time and develop a patina unique to its environment. Returns based on finish will not be accepted.
RELATED PRODUCTS",https://cdn11.bigcommerce.com/s-80sqzb3h0c/images/stencil/600x600/products/104544/114987/gh38eqy5ourefxniwyyo__88493.1652162741.jpg?c=1,"Warranted Finish
YES
Warranty
LIMITED LIFETIME WARRANTY
Product Type
BAR/FOOD PREP FAUCETS
Style
TRANSITIONAL
Hole Configuration
1
Mounting Location
DECK
Installation Type
SINGLE HOLE
Shape
C-SPOUT"
https://houseofrohl.com/holborn-single-hole-bar-and-food-prep-faucet-with-c-spout-polished-chrome-with-metal-lever-handle-u-4842ls-apc-2/,Holborn™ Bar/Food Prep Kitchen Faucet - Polished Chrome | Model Number: U.4842LS-APC-2,U4842LSAPC2,685333484200,"FEATURES
Swivel spout rotates for greater sink accessibility
Solid brass construction delivers the utmost in beauty, durability and long-lasting performance
Ceramic disc cartridge for durability and long-lasting performance
Flow rate of 1.5 GPM/5.69 LPM at 60 PSI for effective cleaning
All necessary mounting hardware included
Requires 2 1/2"" clearance from backsplash
Water activates by pushing handle inwards toward spout
Unlacquered Brass is a living finish that naturally age over time and develop a patina unique to its environment. Returns based on finish will not be accepted.
RELATED PRODUCTS",https://cdn11.bigcommerce.com/s-80sqzb3h0c/images/stencil/600x600/products/104542/114982/rthngv9295yikkymlxcc__44763.1652162739.jpg?c=1,"Warranted Finish
YES
Warranty
LIMITED LIFETIME WARRANTY
Product Type
BAR/FOOD PREP FAUCETS
Style
TRANSITIONAL
Hole Configuration
1
Mounting Location
DECK
Installation Type
SINGLE HOLE
Shape
C-SPOUT"
https://houseofrohl.com/holborn-single-hole-c-spout-kitchen-faucet-with-round-body-and-sidespray-polished-chrome-with-metal-lever-handle-u-4312ls-apc-2/,Holborn™ Two Handle Kitchen Faucet With Side Spray - Polished Chrome | Model Number: U.4312LS-APC-2,U4312LSAPC2,685333704810,"FEATURES
Add a touch of whimsy to your kitchen with this beautifully crafted kitchen faucet
Dedicated handles enable you to control the flow and temperature of water separately
Flow rate of 1.8 GPM/6.8 LPM at 60 PSI for effective cleaning while optimizing water usage
Matching Bar/Food Prep kitchen faucet is available
Solid brass construction delivers the utmost in beauty, durability and long-lasting performance
Ceramic disc cartridge for durability and long-lasting performance
Sidespray allows for greater sink accessibility
2-hole installation with dedicated hot and cold levers for maximum control
Swivel spout rotates for greater sink accessibility
RELATED PRODUCTS",https://cdn11.bigcommerce.com/s-80sqzb3h0c/images/stencil/600x600/products/104556/115027/hdtuezqum2k4hntnca3y__18008.1652162754.jpg?c=1,"Warranted Finish
YES
Warranty
LIMITED LIFETIME WARRANTY
Product Type
KITCHEN FAUCETS
Style
TRANSITIONAL
Hole Configuration
2
Mounting Location
DECK
Installation Type
DECK
Shape
C-SPOUT"
https://houseofrohl.com/holborn-single-hole-kitchen-faucet-with-c-spout-and-sidespray-polished-chrome-with-metal-lever-handle-u-4846ls-apc-2/,Holborn™ Kitchen Faucet With Side Spray - Polished Chrome | Model Number: U.4846LS-APC-2,U4846LSAPC2,685333484606,"FEATURES
Add a touch of whimsy to your kitchen with this beautifully crafted kitchen faucet
Flow rate of 1.8 GPM/6.8 LPM at 60 PSI for effective cleaning while optimizing water usage
Swivel spout rotates for greater sink accessibility
Matching Bar/Food Prep kitchen faucet is available
Solid brass construction delivers the utmost in beauty, durability and long-lasting performance
Ceramic disc cartridge for durability and long-lasting performance
Sidespray allows for greater sink accessibility
2-hole installation
Water activates by pushing handle inwards toward spout
Unlacquered Brass is a living finish that naturally age over time and develop a patina unique to its environment. Returns based on finish will not be accepted.
RELATED PRODUCTS",https://cdn11.bigcommerce.com/s-80sqzb3h0c/images/stencil/600x600/products/104554/115022/m94gneni79vbn4ej597z__75083.1652162753.jpg?c=1,"Warranted Finish
YES
Warranty
LIMITED LIFETIME WARRANTY
Product Type
KITCHEN FAUCETS
Style
TRANSITIONAL
Hole Configuration
2
Mounting Location
DECK
Installation Type
DECK
Shape
C-SPOUT"
https://houseofrohl.com/lux-contemporary-c-spout-hot-water-faucet-tank-and-filter-kit-polished-chrome-with-metal-lever-handle-gkit7545lmapc-2/,"Lux™ Hot Water Dispenser, Tank And Filter Kit - Polished Chrome | Model Number: GKIT7545LMAPC-2",GKIT7545LMAPC2,824438361157,"FEATURES
Dedicated energy-saving hot water dispenser is ideal for preparation of hot drinks, thawing frozen vegetables and cleaning grease
Kit includes U.1998 hot water tank, G7545LM-2 hot water faucet, U.1106 hot water filter
Filtered water .5 GPM/1.9 LPM at 45 PSI
Solid brass construction delivers the utmost in beauty, durability and long-lasting performance
Not compatible with ISE tanks
Unlacquered Brass and Tuscan Brass are living finishes that naturally age over time and develop a patina unique to its environment. Returns based on finish will not be accepted.
Handle may only be installed on the right side.
RELATED PRODUCTS",https://cdn11.bigcommerce.com/s-80sqzb3h0c/images/stencil/600x600/products/104762/115178/mtabqxzumuytqbqv58mq__59479.1652162930.jpg?c=1,"Room
KITCHEN
Warranted Finish
YES
Warranty
5-YEAR LIMITED WARRANTY
Product Type
HOT WATER DISPENSER
Style
MODERN
Hole Configuration
1
Mounting Location
DECK
Installation Type
SINGLE HOLE"
https://houseofrohl.com/lux-c-spout-filter-faucet-polished-chrome-with-metal-lever-handle-r7517apc/,Lux™ Filter Kitchen Faucet - Polished Chrome | Model Number: R7517APC,R7517APC,824438386600,"FEATURES
Enjoy clean filtered water next to your primary kitchen faucet for a trusted source of drinking water
Spout swivels for easy access
Filtered water .5 GPM/1.9 LPM at 45 PSI
Designed to work with our HRK-2000 filtration system, sold separately
Solid brass construction delivers the utmost in beauty, durability and long-lasting performance
Solid stainless steel construction delivers the utmost in beauty, durability and long-lasting performance for Brushed Stainless Steel finish
Ceramic disc cartridge for durability and long-lasting performance
Not suitable for R.O. systems or instant hot systems
Unlacquered Brass and Tuscan Brass are living finishes that naturally age over time and develop a patina unique to its environment. Returns based on finish will not be accepted.
RELATED PRODUCTS",https://cdn11.bigcommerce.com/s-80sqzb3h0c/images/stencil/600x600/products/104769/115160/e3lgssel3ybyztqbgdbh__88890.1652162924.jpg?c=1,"Room
KITCHEN
Warranted Finish
YES
Warranty
LIMITED LIFETIME WARRANTY
Product Type
FILTRATION
Style
MODERN
Hole Configuration
1
Mounting Location
DECK
Installation Type
SINGLE HOLE"
https://houseofrohl.com/lux-c-spout-filter-faucet-polished-chrome-with-metal-lever-handle-rkit7517apc/,Lux™ Filter Kitchen Faucet Kit - Polished Chrome | Model Number: RKIT7517APC,RKIT7517APC,824438386662,"FEATURES
Enjoy clean filtered water next to your primary kitchen faucet for a trusted source of drinking water
Spout swivels for easy access
Filtered water .5 GPM/1.9 LPM at 45 PSI
Solid brass construction delivers the utmost in beauty, durability and long-lasting performance
Ceramic disc cartridge for durability and long-lasting performance
Not suitable for R.O. systems or instant hot systems
Top of the line 0.2-micron ceramic filter and active carbon material
Yields reduced PFA’s, lead, heavy metals, bacteria, foul taste and odor
Unlacquered Brass and Tuscan Brass are living finishes that naturally age over time and develop a patina unique to its environment. Returns based on finish will not be accepted.
RELATED PRODUCTS",https://cdn11.bigcommerce.com/s-80sqzb3h0c/images/stencil/600x600/products/104774/115161/wawbgak1pcqaaxubctif__34790.1652162924.jpg?c=1,"Room
KITCHEN
Warranted Finish
YES
Warranty
LIMITED LIFETIME WARRANTY
Product Type
FILTRATION
Style
MODERN
Hole Configuration
2
Mounting Location
DECK
Installation Type
SINGLE HOLE"
https://houseofrohl.com/lux-pulldown-bar-and-food-prep-faucet-polished-chrome-with-metal-lever-handle-r7515slmapc-2/,DISCONTINUED Lux™ Pull-Down Bar/Food Prep Kitchen Faucet - Polished Chrome | Model Number: R7515SLMAPC-2,R7515SLMAPC2,824438388406,"FEATURES
Dual-spray functionality with ability to toggle between stream and spray settings
Retractable pull-down handspray with secure docking system
Silent braided nylon hose reduces friction between pull-down hose and faucet spout for quieter operation
Flow rate of 1.8 GPM/6.7 LPM at 60 PSI for effective cleaning
Ceramic disc cartridge for durability and long-lasting performance
Matching kitchen faucet MB7515 is available
Solid brass construction delivers the utmost in beauty, durability and long-lasting performance
RELATED PRODUCTS",https://cdn11.bigcommerce.com/s-80sqzb3h0c/images/stencil/600x600/products/104777/115117/b0zqwdoba9hek8d7twib__53271.1652162907.jpg?c=1,"Warranted Finish
YES
Warranty
LIMITED LIFETIME WARRANTY
Product Type
BAR/FOOD PREP FAUCETS
Style
MODERN
Hole Configuration
1
Mounting Location
DECK
Installation Type
SINGLE HOLE
Shape
C-SPOUT"
https://houseofrohl.com/modern-lux-pulldown-bar-and-food-prep-faucet-polished-chrome-with-metal-lever-handle-r7581slmapc-2/,Lux™ Pull-Down Bar/Food Prep Kitchen Faucet - Polished Chrome | Model Number: R7581SLMAPC-2,R7581SLMAPC2,824438393004,"FEATURES
Dual-spray functionality with ability to toggle between stream and spray settings
Retractable pull-down handspray with secure docking system
Silent braided nylon hose reduces friction between pull-down hose and faucet spout for quieter operation
Flow rate of 1.8 GPM/6.8 LPM at 60 PSI for effective cleaning
Solid brass construction delivers the utmost in beauty, durability and long-lasting performance
Ceramic disc cartridge for durability and long-lasting performance
All necessary mounting hardware included
Requires 2 1/2"" clearance from backsplash to center of faucet hole
RELATED PRODUCTS",https://cdn11.bigcommerce.com/s-80sqzb3h0c/images/stencil/600x600/products/104786/115123/um3surbbbtzc4fbnjy3c__63524.1652162910.jpg?c=1,"Warranted Finish
YES
Warranty
LIMITED LIFETIME WARRANTY
Product Type
BAR/FOOD PREP FAUCETS
Style
MODERN
Hole Configuration
1
Mounting Location
DECK
Installation Type
SINGLE HOLE
Shape
C-SPOUT"
https://houseofrohl.com/modern-lux-pulldown-bar-and-food-prep-faucet-stainless-steel-with-metal-lever-handle-r7581slmss-2/,Lux™ Pull-Down Bar/Food Prep Kitchen Faucet - Stainless Steel | Model Number: R7581SLMSS-2,R7581SLMSS2,824438393035,"FEATURES
Dual-spray functionality with ability to toggle between stream and spray settings
Retractable pull-down handspray with secure docking system
Silent braided nylon hose reduces friction between pull-down hose and faucet spout for quieter operation
Flow rate of 1.8 GPM/6.8 LPM at 60 PSI for effective cleaning
Solid brass construction delivers the utmost in beauty, durability and long-lasting performance
Ceramic disc cartridge for durability and long-lasting performance
All necessary mounting hardware included
Requires 2 1/2"" clearance from backsplash to center of faucet hole
RELATED PRODUCTS",https://cdn11.bigcommerce.com/s-80sqzb3h0c/images/stencil/600x600/products/104790/115126/aktdbgbsdhqb69xmebsk__90600.1652162911.jpg?c=1,"Warranted Finish
YES
Warranty
LIMITED LIFETIME WARRANTY
Product Type
BAR/FOOD PREP FAUCETS
Style
MODERN
Hole Configuration
1
Mounting Location
DECK
Installation Type
SINGLE HOLE
Shape
C-SPOUT"
https://houseofrohl.com/lux-contemporary-c-spout-hot-water-faucet-polished-chrome-with-metal-lever-handle-g7545lmapc-2/,Lux™ Hot Water Dispenser - Polished Chrome | Model Number: G7545LMAPC-2,G7545LMAPC2,824438345607,"FEATURES
Dedicated energy-saving hot water dispenser is ideal for preparation of hot drinks, thawing frozen vegetables and cleaning grease
Hot water .5 GPM/1.9 LPM at 45 PSI
Solid brass construction delivers the utmost in beauty, durability and long-lasting performance
Only compatible with the Perrin & Rowe U.1998 high performance hot water tank and U.1106 filter system
Does not work with ISE tank systems
Unlacquered Brass and Tuscan Brass are living finishes that naturally age over time and develop a patina unique to its environment. Returns based on finish will not be accepted.
Handle may only be installed on the right side.
RELATED PRODUCTS",https://cdn11.bigcommerce.com/s-80sqzb3h0c/images/stencil/600x600/products/104796/115189/bdpifqttcktgdlafvfq7__68717.1652162938.jpg?c=1,"Room
KITCHEN
Warranted Finish
YES
Warranty
5-YEAR LIMITED WARRANTY
Product Type
HOT WATER DISPENSER
Style
MODERN
Hole Configuration
1
Mounting Location
DECK
Installation Type
SINGLE HOLE"
https://houseofrohl.com/pirellone-side-lever-bar-and-food-prep-faucet-polished-chrome-with-metal-lever-handle-ls53l-apc-2/,Pirellone™ Bar/Food Prep Kitchen Faucet - Polished Chrome | Model Number: LS53L-APC-2,LS53LAPC2,824438202856,"FEATURES
Swivel spout rotates for greater sink accessibility
Solid brass construction delivers the utmost in beauty, durability and long-lasting performance
Ceramic disc cartridge for durability and long-lasting performance
Flow rate of 1.8 GPM/6.8 LPM at 60 PSI for effective cleaning
All necessary mounting hardware included
Requires 2 1/2"" clearance from backsplash
RELATED PRODUCTS",https://cdn11.bigcommerce.com/s-80sqzb3h0c/images/stencil/600x600/products/104800/115089/hfvfmvaiz2gkdotf82oq__78404.1652162849.jpg?c=1,"Warranted Finish
YES
Warranty
LIMITED LIFETIME WARRANTY
Product Type
BAR/FOOD PREP FAUCETS
Style
MODERN
Hole Configuration
1
Mounting Location
DECK
Installation Type
SINGLE HOLE
Shape
C-SPOUT"
https://houseofrohl.com/pirellone-side-lever-pro-pulldown-kitchen-faucet-polished-chrome-with-metal-lever-handle-ls64l-apc-2/,Pirellone™ Pre-Rinse Pull-Down Kitchen Faucet - Polished Chrome | Model Number: LS64L-APC-2,LS64LAPC2,824438202917,"FEATURES
Dual-spray functionality with ability to toggle between stream and spray settings
Commercial-style coil spring design faucet enables a more flexible spout
Flow rate of 1.8 GPM/6.8 LPM at 60 PSI for effective cleaning while optimizing water usage
Swivel spout rotates for greater sink accessibility
Matching Bar/Food Prep kitchen faucet is available
Easy-docking feature is a chef's dream
Ceramic disc cartridge for durability and long-lasting performance
Requires 2 1/2"" clearance from backsplash to center of faucet hole
RELATED PRODUCTS",https://cdn11.bigcommerce.com/s-80sqzb3h0c/images/stencil/600x600/products/104807/115236/u2hm9d0bb1ykwswb965s__56470.1652162973.jpg?c=1,"Warranted Finish
YES
Warranty
LIMITED LIFETIME WARRANTY
Product Type
PULL-OUT/PULL-DOWN FAUCETS
Style
MODERN
Hole Configuration
1
Mounting Location
DECK
Installation Type
SINGLE HOLE
Shape
C-SPOUT"
https://houseofrohl.com/pirellone-side-lever-pulldown-high-spout-kitchen-faucet-polished-chrome-with-metal-lever-handle-ls57l-apc-2/,DISCONTINUED Pirellone™ Tall Pull-Down Kitchen Faucet - Polished Chrome | Model Number: LS57L-APC-2,LS57LAPC2,824438202887,"FEATURES
Dual-spray functionality with ability to toggle between stream and spray settings
Flow rate of 1.8 GPM/6.8 LPM at 60 PSI for effective cleaning while optimizing water usage
Retractable pull-down metal handspray with secure docking system
Swivel spout rotates for greater sink accessibility
Matching Bar/Food Prep kitchen faucet is available
Pulldown hose is Polished Chrome on all faucet finishes, other hose finishes are not available
Ceramic disc cartridge for durability and long-lasting performance
Requires 2 1/2"" clearance from backsplash to center of faucet hole
RELATED PRODUCTS",https://cdn11.bigcommerce.com/s-80sqzb3h0c/images/stencil/600x600/products/104805/115240/bc6oqqgzrm9njsz8vmvm__00515.1652162976.jpg?c=1,"Room
KITCHEN
Warranted Finish
YES
Warranty
LIMITED LIFETIME WARRANTY
Product Type
PULL-OUT/PULL-DOWN FAUCETS
Style
MODERN
Hole Configuration
1
Mounting Location
DECK
Installation Type
SINGLE HOLE"
https://houseofrohl.com/modern-lux-pulldown-kitchen-faucet-stainless-steel-with-metal-lever-handle-r7581lmss-2/,Lux™ Pull-Down Kitchen Faucet - Stainless Steel | Model Number: R7581LMSS-2,R7581LMSS2,824438392984,"FEATURES
Dual-spray functionality with ability to toggle between stream and spray settings
Flow rate of 1.8 GPM/6.8 LPM at 60 PSI for effective cleaning while optimizing water usage
Retractable pull-down metal handspray with secure docking system
Swivel spout rotates for greater sink accessibility
Matching Bar/Food Prep kitchen faucet is available
Nylon braided hose delivers quieter functionality
Solid brass construction delivers the utmost in beauty, durability and long-lasting performance
Ceramic disc cartridge for durability and long-lasting performance
Requires 2 1/2"" clearance from backsplash to center of faucet hole
RELATED PRODUCTS",https://cdn11.bigcommerce.com/s-80sqzb3h0c/images/stencil/600x600/products/104811/115284/a7xocnf0rfzktqpfewuu__76912.1652163064.jpg?c=1,"Warranted Finish
YES
Warranty
LIMITED LIFETIME WARRANTY
Product Type
PULL-OUT/PULL-DOWN FAUCETS
Style
MODERN
Hole Configuration
1
Mounting Location
DECK
Installation Type
SINGLE HOLE
Shape
C-SPOUT"
https://houseofrohl.com/modern-lux-pulldown-kitchen-faucet-polished-chrome-with-metal-lever-handle-r7581lmapc-2/,Lux™ Pull-Down Kitchen Faucet - Polished Chrome | Model Number: R7581LMAPC-2,R7581LMAPC2,824438392953,"FEATURES
Dual-spray functionality with ability to toggle between stream and spray settings
Flow rate of 1.8 GPM/6.8 LPM at 60 PSI for effective cleaning while optimizing water usage
Retractable pull-down metal handspray with secure docking system
Swivel spout rotates for greater sink accessibility
Matching Bar/Food Prep kitchen faucet is available
Nylon braided hose delivers quieter functionality
Solid brass construction delivers the utmost in beauty, durability and long-lasting performance
Ceramic disc cartridge for durability and long-lasting performance
Requires 2 1/2"" clearance from backsplash to center of faucet hole
RELATED PRODUCTS",https://cdn11.bigcommerce.com/s-80sqzb3h0c/images/stencil/600x600/products/104820/115281/wa41rvih8bl759zgw9is__00668.1652163063.jpg?c=1,"Warranted Finish
YES
Warranty
LIMITED LIFETIME WARRANTY
Product Type
PULL-OUT/PULL-DOWN FAUCETS
Style
MODERN
Hole Configuration
1
Mounting Location
DECK
Installation Type
SINGLE HOLE
Shape
C-SPOUT"
https://houseofrohl.com/pirellone-pulldown-side-lever-kitchen-faucet-polished-chrome-with-metal-lever-handle-cy57l-apc-2/,Pirellone™ Pull-Down Kitchen Faucet - Polished Chrome | Model Number: CY57L-APC-2,CY57LAPC2,824438315891,"FEATURES
Dual-spray functionality with ability to toggle between stream and spray settings
Flow rate of 1.8 GPM/6.8 LPM at 60 PSI for effective cleaning while optimizing water usage
Retractable pull-down metal handspray with secure docking system
Swivel spout rotates for greater sink accessibility
Matching Bar/Food Prep kitchen faucet is available
Nylon braided hose delivers quieter functionality
Ceramic disc cartridge for durability and long-lasting performance
Requires 2 1/2"" clearance from backsplash to center of faucet hole
RELATED PRODUCTS",https://cdn11.bigcommerce.com/s-80sqzb3h0c/images/stencil/600x600/products/104823/115299/hsmrap0owms4sjcwmw4j__34703.1652163069.jpg?c=1,"Warranted Finish
YES
Warranty
LIMITED LIFETIME WARRANTY
Product Type
PULL-OUT/PULL-DOWN FAUCETS
Style
MODERN
Hole Configuration
1
Mounting Location
DECK
Installation Type
SINGLE HOLE
Shape
C-SPOUT"
https://houseofrohl.com/pirellone-2-lever-pulldown-kitchen-faucet-polished-chrome-with-metal-lever-handle-cy657l-apc-2/,Pirellone™ Two Handle Pull-Down Kitchen Faucet - Polished Chrome | Model Number: CY657L-APC-2,CY657LAPC2,824438375741,"FEATURES
Dual-spray functionality with ability to toggle between stream and spray settings
Flow rate of 1.8 GPM/6.8 LPM at 60 PSI for effective cleaning while optimizing water usage
Retractable pull-down metal handspray with secure docking system
Swivel spout rotates for greater sink accessibility
Matching Bar/Food Prep kitchen faucet is available
Nylon braided hose delivers quieter functionality
Ceramic disc cartridge for durability and long-lasting performance
RELATED PRODUCTS",https://cdn11.bigcommerce.com/s-80sqzb3h0c/images/stencil/600x600/products/104833/115303/ma1vx3zu8ybvtb5du96s__21062.1652163070.jpg?c=1,"Warranted Finish
YES
Warranty
LIMITED LIFETIME WARRANTY
Product Type
PULL-OUT/PULL-DOWN FAUCETS
Style
MODERN
Hole Configuration
1
Mounting Location
DECK
Installation Type
SINGLE HOLE
Shape
C-SPOUT"
https://houseofrohl.com/lombardia-pulldown-bar-and-food-prep-faucet-polished-chrome-with-metal-lever-handle-a3430slmapc-2/,Lombardia® Pull-Down Bar/Food Prep Kitchen Faucet - Polished Chrome | Model Number: A3430SLMAPC-2,A3430SLMAPC2,824438386440,"FEATURES
Dual-spray functionality with ability to toggle between stream and spray settings
Retractable pull-down handspray with secure docking system
Silent braided nylon hose reduces friction between pull-down hose and faucet spout for quieter operation
Flow rate of 1.8 GPM/6.8 LPM at 60 PSI for effective cleaning
Solid brass construction delivers the utmost in beauty, durability and long-lasting performance
Ceramic disc cartridge for durability and long-lasting performance
All necessary mounting hardware included
Requires 2 1/2"" clearance from backsplash to center of faucet hole
Water activates by pushing handle inwards toward spout
Unlacquered Brass and Tuscan Brass are living finishes that naturally age over time and develop a patina unique to its environment. Returns based on finish will not be accepted.
RELATED PRODUCTS",https://cdn11.bigcommerce.com/s-80sqzb3h0c/images/stencil/600x600/products/104846/124212/7cf7a1f7796f5ff9360f49f739e04cfcce9eb3db__22647.1779351761.jpg?c=1,"Warranted Finish
YES
Warranty
LIMITED LIFETIME WARRANTY
Product Type
BAR/FOOD PREP FAUCETS
Style
TRANSITIONAL
Hole Configuration
1
Mounting Location
DECK
Installation Type
SINGLE HOLE
Shape
C-SPOUT"
https://houseofrohl.com/lombardia-pulldown-kitchen-faucet-polished-chrome-with-metal-lever-handle-a3430lmapc-2/,Lombardia® Pull-Down Kitchen Faucet - Polished Chrome | Model Number: A3430LMAPC-2,A3430LMAPC2,824438327252,"FEATURES
Dual-spray functionality with ability to toggle between stream and spray settings
Flow rate of 1.8 GPM/6.8 LPM at 60 PSI for effective cleaning while optimizing water usage
Retractable pull-down metal handspray with secure docking system
Swivel spout rotates for greater sink accessibility
Matching Bar/Food Prep kitchen faucet is available
Nylon braided hose delivers quieter functionality
Ceramic disc cartridge for durability and long-lasting performance
Requires 2 1/2"" clearance from backsplash to center of faucet hole
Water activates by pushing handle inwards toward spout
Unlacquered Brass and Tuscan Brass are living finishes that naturally age over time and develop a patina unique to its environment. Returns based on finish will not be accepted.
RELATED PRODUCTS",https://cdn11.bigcommerce.com/s-80sqzb3h0c/images/stencil/600x600/products/104852/115294/snrkimwbir7fh4y71nlq__33879.1652163067.jpg?c=1,"Warranted Finish
YES
Warranty
LIMITED LIFETIME WARRANTY
Product Type
PULL-OUT/PULL-DOWN FAUCETS
Style
TRANSITIONAL
Hole Configuration
1
Mounting Location
DECK
Installation Type
SINGLE HOLE
Shape
C-SPOUT"
https://houseofrohl.com/edwardian-column-spout-hot-water-faucet-tank-and-filter-kit-polished-chrome-with-metal-lever-handle-u-kit1323ls-apc-2/,"Edwardian™ Hot Water Dispenser, Tank And Filter Kit - Polished Chrome | Model Number: U.KIT1323LS-APC-2",UKIT1323LSAPC2,824438360587,"FEATURES
Dedicated energy-saving hot water dispenser is ideal for preparation of hot drinks, thawing frozen vegetables and cleaning grease
Kit includes U.1998 hot water tank, U.1323LS hot water faucet, U.1106 hot water filter
Filtered water .5 GPM/1.9 LPM at 45 PSI
Swivel spout for ease of filling containers
Solid brass construction delivers the utmost in beauty, durability and long-lasting performance
Not compatible with ISE tanks
Unlacquered Brass is a living finish that naturally age over time and develop a patina unique to its environment. Returns based on finish will not be accepted.
Handle may only be installed on the right side.
RELATED PRODUCTS",https://cdn11.bigcommerce.com/s-80sqzb3h0c/images/stencil/600x600/products/105815/129630/29319b2e54f04fe23f78f2fcad96712e74b3efe9__98264.1779367377.jpg?c=1,"Warranted Finish
YES
Warranty
5-YEAR LIMITED WARRANTY ON FAUCET AND 3 YEARS ON TANK
Product Type
HOT WATER DISPENSER
Style
TRADITIONAL
Hole Configuration
1
Mounting Location
DECK
Installation Type
SINGLE HOLE
Shape
COLUMN SPOUT"
https://houseofrohl.com/georgian-era-c-spout-hot-water-faucet-tank-and-filter-kit-polished-chrome-with-metal-lever-handle-u-kit1307ls-apc-2/,"Georgian Era™ Hot Water Dispenser, Tank And Filter Kit - Polished Chrome | Model Number: U.KIT1307LS-APC-2",UKIT1307LSAPC2,824438360648,"FEATURES
Dedicated energy-saving hot water dispenser is ideal for preparation of hot drinks, thawing frozen vegetables and cleaning grease
Kit includes U.1998 hot water tank, U.1307LS hot water faucet, U.1106 hot water filter
Filtered water .5 GPM/1.9 LPM at 45 PSI
Swivel spout for ease of filling containers
Solid brass construction delivers the utmost in beauty, durability and long-lasting performance
Not compatible with ISE tanks
Unlacquered Brass is a living finish that naturally age over time and develop a patina unique to its environment. Returns based on finish will not be accepted.
Handle may only be installed on the right side.
RELATED PRODUCTS",https://cdn11.bigcommerce.com/s-80sqzb3h0c/images/stencil/600x600/products/105823/114431/snebe3vk9h3dkem9pny5__96400.1652162527.jpg?c=1,"Warranted Finish
YES
Warranty
5-YEAR LIMITED WARRANTY ON FAUCET AND 3 YEARS ON TANK
Product Type
HOT WATER DISPENSER
Style
TRADITIONAL
Hole Configuration
1
Mounting Location
DECK
Installation Type
SINGLE HOLE
Shape
C-SPOUT"
https://houseofrohl.com/edwardian-column-spout-filter-faucet-polished-chrome-with-metal-lever-handle-u-1621l-apc-2/,Edwardian™ Filter Kitchen Faucet - Polished Chrome | Model Number: U.1621L-APC-2,U1621LAPC2,685333700751,"FEATURES
Enjoy clean filtered water next to your primary kitchen faucet for a trusted source of drinking water
Spout swivels for easy access
Filtered water .5 GPM/1.9 LPM at 45 PSI
Designed to work with our HRK-2000 filtration system, sold separately
Solid brass construction delivers the utmost in beauty, durability and long-lasting performance
Ceramic disc cartridge for durability and long-lasting performance
Not suitable for R.O. systems or instant hot systems
Unlacquered Brass is a living finish that naturally age over time and develop a patina unique to its environment. Returns based on finish will not be accepted.
RELATED PRODUCTS",https://cdn11.bigcommerce.com/s-80sqzb3h0c/images/stencil/600x600/products/105836/125101/3d57f5a311a8addf1dc60dff2daba5d3024a9e47__96301.1779352760.jpg?c=1,"Warranted Finish
YES
Warranty
LIMITED LIFETIME WARRANTY
Product Type
FILTRATION
Style
TRADITIONAL
Hole Configuration
1
Mounting Location
DECK
Installation Type
SINGLE HOLE
Shape
COLUMN SPOUT"
https://houseofrohl.com/edwardian-column-spout-filter-faucet-polished-chrome-with-metal-lever-handle-u-kit1621l-apc-2/,Edwardian™ Filter Kitchen Faucet Kit - Polished Chrome | Model Number: U.KIT1621L-APC-2,UKIT1621LAPC2,824438211643,"FEATURES
Enjoy clean filtered water next to your primary kitchen faucet for a trusted source of drinking water
Spout swivels for easy access
Filtered water .5 GPM/1.9 LPM at 45 PSI
Solid brass construction delivers the utmost in beauty, durability and long-lasting performance
Ceramic disc cartridge for durability and long-lasting performance
Not suitable for R.O. systems or instant hot systems
Top of the line 0.2-micron ceramic filter and active carbon material
Yields reduced PFA’s, lead, heavy metals, bacteria, foul taste and odor
Unlacquered Brass is a living finish that naturally age over time and develop a patina unique to its environment. Returns based on finish will not be accepted.
RELATED PRODUCTS",https://cdn11.bigcommerce.com/s-80sqzb3h0c/images/stencil/600x600/products/105855/129388/a10342dcfa9a2397f2c9b6bd93dff5b3bcd72425__72476.1779367101.jpg?c=1,"Warranted Finish
YES
Warranty
LIMITED LIFETIME WARRANTY
Product Type
FILTRATION
Style
TRADITIONAL
Hole Configuration
1
Mounting Location
DECK
Installation Type
DECK
Shape
COLUMN SPOUT"
https://houseofrohl.com/georgian-era-filtration-3-lever-bar-and-food-prep-faucet-polished-chrome-with-metal-lever-handle-u-1220ls-apc-2/,Georgian Era™ Three Handle Bar/Food Prep Filter Kitchen Faucet - Polished Chrome | Model Number: U.1220LS-APC-2,U1220LSAPC2,685333122003,"FEATURES
Enjoy the convenience of clean filtered water integrated with your bar faucet
Filtered water flows at 0.5 GPM/1.9 LPM at 45 PSI while hot/cold water at 1.5 GPM/5.69 LPM
Designed to work with our HRK-2000 filtration system, sold separately
Solid brass construction delivers the utmost in beauty, durability and long-lasting performance
Ceramic disc cartridge for durability and long-lasting performance
Not suitable for R.O. systems or instant hot systems
Unlacquered Brass is a living finish that naturally age over time and develop a patina unique to its environment. Returns based on finish will not be accepted.
RELATED PRODUCTS",https://cdn11.bigcommerce.com/s-80sqzb3h0c/images/stencil/600x600/products/105870/100870/ehgnoxrcqldt0xk8yydu__56644.1652153940.jpg?c=1,"Warranted Finish
YES
Warranty
LIMITED LIFETIME WARRANTY
Product Type
FILTRATION
Style
TRADITIONAL
Hole Configuration
1
Mounting Location
DECK
Installation Type
SINGLE HOLE
Shape
C-SPOUT"
https://houseofrohl.com/georgian-era-filtration-3-lever-bar-and-food-prep-faucet-polished-chrome-with-metal-lever-handle-u-kit1220ls-apc-2/,Georgian Era™ Three Handle Bar/Food Prep Filter Kitchen Faucet Kit - Polished Chrome | Model Number: U.KIT1220LS-APC-2,UKIT1220LSAPC2,824438230057,"FEATURES
Enjoy the convenience of clean filtered water integrated with your bar faucet
Kit includes U.1220LS faucet and HRK-2000 inline filter system complete with cartridge
Filtered water flows at 0.5 GPM/1.9 LPM at 45 PSI while hot/cold water at 1.5 GPM/5.69 LPM
Solid brass construction delivers the utmost in beauty, durability and long-lasting performance
Ceramic disc cartridge for durability and long-lasting performance
Not suitable for R.O. systems or instant hot systems
Top of the line 0.2-micron ceramic filter and active carbon material
Yields reduced PFA’s, lead, heavy metals, bacteria, foul taste and odor
Unlacquered Brass is a living finish that naturally age over time and develop a patina unique to its environment. Returns based on finish will not be accepted.
RELATED PRODUCTS",https://cdn11.bigcommerce.com/s-80sqzb3h0c/images/stencil/600x600/products/105867/100863/slw9fuj5gb3zmj0jbkgs__09873.1652153938.jpg?c=1,"Warranted Finish
YES
Warranty
LIMITED LIFETIME WARRANTY
Product Type
FILTRATION
Style
TRADITIONAL
Hole Configuration
1
Mounting Location
DECK
Installation Type
SINGLE HOLE
Shape
C-SPOUT"
https://houseofrohl.com/georgian-era-c-spout-filter-faucet-polished-chrome-with-metal-lever-handle-u-kit1625l-apc-2/,Georgian Era™ Filter Kitchen Faucet Kit - Polished Chrome | Model Number: U.KIT1625L-APC-2,UKIT1625LAPC2,824438271067,"FEATURES
Enjoy clean filtered water next to your primary kitchen faucet for a trusted source of drinking water
Spout swivels for easy access
Filtered water .5 GPM/1.9 LPM at 45 PSI
Solid brass construction delivers the utmost in beauty, durability and long-lasting performance
Ceramic disc cartridge for durability and long-lasting performance
Not suitable for R.O. systems or instant hot systems
Top of the line 0.2-micron ceramic filter and active carbon material
Yields reduced PFA’s, lead, heavy metals, bacteria, foul taste and odor
Unlacquered Brass is a living finish that naturally age over time and develop a patina unique to its environment. Returns based on finish will not be accepted.
RELATED PRODUCTS",https://cdn11.bigcommerce.com/s-80sqzb3h0c/images/stencil/600x600/products/105878/114407/ekqjk7xwzlzfcolz0lrz__81050.1652162518.jpg?c=1,"Warranted Finish
YES
Warranty
LIMITED LIFETIME WARRANTY
Product Type
FILTRATION
Style
TRADITIONAL
Hole Configuration
1
Mounting Location
DECK
Installation Type
SINGLE HOLE
Shape
C-SPOUT"
https://houseofrohl.com/georgian-era-c-spout-filter-faucet-polished-chrome-with-metal-lever-handle-u-1625l-apc-2/,Georgian Era™ Filter Kitchen Faucet - Polished Chrome | Model Number: U.1625L-APC-2,U1625LAPC2,685333162504,"FEATURES
Enjoy clean filtered water next to your primary kitchen faucet for a trusted source of drinking water
Spout swivels for easy access
Filtered water .5 GPM/1.9 LPM at 45 PSI
Designed to work with our HRK-2000 filtration system, sold separately
Solid brass construction delivers the utmost in beauty, durability and long-lasting performance
Ceramic disc cartridge for durability and long-lasting performance
Not suitable for R.O. systems or instant hot systems
Unlacquered Brass is a living finish that naturally age over time and develop a patina unique to its environment. Returns based on finish will not be accepted.
RELATED PRODUCTS",https://cdn11.bigcommerce.com/s-80sqzb3h0c/images/stencil/600x600/products/105888/114406/sxcndv1qnr74hskk9ep6__88557.1652162518.jpg?c=1,"Warranted Finish
YES
Warranty
LIMITED LIFETIME WARRANTY
Product Type
FILTRATION
Style
TRADITIONAL
Hole Configuration
1
Mounting Location
DECK
Installation Type
SINGLE HOLE
Shape
C-SPOUT"
https://houseofrohl.com/edwardian-column-spout-hot-water-faucet-polished-chrome-with-metal-lever-handle-u-1323ls-apc-2/,Edwardian™ Hot Water Dispenser - Polished Chrome | Model Number: U.1323LS-APC-2,U1323LSAPC2,824438348233,"FEATURES
Dedicated energy-saving hot water dispenser is ideal for preparation of hot drinks, thawing frozen vegetables and cleaning grease
Hot water .5 GPM/1.9 LPM at 45 PSI
Solid brass construction delivers the utmost in beauty, durability and long-lasting performance
Only compatible with the Perrin & Rowe U.1998 high performance hot water tank and U.1106 filter system
Does not work with ISE tank systems
Unlacquered Brass is a living finish that naturally age over time and develop a patina unique to its environment. Returns based on finish will not be accepted.
Handle may only be installed on the right side.
RELATED PRODUCTS",https://cdn11.bigcommerce.com/s-80sqzb3h0c/images/stencil/600x600/products/105898/122258/f42822420d85239f7fef976c4bc785db0a8e0194__30547.1779349537.jpg?c=1,"Warranted Finish
YES
Warranty
5-YEAR LIMITED WARRANTY
Product Type
HOT WATER DISPENSER
Style
TRADITIONAL
Hole Configuration
1
Mounting Location
DECK
Installation Type
SINGLE HOLE
Shape
COLUMN SPOUT"
https://houseofrohl.com/georgian-era-c-spout-hot-water-faucet-polished-chrome-with-metal-lever-handle-u-1307ls-apc-2/,Georgian Era™ Hot Water Dispenser - Polished Chrome | Model Number: U.1307LS-APC-2,U1307LSAPC2,824438348295,"FEATURES
Dedicated energy-saving hot water dispenser is ideal for preparation of hot drinks, thawing frozen vegetables and cleaning grease
Hot water .5 GPM/1.9 LPM at 45 PSI
Solid brass construction delivers the utmost in beauty, durability and long-lasting performance
Only compatible with the Perrin & Rowe U.1998 high performance hot water tank and U.1106 filter system
Does not work with ISE tank systems
Unlacquered Brass is a living finish that naturally age over time and develop a patina unique to its environment. Returns based on finish will not be accepted.
Handle may only be installed on the right side.
RELATED PRODUCTS",https://cdn11.bigcommerce.com/s-80sqzb3h0c/images/stencil/600x600/products/105907/114445/ggswdjjxnimbu4faenl0__89574.1652162532.jpg?c=1,"Warranted Finish
YES
Warranty
5-YEAR LIMITED WARRANTY
Product Type
HOT WATER DISPENSER
Style
TRADITIONAL
Hole Configuration
1
Mounting Location
DECK
Installation Type
SINGLE HOLE
Shape
C-SPOUT"
https://houseofrohl.com/edwardian-single-hole-bar-and-food-prep-faucet-with-lever-handles-polished-chrome-with-metal-lever-handle-u-4759apc-2/,Edwardian™ Two Handle Bar/Food Prep Kitchen Faucet - Polished Chrome | Model Number: U.4759APC-2,U4759APC2,685333706814,"FEATURES
Swivel spout rotates for greater sink accessibility
Solid brass construction delivers the utmost in beauty, durability and long-lasting performance
Ceramic disc cartridge for durability and long-lasting performance
Flow rate of 1.8 GPM/6.8 LPM at 60 PSI for effective cleaning
All necessary mounting hardware included
Water activates by pushing handle inwards toward spout
Unlacquered Brass is a living finish that naturally age over time and develop a patina unique to its environment. Returns based on finish will not be accepted.
RELATED PRODUCTS",https://cdn11.bigcommerce.com/s-80sqzb3h0c/images/stencil/600x600/products/105913/129209/3d34c2062f5f532e61db4c88301d0a312dd47c63__64108.1779366913.jpg?c=1,"Warranted Finish
YES
Warranty
LIMITED LIFETIME WARRANTY
Product Type
BAR/FOOD PREP FAUCETS
Style
TRADITIONAL
Hole Configuration
1
Mounting Location
DECK
Installation Type
SINGLE HOLE
Shape
COLUMN SPOUT"
https://houseofrohl.com/edwardian-single-lever-single-hole-bar-and-food-prep-faucet-polished-chrome-with-metal-lever-handle-u-4739apc-2/,Edwardian™ Bar/Food Prep Kitchen Faucet - Polished Chrome | Model Number: U.4739APC-2,U4739APC2,685333706166,"FEATURES
Swivel spout rotates for greater sink accessibility
Solid brass construction delivers the utmost in beauty, durability and long-lasting performance
Ceramic disc cartridge for durability and long-lasting performance
Flow rate of 1.8 GPM/6.8 LPM at 60 PSI for effective cleaning
All necessary mounting hardware included
Requires 2 1/2"" clearance from backsplash to center of faucet hole
Water activates by pushing handle inwards toward spout
Unlacquered Brass is a living finish that naturally age over time and develop a patina unique to its environment. Returns based on finish will not be accepted.
RELATED PRODUCTS",https://cdn11.bigcommerce.com/s-80sqzb3h0c/images/stencil/600x600/products/105910/123448/daacd7e1fbd4cb80344361dd94b78fed0720e202__27561.1779350861.jpg?c=1,"Warranted Finish
YES
Warranty
LIMITED LIFETIME WARRANTY
Product Type
BAR/FOOD PREP FAUCETS
Style
TRADITIONAL
Hole Configuration
1
Mounting Location
DECK
Installation Type
SINGLE HOLE
Shape
COLUMN SPOUT"
https://houseofrohl.com/edwardian-single-hole-kitchen-faucet-with-lever-handles-and-sidespray-polished-chrome-with-metal-lever-handle-u-4766apc-2/,Edwardian™ Two Handle Kitchen Faucet With Side Spray - Polished Chrome | Model Number: U.4766APC-2,U4766APC2,685333707149,"FEATURES
Add a touch of whimsy to your kitchen with this beautifully crafted kitchen faucet
Dedicated handles enable you to control the flow and temperature of water separately
Flow rate of 1.8 GPM/6.8 LPM at 60 PSI for effective cleaning while optimizing water usage
Matching Bar/Food Prep kitchen faucet is available
Solid brass construction delivers the utmost in beauty, durability and long-lasting performance
Ceramic disc cartridge for durability and long-lasting performance
Sidespray allows for greater sink accessibility
2-hole installation with dedicated hot and cold levers for maximum control
Swivel spout rotates for greater sink accessibility
Unlacquered Brass is a living finish that naturally age over time and develop a patina unique to its environment. Returns based on finish will not be accepted.
RELATED PRODUCTS",https://cdn11.bigcommerce.com/s-80sqzb3h0c/images/stencil/600x600/products/105934/126876/c3ded2c41a64cbe4d6c96a1f83abcaa281bc1ca3__25200.1779364243.jpg?c=1,"Warranted Finish
YES
Warranty
LIMITED LIFETIME WARRANTY
Product Type
KITCHEN FAUCETS
Style
TRADITIONAL
Hole Configuration
2
Mounting Location
DECK
Installation Type
DECK
Shape
COLUMN SPOUT"
https://houseofrohl.com/edwardian-bridge-kitchen-faucet-with-sidespray-polished-chrome-with-metal-lever-handle-u-4756l-apc-2/,Edwardian™ Bridge Kitchen Faucet With Side Spray - Polished Chrome | Model Number: U.4756L-APC-2,U4756LAPC2,685333706760,"FEATURES
Add elegance and old world charm with a bridge kitchen faucet
Flow rate of 1.5 GPM/5.69 LPM at 60 PSI for effective cleaning while optimizing water usage
Matching Bar/Food Prep kitchen faucet is available
Solid brass construction delivers the utmost in beauty, durability and long-lasting performance
Ceramic disc cartridge for durability and long-lasting performance
Sidespray allows for greater sink accessibility
3-hole installation
Unlacquered Brass is a living finish that naturally age over time and develop a patina unique to its environment. Returns based on finish will not be accepted.
RELATED PRODUCTS",https://cdn11.bigcommerce.com/s-80sqzb3h0c/images/stencil/600x600/products/105944/127118/d8f840a953ac4bae81a8b0ef6939f741794c2b8e__62179.1779364515.jpg?c=1,"Warranted Finish
YES
Warranty
LIMITED LIFETIME WARRANTY
Product Type
KITCHEN FAUCETS
Style
TRADITIONAL
Hole Configuration
3
Mounting Location
DECK
Installation Type
DECK
Shape
COLUMN SPOUT"
https://houseofrohl.com/edwardian-single-lever-single-hole-kitchen-faucet-with-sidespray-polished-chrome-with-metal-lever-handle-u-4746apc-2/,Edwardian™ Kitchen Faucet With Side Spray - Polished Chrome | Model Number: U.4746APC-2,U4746APC2,685333706333,"FEATURES
Add a touch of whimsy to your kitchen with this beautifully crafted kitchen faucet
Flow rate of 1.8 GPM/6.8 LPM at 60 PSI for effective cleaning while optimizing water usage
Swivel spout rotates for greater sink accessibility
Matching Bar/Food Prep kitchen faucet is available
Solid brass construction delivers the utmost in beauty, durability and long-lasting performance
Ceramic disc cartridge for durability and long-lasting performance
Sidespray allows for greater sink accessibility
2-hole installation
Water activates by pushing handle inwards toward spout
Unlacquered Brass is a living finish that naturally age over time and develop a patina unique to its environment. Returns based on finish will not be accepted.
RELATED PRODUCTS",https://cdn11.bigcommerce.com/s-80sqzb3h0c/images/stencil/600x600/products/105941/124585/d52cba598ca6fa01e82c4cb5d3fd2d82da4f930c__12242.1779352166.jpg?c=1,"Warranted Finish
YES
Warranty
LIMITED LIFETIME WARRANTY
Product Type
KITCHEN FAUCETS
Style
TRADITIONAL
Hole Configuration
2
Mounting Location
DECK
Installation Type
DECK
Shape
COLUMN SPOUT"
https://houseofrohl.com/edwardian-bridge-kitchen-faucet-with-sidespray-polished-chrome-with-cross-handle-u-4755x-apc-2/,Edwardian™ Bridge Kitchen Faucet With Side Spray - Polished Chrome | Model Number: U.4755X-APC-2,U4755XAPC2,685333706715,"FEATURES
Add elegance and old world charm with a bridge kitchen faucet
Flow rate of 1.5 GPM/5.69 LPM at 60 PSI for effective cleaning while optimizing water usage
Matching Bar/Food Prep kitchen faucet is available
Solid brass construction delivers the utmost in beauty, durability and long-lasting performance
Ceramic disc cartridge for durability and long-lasting performance
Sidespray allows for greater sink accessibility
3-hole installation
Unlacquered Brass is a living finish that naturally age over time and develop a patina unique to its environment. Returns based on finish will not be accepted.
RELATED PRODUCTS",https://cdn11.bigcommerce.com/s-80sqzb3h0c/images/stencil/600x600/products/105954/123024/577ba37ba13f7dd2f61d1a8f02a6f69ad375f2db__44221.1779350353.jpg?c=1,"Warranted Finish
YES
Warranty
LIMITED LIFETIME WARRANTY
Product Type
KITCHEN FAUCETS
Style
TRADITIONAL
Hole Configuration
3
Mounting Location
DECK
Installation Type
DECK
Shape
COLUMN SPOUT"
https://houseofrohl.com/edwardian-4-hole-kitchen-faucet-with-sidespray-polished-chrome-with-metal-lever-handle-u-4776l-apc-2/,Edwardian™ Two Handle Kitchen Faucet With Side Spray - Polished Chrome | Model Number: U.4776L-APC-2,U4776LAPC2,685333707620,"FEATURES
Dedicated handles enable you to control the flow and temperature of water separately
Flow rate of 1.8 GPM/6.8 LPM at 60 PSI for effective cleaning while optimizing water usage
Matching Bar/Food Prep kitchen faucet is available
Solid brass construction delivers the utmost in beauty, durability and long-lasting performance
Ceramic disc cartridge for durability and long-lasting performance
Sidespray allows for greater sink accessibility
Swivel spout rotates for greater sink accessibility
Unlacquered Brass is a living finish that naturally age over time and develop a patina unique to its environment. Returns based on finish will not be accepted.
RELATED PRODUCTS",https://cdn11.bigcommerce.com/s-80sqzb3h0c/images/stencil/600x600/products/105973/127252/290976362f9c833f8a1232543ce6e42286bf19b7__29325.1779364651.jpg?c=1,"Warranted Finish
YES
Warranty
LIMITED LIFETIME WARRANTY
Product Type
KITCHEN FAUCETS
Style
TRADITIONAL
Hole Configuration
4
Mounting Location
DECK
Installation Type
DECK
Shape
COLUMN SPOUT"
https://houseofrohl.com/edwardian-bridge-kitchen-faucet-with-sidespray-polished-chrome-with-cross-handle-u-4763x-apc-2/,DISCONTINUED Edwardian™ Extended Spout Bridge Kitchen Faucet With Side Spray - Polished Chrome | Model Number: U.4763X-APC-2,U4763XAPC2,685333706982,"FEATURES
Add elegance and old world charm with a bridge kitchen faucet
Flow rate of 1.5 GPM/5.69 LPM at 60 PSI for effective cleaning while optimizing water usage
Matching Bar/Food Prep kitchen faucet is available
Solid brass construction delivers the utmost in beauty, durability and long-lasting performance
Ceramic disc cartridge for durability and long-lasting performance
Sidespray allows for greater sink accessibility
3-hole installation
Unlacquered Brass is a living finish that naturally age over time and develop a patina unique to its environment. Returns based on finish will not be accepted.
RELATED PRODUCTS",https://cdn11.bigcommerce.com/s-80sqzb3h0c/images/stencil/600x600/products/105979/125461/ba447450483a8631f995244565abb41b8d221ada__53179.1779357365.jpg?c=1,"Warranted Finish
YES
Warranty
LIMITED LIFETIME WARRANTY
Product Type
KITCHEN FAUCETS
Style
TRADITIONAL
Hole Configuration
3
Mounting Location
DECK
Installation Type
DECK
Shape
COLUMN SPOUT"
https://houseofrohl.com/georgian-era-bridge-kitchen-faucet-polished-chrome-with-metal-lever-handle-u-4791l-apc-2/,Georgian Era™ Bridge Kitchen Faucet Without Unions - Polished Chrome | Model Number: U.4791L-APC-2,U4791LAPC2,685333707941,"FEATURES
Add elegance and old world charm with a bridge kitchen faucet
Flow rate of 1.5 GPM/5.69 LPM at 60 PSI for effective cleaning while optimizing water usage
Matching Bar/Food Prep kitchen faucet is available
Solid brass construction delivers the utmost in beauty, durability and long-lasting performance
Ceramic disc cartridge for durability and long-lasting performance
Swivel spout allows for greater sink accessibility
2-hole installation
Faucet only — must also order wall or deck unions U.6793, U.6794, or U.6792
Unlacquered Brass is a living finish that naturally age over time and develop a patina unique to its environment. Returns based on finish will not be accepted.
RELATED PRODUCTS",https://cdn11.bigcommerce.com/s-80sqzb3h0c/images/stencil/600x600/products/105983/114462/m7tgixyrjiqoqpay9ugo__97723.1652162538.jpg?c=1,"Warranted Finish
YES
Warranty
LIMITED LIFETIME WARRANTY
Product Type
KITCHEN FAUCETS
Style
TRADITIONAL
Hole Configuration
2
Mounting Location
DECK
Installation Type
DECK
Shape
C-SPOUT"
https://houseofrohl.com/georgian-era-bridge-kitchen-faucet-with-sidespray-polished-chrome-with-metal-lever-handle-u-4719l-apc-2/,Georgian Era™ Bridge Kitchen Faucet With Side Spray - Polished Chrome | Model Number: U.4719L-APC-2,U4719LAPC2,685333705855,"FEATURES
Add elegance and old world charm with a bridge kitchen faucet
Flow rate of 1.5 GPM/5.69 LPM at 60 PSI for effective cleaning while optimizing water usage
Matching Bar/Food Prep kitchen faucet is available
Solid brass construction delivers the utmost in beauty, durability and long-lasting performance
Ceramic disc cartridge for durability and long-lasting performance
Sidespray allows for greater sink accessibility
3-hole installation
Unlacquered Brass is a living finish that naturally age over time and develop a patina unique to its environment. Returns based on finish will not be accepted.
RELATED PRODUCTS",https://cdn11.bigcommerce.com/s-80sqzb3h0c/images/stencil/600x600/products/106004/114510/h5riztqw0hyxxagduua9__08584.1652162554.jpg?c=1,"Warranted Finish
YES
Warranty
LIMITED LIFETIME WARRANTY
Product Type
KITCHEN FAUCETS
Style
TRADITIONAL
Hole Configuration
3
Mounting Location
DECK
Installation Type
DECK
Shape
C-SPOUT"
https://houseofrohl.com/georgian-era-4-hole-c-spout-kitchen-faucet-with-sidespray-polished-chrome-with-metal-lever-handle-u-4736l-apc-2/,Georgian Era™ Two Handle Kitchen Faucet With Side Spray - Polished Chrome | Model Number: U.4736L-APC-2,U4736LAPC2,685333706081,"FEATURES
Dedicated handles enable you to control the flow and temperature of water separately
Flow rate of 1.8 GPM/6.8 LPM at 60 PSI for effective cleaning while optimizing water usage
Matching Bar/Food Prep kitchen faucet is available
Solid brass construction delivers the utmost in beauty, durability and long-lasting performance
Ceramic disc cartridge for durability and long-lasting performance
Sidespray allows for greater sink accessibility
Swivel spout rotates for greater sink accessibility
Unlacquered Brass is a living finish that naturally age over time and develop a patina unique to its environment. Returns based on finish will not be accepted.
RELATED PRODUCTS",https://cdn11.bigcommerce.com/s-80sqzb3h0c/images/stencil/600x600/products/106003/123283/dddb2512051c9db2579216d104272d27fd327d5f__93422.1779350661.jpg?c=1,"Warranted Finish
YES
Warranty
LIMITED LIFETIME WARRANTY
Product Type
KITCHEN FAUCETS
Style
TRADITIONAL
Hole Configuration
4
Mounting Location
DECK
Installation Type
DECK
Shape
C-SPOUT"
https://houseofrohl.com/georgian-era-4-hole-c-spout-kitchen-faucet-with-sidespray-polished-chrome-with-cross-handle-u-4735x-apc-2/,Georgian Era™ Two Handle Kitchen Faucet With Side Spray - Polished Chrome | Model Number: U.4735X-APC-2,U4735XAPC2,685333706005,"FEATURES
Dedicated handles enable you to control the flow and temperature of water separately
Flow rate of 1.8 GPM/6.8 LPM at 60 PSI for effective cleaning while optimizing water usage
Matching Bar/Food Prep kitchen faucet is available
Solid brass construction delivers the utmost in beauty, durability and long-lasting performance
Ceramic disc cartridge for durability and long-lasting performance
Sidespray allows for greater sink accessibility
Swivel spout rotates for greater sink accessibility
Unlacquered Brass is a living finish that naturally age over time and develop a patina unique to its environment. Returns based on finish will not be accepted.
RELATED PRODUCTS",https://cdn11.bigcommerce.com/s-80sqzb3h0c/images/stencil/600x600/products/106011/114523/yixx1opq0iel5t6fcxla__16228.1652162558.jpg?c=1,"Warranted Finish
YES
Warranty
LIMITED LIFETIME WARRANTY
Product Type
KITCHEN FAUCETS
Style
TRADITIONAL
Hole Configuration
4
Mounting Location
DECK
Installation Type
DECK
Shape
C-SPOUT"
https://houseofrohl.com/georgian-era-bridge-kitchen-faucet-with-sidespray-polished-chrome-with-cross-handle-u-4718x-apc-2/,Georgian Era™ Bridge Kitchen Faucet With Side Spray - Polished Chrome | Model Number: U.4718X-APC-2,U4718XAPC2,685333705770,"FEATURES
Add elegance and old world charm with a bridge kitchen faucet
Flow rate of 1.5 GPM/5.69 LPM at 60 PSI for effective cleaning while optimizing water usage
Matching Bar/Food Prep kitchen faucet is available
Solid brass construction delivers the utmost in beauty, durability and long-lasting performance
Ceramic disc cartridge for durability and long-lasting performance
Sidespray allows for greater sink accessibility
3-hole installation
Unlacquered Brass is a living finish that naturally age over time and develop a patina unique to its environment. Returns based on finish will not be accepted.
RELATED PRODUCTS",https://cdn11.bigcommerce.com/s-80sqzb3h0c/images/stencil/600x600/products/106009/114509/lxrl1ifljxsctk0vicyi__21932.1652162554.jpg?c=1,"Warranted Finish
YES
Warranty
LIMITED LIFETIME WARRANTY
Product Type
KITCHEN FAUCETS
Style
TRADITIONAL
Hole Configuration
3
Mounting Location
DECK
Installation Type
DECK
Shape
C-SPOUT"
https://houseofrohl.com/georgian-era-single-lever-single-hole-bar-and-food-prep-faucet-polished-chrome-with-metal-lever-handle-u-4700apc-2/,Georgian Era™ Bar/Food Prep Kitchen Faucet - Polished Chrome | Model Number: U.4700APC-2,U4700APC2,685333704926,"FEATURES
Swivel spout rotates for greater sink accessibility
Solid brass construction delivers the utmost in beauty, durability and long-lasting performance
Ceramic disc cartridge for durability and long-lasting performance
Flow rate of 1.8 GPM/6.8 LPM at 60 PSI for effective cleaning
All necessary mounting hardware included
Requires 2 1/2"" clearance from backsplash to center of faucet hole
Water activates by pushing handle inwards toward spout
Unlacquered Brass is a living finish that naturally age over time and develop a patina unique to its environment. Returns based on finish will not be accepted.
RELATED PRODUCTS",https://cdn11.bigcommerce.com/s-80sqzb3h0c/images/stencil/600x600/products/106017/114487/ngzftibrcgxhgwbrzy7p__55586.1652162546.jpg?c=1,"Warranted Finish
YES
Warranty
LIMITED LIFETIME WARRANTY
Product Type
BAR/FOOD PREP FAUCETS
Style
TRADITIONAL
Hole Configuration
1
Mounting Location
DECK
Installation Type
SINGLE HOLE
Shape
C-SPOUT"
https://houseofrohl.com/georgian-era-single-hole-bar-and-food-prep-faucet-polished-chrome-with-metal-lever-handle-u-4711apc-2/,Georgian Era™ Two Handle Bar/Food Prep Kitchen Faucet - Polished Chrome | Model Number: U.4711APC-2,U4711APC2,685333705725,"FEATURES
Swivel spout rotates for greater sink accessibility
Solid brass construction delivers the utmost in beauty, durability and long-lasting performance
Ceramic disc cartridge for durability and long-lasting performance
Flow rate of 1.5 GPM/5.69 LPM at 60 PSI for effective cleaning
All necessary mounting hardware included
Unlacquered Brass is a living finish that naturally age over time and develop a patina unique to its environment. Returns based on finish will not be accepted.
RELATED PRODUCTS",https://cdn11.bigcommerce.com/s-80sqzb3h0c/images/stencil/600x600/products/106025/114480/cjqyem3qvu5sghrezjjc__10526.1652162544.jpg?c=1,"Warranted Finish
YES
Warranty
LIMITED LIFETIME WARRANTY
Product Type
BAR/FOOD PREP FAUCETS
Style
TRADITIONAL
Hole Configuration
1
Mounting Location
DECK
Installation Type
SINGLE HOLE
Shape
C-SPOUT"
https://houseofrohl.com/georgian-era-pulldown-bar-and-food-prep-faucet-polished-chrome-with-metal-lever-handle-u-4743apc-2/,Georgian Era™ Pull-Down Bar/Food Prep Kitchen Faucet - Polished Chrome | Model Number: U.4743APC-2,U4743APC2,824438385580,"FEATURES
Dual-spray functionality with ability to toggle between stream and spray settings
Retractable pull-down handspray with secure docking system
Silent braided nylon hose reduces friction between pull-down hose and faucet spout for quieter operation
Flow rate of 1.75 GPM/6.6 LPM at 60 PSI for effective cleaning
Solid brass construction delivers the utmost in beauty, durability and long-lasting performance
Ceramic disc cartridge for durability and long-lasting performance
All necessary mounting hardware included
Requires 2 1/2"" clearance from backsplash to center of faucet hole
Water activates by pushing handle inwards toward spout
Unlacquered Brass is a living finish that naturally age over time and develop a patina unique to its environment. Returns based on finish will not be accepted.
RELATED PRODUCTS",https://cdn11.bigcommerce.com/s-80sqzb3h0c/images/stencil/600x600/products/106034/114473/v2hedsxmya2u7qk5ccp0__64722.1652162542.jpg?c=1,"Warranted Finish
YES
Warranty
LIMITED LIFETIME WARRANTY
Product Type
BAR/FOOD PREP FAUCETS
Style
TRADITIONAL
Hole Configuration
1
Mounting Location
DECK
Installation Type
SINGLE HOLE
Shape
C-SPOUT"
https://houseofrohl.com/georgian-era-traditional-pulldown-faucet-polished-chrome-with-metal-lever-handle-u-4744apc-2/,Georgian Era™ Pull-Down Kitchen Faucet - Polished Chrome | Model Number: U.4744APC-2,U4744APC2,685333474409,"FEATURES
Dual-spray functionality with ability to toggle between stream and spray settings
Flow rate of 1.75 GPM/6.6 LPM at 60 PSI for effective cleaning while optimizing water usage
Retractable pull-down metal handspray with secure docking system
Swivel spout rotates for greater sink accessibility
Matching Bar/Food Prep kitchen faucet is available
Nylon braided hose delivers quieter functionality
Ceramic disc cartridge for durability and long-lasting performance
Solid brass construction delivers the utmost in beauty, durability and long-lasting performance
Water activates by pushing handle inwards toward spout
Unlacquered Brass is a living finish that naturally age over time and develop a patina unique to its environment. Returns based on finish will not be accepted.
RELATED PRODUCTS",https://cdn11.bigcommerce.com/s-80sqzb3h0c/images/stencil/600x600/products/106042/114494/mewuxmkkszmkmp1wtraq__24883.1652162549.jpg?c=1,"Warranted Finish
YES
Warranty
LIMITED LIFETIME WARRANTY
Product Type
PULL-OUT/PULL-DOWN FAUCETS
Style
TRADITIONAL
Hole Configuration
1
Mounting Location
DECK
Installation Type
SINGLE HOLE
Shape
C-SPOUT"
https://houseofrohl.com/georgian-era-single-lever-single-hole-kitchen-faucet-with-sidespray-polished-chrome-with-metal-lever-handle-u-4702apc-2/,Georgian Era™ Kitchen Faucet With Side Spray - Polished Chrome | Model Number: U.4702APC-2,U4702APC2,685333705053,"FEATURES
Add a touch of whimsy to your kitchen with this beautifully crafted kitchen faucet
Flow rate of 1.8 GPM/6.8 LPM at 60 PSI for effective cleaning while optimizing water usage
Swivel spout rotates for greater sink accessibility
Matching Bar/Food Prep kitchen faucet is available
Solid brass construction delivers the utmost in beauty, durability and long-lasting performance
Ceramic disc cartridge for durability and long-lasting performance
Sidespray allows for greater sink accessibility
2-hole installation
Water activates by pushing handle inwards toward spout
Unlacquered Brass is a living finish that naturally age over time and develop a patina unique to its environment. Returns based on finish will not be accepted.
RELATED PRODUCTS",https://cdn11.bigcommerce.com/s-80sqzb3h0c/images/stencil/600x600/products/106048/129688/d5ef4973abd97981f4a0a10921e5811a1ee31eb8__63690.1779367439.jpg?c=1,"Warranted Finish
YES
Warranty
LIMITED LIFETIME WARRANTY
Product Type
KITCHEN FAUCETS
Style
TRADITIONAL
Hole Configuration
2
Mounting Location
DECK
Installation Type
DECK
Shape
C-SPOUT"
https://houseofrohl.com/georgian-era-single-hole-kitchen-faucet-with-sidespray-polished-chrome-with-metal-lever-handle-u-4710apc-2/,Georgian Era™ Two Handle Kitchen Faucet With Side Spray - Polished Chrome | Model Number: U.4710APC-2,U4710APC2,685333705640,"FEATURES
Add a touch of whimsy to your kitchen with this beautifully crafted kitchen faucet
Dedicated handles enable you to control the flow and temperature of water separately
Flow rate of 1.8 GPM/6.8 LPM at 60 PSI for effective cleaning while optimizing water usage
Matching Bar/Food Prep kitchen faucet is available
Solid brass construction delivers the utmost in beauty, durability and long-lasting performance
Ceramic disc cartridge for durability and long-lasting performance
Sidespray allows for greater sink accessibility
2-hole installation with dedicated hot and cold levers for maximum control
Swivel spout rotates for greater sink accessibility
Unlacquered Brass is a living finish that naturally age over time and develop a patina unique to its environment. Returns based on finish will not be accepted.
RELATED PRODUCTS",https://cdn11.bigcommerce.com/s-80sqzb3h0c/images/stencil/600x600/products/106046/123462/7c8c024f19e4f3a0d582979d9a7fe9f69975cb10__42517.1779350872.jpg?c=1,"Warranted Finish
YES
Warranty
LIMITED LIFETIME WARRANTY
Product Type
KITCHEN FAUCETS
Style
TRADITIONAL
Hole Configuration
2
Mounting Location
DECK
Installation Type
DECK
Shape
C-SPOUT"
https://houseofrohl.com/san-julio-deck-mount-c-spout-3-leg-bridge-kitchen-faucet-with-sidespray-polished-chrome-with-white-porcelain-lever-handle-a1461lpwsapc-2/,Acqui® Bridge Kitchen Faucet With Side Spray - Polished Chrome | Model Number: A1461LPWSAPC-2,A1461LPWSAPC2,824438227767,"FEATURES
Add elegance and old world charm with a bridge kitchen faucet
Flow rate of 1.5 GPM/5.69 LPM at 60 PSI for effective cleaning while optimizing water usage
Matching Bar/Food Prep kitchen faucet is available
Solid brass construction delivers the utmost in beauty, durability and long-lasting performance
Ceramic disc cartridge for durability and long-lasting performance
Sidespray allows for greater sink accessibility
4-hole installation
Add a touch of country kitchen with porcelain handle
Tuscan Brass is a living finish that naturally age over time and develop a patina unique to its environment. Returns based on finish will not be accepted.
RELATED PRODUCTS",https://cdn11.bigcommerce.com/s-80sqzb3h0c/images/stencil/600x600/products/107337/114738/oythyelvuwpsw5v6yli6__20203.1652162636.jpg?c=1,"Warranted Finish
YES
Warranty
LIMITED LIFETIME WARRANTY
Product Type
KITCHEN FAUCETS
Style
TRADITIONAL
Hole Configuration
4
Mounting Location
DECK
Installation Type
DECK
Shape
C-SPOUT"
https://houseofrohl.com/san-julio-deck-mount-c-spout-3-leg-bridge-kitchen-faucet-with-sidespray-polished-chrome-with-five-spoke-cross-handle-a1461xwsapc-2/,Acqui® Bridge Kitchen Faucet With Side Spray - Polished Chrome | Model Number: A1461XWSAPC-2,A1461XWSAPC2,824438227866,"FEATURES
Add elegance and old world charm with a bridge kitchen faucet
Flow rate of 1.5 GPM/5.69 LPM at 60 PSI for effective cleaning while optimizing water usage
Matching Bar/Food Prep kitchen faucet is available
Solid brass construction delivers the utmost in beauty, durability and long-lasting performance
Ceramic disc cartridge for durability and long-lasting performance
Sidespray allows for greater sink accessibility
4-hole installation
Tuscan Brass is a living finish that naturally age over time and develop a patina unique to its environment. Returns based on finish will not be accepted.
RELATED PRODUCTS",https://cdn11.bigcommerce.com/s-80sqzb3h0c/images/stencil/600x600/products/107344/114736/ejpcgcmgtppjb3msh0ma__49208.1652162635.jpg?c=1,"Warranted Finish
YES
Warranty
LIMITED LIFETIME WARRANTY
Product Type
KITCHEN FAUCETS
Style
TRADITIONAL
Hole Configuration
4
Mounting Location
DECK
Installation Type
DECK
Shape
C-SPOUT"
https://houseofrohl.com/san-julio-deck-mount-c-spout-3-leg-bridge-kitchen-faucet-with-sidespray-polished-chrome-with-cross-handle-a1461xmwsapc-2/,Acqui® Bridge Kitchen Faucet With Side Spray - Polished Chrome | Model Number: A1461XMWSAPC-2,A1461XMWSAPC2,824438227811,"FEATURES
Add elegance and old world charm with a bridge kitchen faucet
Flow rate of 1.5 GPM/5.69 LPM at 60 PSI for effective cleaning while optimizing water usage
Matching Bar/Food Prep kitchen faucet is available
Solid brass construction delivers the utmost in beauty, durability and long-lasting performance
Ceramic disc cartridge for durability and long-lasting performance
Sidespray allows for greater sink accessibility
4-hole installation
Tuscan Brass is a living finish that naturally age over time and develop a patina unique to its environment. Returns based on finish will not be accepted.
RELATED PRODUCTS",https://cdn11.bigcommerce.com/s-80sqzb3h0c/images/stencil/600x600/products/107340/114735/fj2d7o8fufv1thteikgy__86701.1652162635.jpg?c=1,"Warranted Finish
YES
Warranty
LIMITED LIFETIME WARRANTY
Product Type
KITCHEN FAUCETS
Style
TRADITIONAL
Hole Configuration
4
Mounting Location
DECK
Installation Type
DECK
Shape
C-SPOUT"
https://houseofrohl.com/san-julio-deck-mount-c-spout-3-leg-bridge-kitchen-faucet-with-sidespray-polished-chrome-with-metal-lever-handle-a1461lmwsapc-2/,Acqui® Bridge Kitchen Faucet With Side Spray - Polished Chrome | Model Number: A1461LMWSAPC-2,A1461LMWSAPC2,824438227712,"FEATURES
Add elegance and old world charm with a bridge kitchen faucet
Flow rate of 1.5 GPM/5.69 LPM at 60 PSI for effective cleaning while optimizing water usage
Matching Bar/Food Prep kitchen faucet is available
Solid brass construction delivers the utmost in beauty, durability and long-lasting performance
Ceramic disc cartridge for durability and long-lasting performance
Sidespray allows for greater sink accessibility
4-hole installation
Tuscan Brass is a living finish that naturally age over time and develop a patina unique to its environment. Returns based on finish will not be accepted.
RELATED PRODUCTS",https://cdn11.bigcommerce.com/s-80sqzb3h0c/images/stencil/600x600/products/107349/114737/ghqqfykmxrnc57dxqp7x__22246.1652162635.jpg?c=1,"Warranted Finish
YES
Warranty
LIMITED LIFETIME WARRANTY
Product Type
KITCHEN FAUCETS
Style
TRADITIONAL
Hole Configuration
4
Mounting Location
DECK
Installation Type
DECK
Shape
C-SPOUT"
https://houseofrohl.com/cinquanta-single-hole-column-spout-bar-and-food-prep-faucet-with-sidespray-polished-chrome-with-metal-lever-handle-a3650-6-5lmwsapc-2/,Acqui® Bar/Food Prep Kitchen Faucet With Side Spray - Polished Chrome | Model Number: A3650/6.5LMWSAPC-2,A365065LMWSAPC2,824438236387,"FEATURES
RELATED PRODUCTS",https://cdn11.bigcommerce.com/s-80sqzb3h0c/images/stencil/600x600/products/107354/122264/1d307277874ad4ed9243f548aabd50a64afcfca8__25279.1779349544.jpg?c=1,"Warranted Finish
YES
Warranty
LIMITED LIFETIME WARRANTY
Product Type
BAR/FOOD PREP FAUCETS
Style
TRADITIONAL
Hole Configuration
2
Mounting Location
DECK
Installation Type
DECK
Shape
COLUMN SPOUT"
https://houseofrohl.com/cinquanta-single-hole-column-spout-bar-and-food-prep-faucet-polished-chrome-with-white-porcelain-lever-handle-a3650-6-5lpapc-2/,DISCONTINUED Acqui® Bar/Food Prep Kitchen Faucet - Polished Chrome | Model Number: A3650/6.5LPAPC-2,A365065LPAPC2,824438236530,"FEATURES
Swivel spout rotates for greater sink accessibility
Solid brass construction delivers the utmost in beauty, durability and long-lasting performance
Ceramic disc cartridge for durability and long-lasting performance
Flow rate of 1.5 GPM/5.69 LPM at 60 PSI for effective cleaning
All necessary mounting hardware included
Requires 2 1/2"" clearance from backsplash to center of faucet hole
Water activates by pushing handle inwards toward spout
Tuscan Brass is a living finish that naturally age over time and develop a patina unique to its environment. Returns based on finish will not be accepted.
RELATED PRODUCTS",https://cdn11.bigcommerce.com/s-80sqzb3h0c/images/stencil/600x600/products/107365/122384/ee0a01c4e293c6c77bd99edbdfed058e19b9283b__48233.1779349662.jpg?c=1,"Warranted Finish
YES
Warranty
LIMITED LIFETIME WARRANTY
Product Type
BAR/FOOD PREP FAUCETS
Style
TRADITIONAL
Hole Configuration
1
Mounting Location
DECK
Installation Type
SINGLE HOLE
Shape
COLUMN SPOUT"
https://houseofrohl.com/cinquanta-single-hole-column-spout-bar-and-food-prep-faucet-with-sidespray-polished-chrome-with-white-porcelain-lever-handle-a3650-6-5lpwsapc-2/,Acqui® Bar/Food Prep Kitchen Faucet With Side Spray - Polished Chrome | Model Number: A3650/6.5LPWSAPC-2,A365065LPWSAPC2,824438236431,"FEATURES
RELATED PRODUCTS",https://cdn11.bigcommerce.com/s-80sqzb3h0c/images/stencil/600x600/products/107363/122453/800ed63e0432db892ce0d35c18b46a0b8bebf22b__53291.1779349737.jpg?c=1,"Warranted Finish
YES
Warranty
LIMITED LIFETIME WARRANTY
Product Type
BAR/FOOD PREP FAUCETS
Style
TRADITIONAL
Hole Configuration
2
Mounting Location
DECK
Installation Type
DECK
Shape
COLUMN SPOUT"
https://houseofrohl.com/cinquanta-single-hole-column-spout-bar-and-food-prep-faucet-polished-chrome-with-metal-lever-handle-a3650-6-5lmapc-2/,DISCONTINUED Acqui® Bar/Food Prep Kitchen Faucet - Polished Chrome | Model Number: A3650/6.5LMAPC-2,A365065LMAPC2,824438236486,"FEATURES
Swivel spout rotates for greater sink accessibility
Solid brass construction delivers the utmost in beauty, durability and long-lasting performance
Ceramic disc cartridge for durability and long-lasting performance
Flow rate of 1.5 GPM/5.69 LPM at 60 PSI for effective cleaning
All necessary mounting hardware included
Requires 2 1/2"" clearance from backsplash to center of faucet hole
Water activates by pushing handle inwards toward spout
Unlacquered Brass and Tuscan Brass are living finishes that naturally age over time and develop a patina unique to its environment. Returns based on finish will not be accepted.
RELATED PRODUCTS",https://cdn11.bigcommerce.com/s-80sqzb3h0c/images/stencil/600x600/products/107371/124609/5a091860ba50b0368bf07853728ab5caff0ad4d4__57287.1779352186.jpg?c=1,"Warranted Finish
YES
Warranty
LIMITED LIFETIME WARRANTY
Product Type
BAR/FOOD PREP FAUCETS
Style
TRADITIONAL
Hole Configuration
1
Mounting Location
DECK
Installation Type
SINGLE HOLE
Shape
COLUMN SPOUT"
https://houseofrohl.com/cinquanta-single-hole-column-spout-kitchen-faucet-with-sidespray-and-extended-spout-polished-chrome-with-metal-lever-handle-a3650-11lmwsapc-2/,Acqui® Extended Spout Kitchen Faucet With Side Spray - Polished Chrome | Model Number: A3650/11LMWSAPC-2,A365011LMWSAPC2,824438236585,"FEATURES
Add a touch of whimsy to your kitchen with this beautifully crafted kitchen faucet
Flow rate of 1.5 GPM/5.69 LPM at 60 PSI for effective cleaning while optimizing water usage
Swivel spout rotates for greater sink accessibility
Matching Bar/Food Prep kitchen faucet is available
Sidespray allows for greater sink accessibility
Ceramic disc cartridge for durability and long-lasting performance
Requires 2 1/2"" clearance from backsplash to center of faucet hole
Extended spout reach
Water activates by pushing handle inwards toward spout
Tuscan Brass is a living finish that naturally age over time and develop a patina unique to its environment. Returns based on finish will not be accepted.
RELATED PRODUCTS",https://cdn11.bigcommerce.com/s-80sqzb3h0c/images/stencil/600x600/products/107404/124960/32b3724f48af1dd636b54f72fa0aedfae4c6c3dc__98128.1779352608.jpg?c=1,"Warranted Finish
YES
Warranty
LIMITED LIFETIME WARRANTY
Product Type
KITCHEN FAUCETS
Style
TRADITIONAL
Hole Configuration
2
Mounting Location
DECK
Installation Type
DECK
Shape
COLUMN SPOUT"
https://houseofrohl.com/san-julio-c-spout-filter-faucet-polished-chrome-with-metal-lever-handle-akit1635lmapc-2/,Acqui® Filter Kitchen Faucet Kit - Polished Chrome | Model Number: AKIT1635LMAPC-2,AKIT1635LMAPC2,824438211940,"FEATURES
Enjoy clean filtered water next to your primary kitchen faucet for a trusted source of drinking water
Spout swivels for easy access
Filtered water .5 GPM/1.9 LPM at 45 PSI
Solid brass construction delivers the utmost in beauty, durability and long-lasting performance
Ceramic disc cartridge for durability and long-lasting performance
Not suitable for R.O. systems or instant hot systems
Top of the line 0.2-micron ceramic filter and active carbon material
Yields reduced PFA’s, lead, heavy metals, bacteria, foul taste and odor
Unlacquered Brass and Tuscan Brass are living finishes that naturally age over time and develop a patina unique to its environment. Returns based on finish will not be accepted.
RELATED PRODUCTS",https://cdn11.bigcommerce.com/s-80sqzb3h0c/images/stencil/600x600/products/107448/114755/jrynjkwi4atius7v2sje__85955.1652162642.jpg?c=1,"Warranted Finish
YES
Warranty
LIMITED LIFETIME WARRANTY
Product Type
FILTRATION
Style
TRADITIONAL
Hole Configuration
1
Mounting Location
DECK
Installation Type
SINGLE HOLE
Shape
C-SPOUT"
https://houseofrohl.com/san-julio-c-spout-filter-faucet-polished-chrome-with-metal-lever-handle-a1635lmapc-2/,San Julio® Filter Kitchen Faucet - Polished Chrome | Model Number: A1635LMAPC-2,A1635LMAPC2,824438197824,"FEATURES
Enjoy clean filtered water next to your primary kitchen faucet for a trusted source of drinking water
Filtered water .5 GPM/1.9 LPM at 45 PSI
Designed to work with our HRK-2000 filtration system, sold separately
Solid brass construction delivers the utmost in beauty, durability and long-lasting performance
Ceramic disc cartridge for durability and long-lasting performance
Not suitable for R.O. systems or instant hot systems
RELATED PRODUCTS",https://cdn11.bigcommerce.com/s-80sqzb3h0c/images/stencil/600x600/products/107454/114754/masbv2prw61bax0q0w2c__62434.1652162641.jpg?c=1,"Warranted Finish
YES
Warranty
LIMITED LIFETIME WARRANTY
Product Type
FILTRATION
Style
TRADITIONAL
Hole Configuration
1
Mounting Location
DECK
Installation Type
SINGLE HOLE
Shape
C-SPOUT"
https://houseofrohl.com/san-julio-traditional-c-spout-hot-water-faucet-polished-chrome-with-metal-lever-handle-g1655lmapc-2/,Acqui® Hot Water Dispenser - Polished Chrome | Model Number: G1655LMAPC-2,G1655LMAPC2,824438345539,"FEATURES
Dedicated energy-saving hot water dispenser is ideal for preparation of hot drinks, thawing frozen vegetables and cleaning grease
Hot water .5 GPM/1.9 LPM at 45 PSI
Solid brass construction delivers the utmost in beauty, durability and long-lasting performance
Only compatible with the Perrin & Rowe U.1998 high performance hot water tank and U.1106 filter system
Does not work with ISE tank systems
Unlacquered Brass and Tuscan Brass are living finishes that naturally age over time and develop a patina unique to its environment. Returns based on finish will not be accepted.
Handle may only be installed on the right side.
RELATED PRODUCTS",https://cdn11.bigcommerce.com/s-80sqzb3h0c/images/stencil/600x600/products/107480/114772/i80pbcugl6rplikee6sz__60639.1652162647.jpg?c=1,"Warranted Finish
YES
Warranty
5-YEAR LIMITED WARRANTY
Product Type
HOT WATER DISPENSER
Style
TRADITIONAL
Hole Configuration
1
Mounting Location
DECK
Installation Type
SINGLE HOLE
Shape
C-SPOUT"
https://houseofrohl.com/san-julio-traditional-c-spout-hot-water-faucet-tank-and-filter-kit-polished-chrome-with-metal-lever-handle-gkit1655lmapc-2/,"Acqui® Hot Water Dispenser, Tank And Filter Kit - Polished Chrome | Model Number: GKIT1655LMAPC-2",GKIT1655LMAPC2,824438361089,"FEATURES
Dedicated energy-saving hot water dispenser is ideal for preparation of hot drinks, thawing frozen vegetables and cleaning grease
Kit includes U.1998 hot water tank, G1655LM-2 hot water faucet, U.1106 hot water filter
Filtered water .5 GPM/1.9 LPM at 45 PSI
Solid brass construction delivers the utmost in beauty, durability and long-lasting performance
Not compatible with ISE tanks
Unlacquered Brass and Tuscan Brass are living finishes that naturally age over time and develop a patina unique to its environment. Returns based on finish will not be accepted.
Handle may only be installed on the right side.
RELATED PRODUCTS",https://cdn11.bigcommerce.com/s-80sqzb3h0c/images/stencil/600x600/products/107477/114765/jxqs77ybhikc8vh7kaf3__13203.1652162645.jpg?c=1,"Warranted Finish
YES
Warranty
5-YEAR LIMITED WARRANTY ON FAUCET AND 3 YEARS ON TANK
Product Type
HOT WATER DISPENSER
Style
TRADITIONAL
Hole Configuration
1
Mounting Location
DECK
Installation Type
SINGLE HOLE
Shape
C-SPOUT"
https://houseofrohl.com/san-julio-single-hole-c-spout-bar-and-food-prep-faucet-polished-chrome-with-metal-lever-handle-a1667lmapc-2/,Acqui® Two Handle Bar/Food Prep Kitchen Faucet - Polished Chrome | Model Number: A1667LMAPC-2,A1667LMAPC2,824438198029,"FEATURES
Swivel spout rotates for greater sink accessibility
Solid brass construction delivers the utmost in beauty, durability and long-lasting performance
Ceramic disc cartridge for durability and long-lasting performance
Flow rate of 1.5 GPM/5.69 LPM at 60 PSI for effective cleaning
All necessary mounting hardware included
Unlacquered Brass and Tuscan Brass are living finishes that naturally age over time and develop a patina unique to its environment. Returns based on finish will not be accepted.
RELATED PRODUCTS",https://cdn11.bigcommerce.com/s-80sqzb3h0c/images/stencil/600x600/products/107496/114689/zzfdfxyaqwgd3hucgclf__19338.1652162619.jpg?c=1,"Warranted Finish
YES
Warranty
LIMITED LIFETIME WARRANTY
Product Type
BAR/FOOD PREP FAUCETS
Style
TRADITIONAL
Hole Configuration
1
Mounting Location
DECK
Installation Type
SINGLE HOLE
Shape
C-SPOUT"
https://houseofrohl.com/san-julio-single-hole-c-spout-bar-and-food-prep-faucet-polished-chrome-with-white-porcelain-lever-handle-a1667lpapc-2/,Acqui® Two Handle Bar/Food Prep Kitchen Faucet - Polished Chrome | Model Number: A1667LPAPC-2,A1667LPAPC2,824438198074,"FEATURES
Swivel spout rotates for greater sink accessibility
Solid brass construction delivers the utmost in beauty, durability and long-lasting performance
Ceramic disc cartridge for durability and long-lasting performance
Flow rate of 1.5 GPM/5.69 LPM at 60 PSI for effective cleaning
All necessary mounting hardware included
Unlacquered Brass and Tuscan Brass are living finishes that naturally age over time and develop a patina unique to its environment. Returns based on finish will not be accepted.
RELATED PRODUCTS",https://cdn11.bigcommerce.com/s-80sqzb3h0c/images/stencil/600x600/products/107500/114690/wbfsd1npyvuo4eikurh8__26081.1652162620.jpg?c=1,"Warranted Finish
YES
Warranty
LIMITED LIFETIME WARRANTY
Product Type
BAR/FOOD PREP FAUCETS
Style
TRADITIONAL
Hole Configuration
1
Mounting Location
DECK
Installation Type
SINGLE HOLE
Shape
C-SPOUT"
https://houseofrohl.com/patrizia-pulldown-bar-and-food-prep-faucet-polished-chrome-with-metal-lever-handle-a3420slmapc-2/,Acqui® Pull-Down Bar/Food Prep Kitchen Faucet - Polished Chrome | Model Number: A3420SLMAPC-2,A3420SLMAPC2,824438386372,"FEATURES
Dual-spray functionality with ability to toggle between stream and spray settings
Retractable pull-down handspray with secure docking system
Silent braided nylon hose reduces friction between pull-down hose and faucet spout for quieter operation
Flow rate of 1.8 GPM/6.8 LPM at 60 PSI for effective cleaning
Solid brass construction delivers the utmost in beauty, durability and long-lasting performance
Ceramic disc cartridge for durability and long-lasting performance
All necessary mounting hardware included
Requires 2 1/2"" clearance from backsplash to center of faucet hole
Water activates by pushing handle inwards toward spout
Tuscan Brass is a living finish that naturally age over time and develop a patina unique to its environment. Returns based on finish will not be accepted.
RELATED PRODUCTS",https://cdn11.bigcommerce.com/s-80sqzb3h0c/images/stencil/600x600/products/107509/114711/d4tkcsebm5apkv9ojidx__09731.1652162626.jpg?c=1,"Warranted Finish
YES
Warranty
LIMITED LIFETIME WARRANTY
Product Type
BAR/FOOD PREP FAUCETS
Style
TRADITIONAL
Hole Configuration
1
Mounting Location
DECK
Installation Type
SINGLE HOLE
Shape
C-SPOUT"
https://houseofrohl.com/1983-pulldown-bar-and-food-prep-faucet-stainless-steel-with-metal-lever-handle-r7514slmss-2/,DISCONTINUED 1983 Pull-Down Bar/Food Prep Kitchen Faucet - Stainless Steel | Model Number: R7514SLMSS-2,R7514SLMSS2,824438388079,"FEATURES
Dual-spray functionality with ability to toggle between stream and spray settings
Retractable pull-down handspray with secure docking system
Silent braided nylon hose reduces friction between pull-down hose and faucet spout for quieter operation
Flow rate of 1.8 GPM/6.7 LPM at 60 PSI for effective cleaning
Solid brass construction delivers the utmost in beauty, durability and long-lasting performance
Ceramic disc cartridge for durability and long-lasting performance
All necessary mounting hardware included
Requires 2 1/2"" clearance from backsplash to center of faucet hole
RELATED PRODUCTS",https://cdn11.bigcommerce.com/s-80sqzb3h0c/images/stencil/600x600/products/107511/115041/pnygpfz7qigvhnfsbym7__19230.1652162759.jpg?c=1,"Warranted Finish
YES
Warranty
LIMITED LIFETIME WARRANTY
Product Type
BAR/FOOD PREP FAUCETS
Style
TRADITIONAL
Hole Configuration
1
Mounting Location
DECK
Installation Type
SINGLE HOLE
Shape
C-SPOUT"
https://houseofrohl.com/patrizia-pulldown-faucet-polished-chrome-with-metal-lever-handle-a3420lmapc-2/,Acqui® Pull-Down Kitchen Faucet - Polished Chrome | Model Number: A3420LMAPC-2,A3420LMAPC2,824438327191,"FEATURES
Dual-spray functionality with ability to toggle between stream and spray settings
Flow rate of 1.8 GPM/6.8 LPM at 60 PSI for effective cleaning while optimizing water usage
Retractable pull-down metal handspray with secure docking system
Swivel spout rotates for greater sink accessibility
Matching Bar/Food Prep kitchen faucet is available
Nylon braided hose delivers quieter functionality
Ceramic disc cartridge for durability and long-lasting performance
Requires 2 1/2"" clearance from backsplash to center of faucet hole
Water activates by pushing handle inwards toward spout
Tuscan Brass is a living finish that naturally age over time and develop a patina unique to its environment. Returns based on finish will not be accepted.
RELATED PRODUCTS",https://cdn11.bigcommerce.com/s-80sqzb3h0c/images/stencil/600x600/products/107523/124611/ea56d13a880ee487866f23c8672563ec64287784__42142.1779352186.jpg?c=1,"Warranted Finish
YES
Warranty
LIMITED LIFETIME WARRANTY
Product Type
PULL-OUT/PULL-DOWN FAUCETS
Style
TRADITIONAL
Hole Configuration
1
Mounting Location
DECK
Installation Type
SINGLE HOLE
Shape
C-SPOUT"
https://houseofrohl.com/1983-pulldown-kitchen-faucet-stainless-steel-with-metal-lever-handle-r7514lmss-2/,DISCONTINUED 1983 Pull-Down Kitchen Faucet - Stainless Steel | Model Number: R7514LMSS-2,R7514LMSS2,824438387898,"FEATURES
Dual-spray functionality with ability to toggle between stream and spray settings
Flow rate of 1.8 GPM/6.7 LPM at 60 PSI for effective cleaning while optimizing water usage
Retractable pull-down metal handspray with secure docking system
Swivel spout rotates for greater sink accessibility
Matching Bar/Food Prep kitchen faucet is available
Nylon braided hose delivers quieter functionality
Ceramic disc cartridge for durability and long-lasting performance
Solid brass construction delivers the utmost in beauty, durability and long-lasting performance
Requires 2 1/2"" clearance from backsplash to center of faucet hole
RELATED PRODUCTS",https://cdn11.bigcommerce.com/s-80sqzb3h0c/images/stencil/600x600/products/107532/115050/se70ll9pmaur8m2aqrqh__78546.1652162773.jpg?c=1,"Warranted Finish
YES
Warranty
LIMITED LIFETIME WARRANTY
Product Type
PULL-OUT/PULL-DOWN FAUCETS
Style
TRADITIONAL
Hole Configuration
1
Mounting Location
DECK
Installation Type
SINGLE HOLE
Shape
C-SPOUT"
https://houseofrohl.com/1983-pulldown-kitchen-faucet-polished-chrome-with-metal-lever-handle-r7514lmapc-2/,DISCONTINUED 1983 Pull-Down Kitchen Faucet - Polished Chrome | Model Number: R7514LMAPC-2,R7514LMAPC2,824438387744,"FEATURES
Dual-spray functionality with ability to toggle between stream and spray settings
Flow rate of 1.8 GPM/6.7 LPM at 60 PSI for effective cleaning while optimizing water usage
Retractable pull-down metal handspray with secure docking system
Swivel spout rotates for greater sink accessibility
Matching Bar/Food Prep kitchen faucet is available
Nylon braided hose delivers quieter functionality
Ceramic disc cartridge for durability and long-lasting performance
Solid brass construction delivers the utmost in beauty, durability and long-lasting performance
Requires 2 1/2"" clearance from backsplash to center of faucet hole
RELATED PRODUCTS",https://cdn11.bigcommerce.com/s-80sqzb3h0c/images/stencil/600x600/products/107531/115046/asftc2nwstolubgdx1ot__55986.1652162771.jpg?c=1,"Warranted Finish
YES
Warranty
LIMITED LIFETIME WARRANTY
Product Type
PULL-OUT/PULL-DOWN FAUCETS
Style
TRADITIONAL
Hole Configuration
1
Mounting Location
DECK
Installation Type
SINGLE HOLE
Shape
C-SPOUT"
https://houseofrohl.com/1983-pullout-kitchen-faucet-polished-chrome-with-metal-lever-handle-r77v3apc/,Acqui® Pull-Out Kitchen Faucet - Polished Chrome | Model Number: R77V3APC,R77V3APC,824438080775,"FEATURES
Dual-spray functionality with ability to toggle between stream and spray settings
Flow rate of 1.8 GPM/6.8 LPM at 60 PSI for effective cleaning while optimizing water usage
Swivel spout rotates for greater sink accessibility
Nylon braided hose delivers quieter functionality
Solid brass construction delivers the utmost in beauty, durability and long-lasting performance
Ceramic disc cartridge for durability and long-lasting performance
RELATED PRODUCTS",https://cdn11.bigcommerce.com/s-80sqzb3h0c/images/stencil/600x600/products/107543/128784/08693142ddb73e0f1e5559ff396acfe43897b705__04706.1779366425.jpg?c=1,"Warranted Finish
YES
Warranty
LIMITED LIFETIME WARRANTY
Product Type
PULL-OUT/PULL-DOWN FAUCETS
Style
TRADITIONAL
Hole Configuration
1
Mounting Location
DECK
Installation Type
SINGLE HOLE
Shape
LOW SPOUT"
https://houseofrohl.com/san-julio-single-hole-c-spout-kitchen-faucet-with-sidespray-polished-chrome-with-metal-lever-handle-a1676lmwsapc-2/,DISCONTINUED San Julio® Two Handle Kitchen Faucet With Side Spray - Polished Chrome | Model Number: A1676LMWSAPC-2,A1676LMWSAPC2,824438198173,"FEATURES
Add a touch of whimsy to your kitchen with this beautifully crafted kitchen faucet
2-hole installation with dedicated hot and cold levers for maximum control
Flow rate of 1.5 GPM/5.69 LPM at 60 PSI for effective cleaning while optimizing water usage
Matching Bar/Food Prep kitchen faucet is available
Solid brass construction delivers the utmost in beauty, durability and long-lasting performance
Ceramic disc cartridge for durability and long-lasting performance
Sidespray allows for greater sink accessibility
Swivel spout rotates for greater sink accessibility
Tuscan Brass is a living finish that naturally age over time and develop a patina unique to its environment. Returns based on finish will not be accepted.
RELATED PRODUCTS",https://cdn11.bigcommerce.com/s-80sqzb3h0c/images/stencil/600x600/products/107563/114873/sez4x23ulasphzkcph3r__02659.1652162688.jpg?c=1,"Warranted Finish
YES
Warranty
LIMITED LIFETIME WARRANTY
Product Type
KITCHEN FAUCETS
Style
TRADITIONAL
Hole Configuration
2
Mounting Location
DECK
Installation Type
DECK
Shape
C-SPOUT"
https://houseofrohl.com/acqui-wall-mount-column-spout-bridge-kitchen-faucet-polished-chrome-with-metal-lever-handle-a1456lmapc-2/,DISCONTINUED Acqui® Wall Mount Bridge Kitchen Faucet With Column Spout - Polished Chrome | Model Number: A1456LMAPC-2,A1456LMAPC2,824438228016,"FEATURES
Add elegance and old world charm with a wall mount bridge kitchen faucet
Flow rate of 1.5 GPM/5.69 LPM at 60 PSI for effective cleaning while optimizing water usage
Matching Bar/Food Prep kitchen faucet is available
Solid brass construction delivers the utmost in beauty, durability and long-lasting performance
Ceramic disc cartridge for durability and long-lasting performance
Swivel spout rotates for greater sink accessibility
Unlacquered Brass and Tuscan Brass are living finishes that naturally age over time and develop a patina unique to its environment. Returns based on finish will not be accepted.
RELATED PRODUCTS",https://cdn11.bigcommerce.com/s-80sqzb3h0c/images/stencil/600x600/products/107613/124259/4ee395aec3cc4d5f81004ccdb361fa3ae89cb47d__13080.1779351813.jpg?c=1,"Warranted Finish
YES
Warranty
LIMITED LIFETIME WARRANTY
Product Type
KITCHEN FAUCETS
Style
TRADITIONAL
Hole Configuration
2
Mounting Location
WALL
Installation Type
WALL
Shape
COLUMN SPOUT"
https://houseofrohl.com/acqui-wall-mount-column-spout-bridge-kitchen-faucet-polished-chrome-with-cross-handle-a1456xmapc-2/,DISCONTINUED Acqui® Wall Mount Bridge Kitchen Faucet With Column Spout - Polished Chrome | Model Number: A1456XMAPC-2,A1456XMAPC2,824438196841,"FEATURES
Add elegance and old world charm with a wall mount bridge kitchen faucet
Flow rate of 1.5 GPM/5.69 LPM at 60 PSI for effective cleaning while optimizing water usage
Matching Bar/Food Prep kitchen faucet is available
Solid brass construction delivers the utmost in beauty, durability and long-lasting performance
Ceramic disc cartridge for durability and long-lasting performance
Swivel spout rotates for greater sink accessibility
Unlacquered Brass and Tuscan Brass are living finishes that naturally age over time and develop a patina unique to its environment. Returns based on finish will not be accepted.
RELATED PRODUCTS",https://cdn11.bigcommerce.com/s-80sqzb3h0c/images/stencil/600x600/products/107621/126231/93d4c1f6f8b0aa1f67aecfe0daa7fb9f34973583__62149.1779360833.jpg?c=1,"Warranted Finish
YES
Warranty
LIMITED LIFETIME WARRANTY
Product Type
KITCHEN FAUCETS
Style
TRADITIONAL
Hole Configuration
2
Mounting Location
WALL
Installation Type
WALL
Shape
COLUMN SPOUT"
https://houseofrohl.com/acqui-wall-mount-column-spout-bridge-kitchen-faucet-with-sidespray-polished-chrome-with-metal-lever-handle-a1456lmwsapc-2/,Acqui® Wall Mount Bridge Kitchen Faucet With Sidespray And Column Spout - Polished Chrome | Model Number: A1456LMWSAPC-2,A1456LMWSAPC2,824438228115,"FEATURES
Add elegance and old world charm with a wall mount bridge kitchen faucet
Flow rate of 1.5 GPM/5.69 LPM at 60 PSI for effective cleaning while optimizing water usage
Matching Bar/Food Prep kitchen faucet is available
Solid brass construction delivers the utmost in beauty, durability and long-lasting performance
Ceramic disc cartridge for durability and long-lasting performance
Swivel spout rotates for greater sink accessibility
Sidespray allows for greater sink accessibility
Unlacquered Brass and Tuscan Brass are living finishes that naturally age over time and develop a patina unique to its environment. Returns based on finish will not be accepted.
RELATED PRODUCTS",https://cdn11.bigcommerce.com/s-80sqzb3h0c/images/stencil/600x600/products/107631/127754/d97378d3ec50f6136e0622f98c02e07f4f7089fa__86678.1779365241.jpg?c=1,"Warranted Finish
YES
Warranty
LIMITED LIFETIME WARRANTY
Product Type
KITCHEN FAUCETS
Style
TRADITIONAL
Hole Configuration
3
Mounting Location
WALL
Installation Type
WALL
Shape
COLUMN SPOUT"
https://houseofrohl.com/acqui-wall-mount-column-spout-bridge-kitchen-faucet-polished-chrome-with-white-porcelain-lever-handle-a1456lpapc-2/,DISCONTINUED Acqui® Wall Mount Bridge Kitchen Faucet With Column Spout - Polished Chrome | Model Number: A1456LPAPC-2,A1456LPAPC2,824438228061,"FEATURES
Add elegance and old world charm with a wall mount bridge kitchen faucet
Flow rate of 1.5 GPM/5.69 LPM at 60 PSI for effective cleaning while optimizing water usage
Matching Bar/Food Prep kitchen faucet is available
Solid brass construction delivers the utmost in beauty, durability and long-lasting performance
Ceramic disc cartridge for durability and long-lasting performance
Swivel spout rotates for greater sink accessibility
Add a touch of country kitchen with porcelain handle
Tuscan Brass is a living finish that naturally age over time and develop a patina unique to its environment. Returns based on finish will not be accepted.
RELATED PRODUCTS",https://cdn11.bigcommerce.com/s-80sqzb3h0c/images/stencil/600x600/products/107629/128426/7f10a9e0f77808ecfaca62ae772e05f05f1352bc__06175.1779366010.jpg?c=1,"Warranted Finish
YES
Warranty
LIMITED LIFETIME WARRANTY
Product Type
KITCHEN FAUCETS
Style
TRADITIONAL
Hole Configuration
2
Mounting Location
WALL
Installation Type
WALL
Shape
COLUMN SPOUT"
https://houseofrohl.com/acqui-wall-mount-column-spout-bridge-kitchen-faucet-with-sidespray-polished-chrome-with-cross-handle-a1456xmwsapc-2/,Acqui® Wall Mount Bridge Kitchen Faucet With Sidespray And Column Spout - Polished Chrome | Model Number: A1456XMWSAPC-2,A1456XMWSAPC2,824438220928,"FEATURES
Add elegance and old world charm with a wall mount bridge kitchen faucet
Flow rate of 1.5 GPM/5.69 LPM at 60 PSI for effective cleaning while optimizing water usage
Matching Bar/Food Prep kitchen faucet is available
Solid brass construction delivers the utmost in beauty, durability and long-lasting performance
Ceramic disc cartridge for durability and long-lasting performance
Swivel spout rotates for greater sink accessibility
Sidespray allows for greater sink accessibility
Unlacquered Brass and Tuscan Brass are living finishes that naturally age over time and develop a patina unique to its environment. Returns based on finish will not be accepted.
RELATED PRODUCTS",https://cdn11.bigcommerce.com/s-80sqzb3h0c/images/stencil/600x600/products/107636/114655/qz6i3tm8rdbk7pk9tegn__70716.1652162606.jpg?c=1,"Warranted Finish
YES
Warranty
LIMITED LIFETIME WARRANTY
Product Type
KITCHEN FAUCETS
Style
TRADITIONAL
Hole Configuration
3
Mounting Location
WALL
Installation Type
WALL
Shape
COLUMN SPOUT"
https://houseofrohl.com/acqui-wall-mount-column-spout-bridge-kitchen-faucet-with-sidespray-polished-chrome-with-white-porcelain-lever-handle-a1456lpwsapc-2/,Acqui® Wall Mount Bridge Kitchen Faucet With Sidespray And Column Spout - Polished Chrome | Model Number: A1456LPWSAPC-2,A1456LPWSAPC2,824438228160,"FEATURES
Add elegance and old world charm with a wall mount bridge kitchen faucet
Flow rate of 1.5 GPM/5.69 LPM at 60 PSI for effective cleaning while optimizing water usage
Matching Bar/Food Prep kitchen faucet is available
Solid brass construction delivers the utmost in beauty, durability and long-lasting performance
Ceramic disc cartridge for durability and long-lasting performance
Swivel spout rotates for greater sink accessibility
Add a touch of country kitchen with porcelain handle
Sidespray allows for greater sink accessibility
Tuscan Brass is a living finish that naturally age over time and develop a patina unique to its environment. Returns based on finish will not be accepted.
RELATED PRODUCTS",https://cdn11.bigcommerce.com/s-80sqzb3h0c/images/stencil/600x600/products/107633/127629/e4193d27a12d3a1ba64ce23f2ab6bcb71dc2b059__94943.1779365099.jpg?c=1,"Warranted Finish
YES
Warranty
LIMITED LIFETIME WARRANTY
Product Type
KITCHEN FAUCETS
Style
TRADITIONAL
Hole Configuration
3
Mounting Location
WALL
Installation Type
WALL
Shape
COLUMN SPOUT"
https://houseofrohl.com/acqui-deck-mount-column-spout-3-leg-bridge-kitchen-faucet-with-sidespray-polished-chrome-with-metal-lever-handle-a1458lmwsapc-2/,Acqui® Bridge Kitchen Faucet With Side Spray - Polished Chrome | Model Number: A1458LMWSAPC-2,A1458LMWSAPC2,824438196940,"FEATURES
Add elegance and old world charm with a bridge kitchen faucet
Flow rate of 1.5 GPM/5.69 LPM at 60 PSI for effective cleaning while optimizing water usage
Matching Bar/Food Prep kitchen faucet is available
Solid brass construction delivers the utmost in beauty, durability and long-lasting performance
Ceramic disc cartridge for durability and long-lasting performance
Sidespray allows for greater sink accessibility
4-hole installation
Unlacquered Brass and Tuscan Brass are living finishes that naturally age over time and develop a patina unique to its environment. Returns based on finish will not be accepted.
RELATED PRODUCTS",https://cdn11.bigcommerce.com/s-80sqzb3h0c/images/stencil/600x600/products/107701/125537/43d0746c2bd3794005348f595339dfed84af2161__64234.1779357443.jpg?c=1,"Warranted Finish
YES
Warranty
LIMITED LIFETIME WARRANTY
Product Type
KITCHEN FAUCETS
Style
TRADITIONAL
Hole Configuration
4
Mounting Location
DECK
Installation Type
DECK
Shape
COLUMN SPOUT"
https://houseofrohl.com/acqui-deck-mount-column-spout-3-leg-bridge-kitchen-faucet-with-sidespray-polished-chrome-with-white-porcelain-lever-handle-a1458lpwsapc-2/,Acqui® Bridge Kitchen Faucet With Side Spray - Polished Chrome | Model Number: A1458LPWSAPC-2,A1458LPWSAPC2,824438196995,"FEATURES
Add elegance and old world charm with a bridge kitchen faucet
Flow rate of 1.5 GPM/5.69 LPM at 60 PSI for effective cleaning while optimizing water usage
Matching Bar/Food Prep kitchen faucet is available
Solid brass construction delivers the utmost in beauty, durability and long-lasting performance
Ceramic disc cartridge for durability and long-lasting performance
Sidespray allows for greater sink accessibility
4-hole installation
Unlacquered Brass and Tuscan Brass are living finishes that naturally age over time and develop a patina unique to its environment. Returns based on finish will not be accepted.
RELATED PRODUCTS",https://cdn11.bigcommerce.com/s-80sqzb3h0c/images/stencil/600x600/products/107700/126670/e07fc5a2c0b4b30f903a2dd547419095505ae2bb__99440.1779364017.jpg?c=1,"Warranted Finish
YES
Warranty
LIMITED LIFETIME WARRANTY
Product Type
KITCHEN FAUCETS
Style
TRADITIONAL
Hole Configuration
4
Mounting Location
DECK
Installation Type
DECK
Shape
COLUMN SPOUT"
https://houseofrohl.com/acqui-deck-mount-column-spout-3-leg-bridge-kitchen-faucet-with-sidespray-polished-chrome-with-cross-handle-a1458xmwsapc-2/,Acqui® Bridge Kitchen Faucet With Side Spray - Polished Chrome | Model Number: A1458XMWSAPC-2,A1458XMWSAPC2,824438197046,"FEATURES
Add elegance and old world charm with a bridge kitchen faucet
Flow rate of 1.5 GPM/5.69 LPM at 60 PSI for effective cleaning while optimizing water usage
Matching Bar/Food Prep kitchen faucet is available
Solid brass construction delivers the utmost in beauty, durability and long-lasting performance
Ceramic disc cartridge for durability and long-lasting performance
Sidespray allows for greater sink accessibility
4-hole installation
Unlacquered Brass and Tuscan Brass are living finishes that naturally age over time and develop a patina unique to its environment. Returns based on finish will not be accepted.
RELATED PRODUCTS",https://cdn11.bigcommerce.com/s-80sqzb3h0c/images/stencil/600x600/products/107710/127378/9439b3c14f6d768461d2d7fa09b87941005ecaa2__80783.1779364793.jpg?c=1,"Warranted Finish
YES
Warranty
LIMITED LIFETIME WARRANTY
Product Type
KITCHEN FAUCETS
Style
TRADITIONAL
Hole Configuration
4
Mounting Location
DECK
Installation Type
DECK
Shape
COLUMN SPOUT"
https://houseofrohl.com/acqui-column-spout-filter-faucet-polished-chrome-with-white-porcelain-lever-handle-a1435lpapc-2/,Acqui® Filter Kitchen Faucet - Polished Chrome | Model Number: A1435LPAPC-2,A1435LPAPC2,824438196087,"FEATURES
Enjoy clean filtered water next to your primary kitchen faucet for a trusted source of drinking water
Spout swivels for easy access
Filtered water .5 GPM/1.9 LPM at 45 PSI
Designed to work with our HRK-2000 filtration system, sold separately
Solid brass construction delivers the utmost in beauty, durability and long-lasting performance
Ceramic disc cartridge for durability and long-lasting performance
Not suitable for R.O. systems or instant hot systems
Tuscan Brass is a living finish that naturally age over time and develop a patina unique to its environment. Returns based on finish will not be accepted.
RELATED PRODUCTS",https://cdn11.bigcommerce.com/s-80sqzb3h0c/images/stencil/600x600/products/107726/121728/2ea91d9929bc5cd3f00a67802bd0c9793050acd6__89085.1779348977.jpg?c=1,"Warranted Finish
YES
Warranty
LIMITED LIFETIME WARRANTY
Product Type
FILTRATION
Style
TRADITIONAL
Hole Configuration
1
Mounting Location
DECK
Installation Type
SINGLE HOLE
Shape
COLUMN SPOUT"
https://houseofrohl.com/acqui-column-spout-filter-faucet-polished-chrome-with-metal-lever-handle-akit1435lmapc-2/,Acqui® Filter Kitchen Faucet Kit - Polished Chrome | Model Number: AKIT1435LMAPC-2,AKIT1435LMAPC2,824438211735,"FEATURES
Enjoy clean filtered water next to your primary kitchen faucet for a trusted source of drinking water
Spout swivels for easy access
Filtered water .5 GPM/1.9 LPM at 45 PSI
Solid brass construction delivers the utmost in beauty, durability and long-lasting performance
Ceramic disc cartridge for durability and long-lasting performance
Not suitable for R.O. systems or instant hot systems
Top of the line 0.2-micron ceramic filter and active carbon material
Yields reduced PFA’s, lead, heavy metals, bacteria, foul taste and odor
Unlacquered Brass and Tuscan Brass are living finishes that naturally age over time and develop a patina unique to its environment. Returns based on finish will not be accepted.
RELATED PRODUCTS",https://cdn11.bigcommerce.com/s-80sqzb3h0c/images/stencil/600x600/products/107730/128547/9ecff45ebafd9bfe336488ca82a8afb33a916eb3__37295.1779366162.jpg?c=1,"Warranted Finish
YES
Warranty
LIMITED LIFETIME WARRANTY
Product Type
FILTRATION
Style
TRADITIONAL
Hole Configuration
1
Mounting Location
DECK
Installation Type
SINGLE HOLE
Shape
COLUMN SPOUT"
https://houseofrohl.com/acqui-column-spout-filter-faucet-polished-chrome-with-cross-handle-akit1435xmapc-2/,Acqui® Filter Kitchen Faucet Kit - Polished Chrome | Model Number: AKIT1435XMAPC-2,AKIT1435XMAPC2,824438211834,"FEATURES
Enjoy clean filtered water next to your primary kitchen faucet for a trusted source of drinking water
Spout swivels for easy access
Filtered water .5 GPM/1.9 LPM at 45 PSI
Solid brass construction delivers the utmost in beauty, durability and long-lasting performance
Ceramic disc cartridge for durability and long-lasting performance
Not suitable for R.O. systems or instant hot systems
Top of the line 0.2-micron ceramic filter and active carbon material
Yields reduced PFA’s, lead, heavy metals, bacteria, foul taste and odor
Tuscan Brass is a living finish that naturally age over time and develop a patina unique to its environment. Returns based on finish will not be accepted.
RELATED PRODUCTS",https://cdn11.bigcommerce.com/s-80sqzb3h0c/images/stencil/600x600/products/107729/126084/341c5261235903902a7eb4a29f67ab895c670a05__46697.1779358024.jpg?c=1,"Room
KITCHEN
Warranted Finish
YES
Warranty
LIMITED LIFETIME WARRANTY
Product Type
FILTRATION
Style
TRADITIONAL
Hole Configuration
1
Mounting Location
DECK
Installation Type
SINGLE HOLE"
https://houseofrohl.com/acqui-column-spout-filter-faucet-polished-chrome-with-metal-lever-handle-a1435lmapc-2/,Acqui® Filter Kitchen Faucet - Polished Chrome | Model Number: A1435LMAPC-2,A1435LMAPC2,824438196032,"FEATURES
Enjoy clean filtered water next to your primary kitchen faucet for a trusted source of drinking water
Spout swivels for easy access
Filtered water .5 GPM/1.9 LPM at 45 PSI
Designed to work with our HRK-2000 filtration system, sold separately
Solid brass construction delivers the utmost in beauty, durability and long-lasting performance
Ceramic disc cartridge for durability and long-lasting performance
Not suitable for R.O. systems or instant hot systems
Unlacquered Brass and Tuscan Brass are living finishes that naturally age over time and develop a patina unique to its environment. Returns based on finish will not be accepted.
RELATED PRODUCTS",https://cdn11.bigcommerce.com/s-80sqzb3h0c/images/stencil/600x600/products/107748/124009/048b1c97eb3b7ea471ec4d3bfb26d5aa6c2b73a3__19430.1779351528.jpg?c=1,"Warranted Finish
YES
Warranty
LIMITED LIFETIME WARRANTY
Product Type
FILTRATION
Style
TRADITIONAL
Hole Configuration
1
Mounting Location
DECK
Installation Type
SINGLE HOLE
Shape
COLUMN SPOUT"
https://houseofrohl.com/acqui-column-spout-filter-faucet-polished-chrome-with-cross-handle-a1435xmapc-2/,Acqui® Filter Kitchen Faucet - Polished Chrome | Model Number: A1435XMAPC-2,A1435XMAPC2,824438196148,"FEATURES
Enjoy clean filtered water next to your primary kitchen faucet for a trusted source of drinking water
Spout swivels for easy access
Filtered water .5 GPM/1.9 LPM at 45 PSI
Designed to work with our HRK-2000 filtration system, sold separately
Solid brass construction delivers the utmost in beauty, durability and long-lasting performance
Ceramic disc cartridge for durability and long-lasting performance
Not suitable for R.O. systems or instant hot systems
Unlacquered Brass and Tuscan Brass are living finishes that naturally age over time and develop a patina unique to its environment. Returns based on finish will not be accepted.
RELATED PRODUCTS",https://cdn11.bigcommerce.com/s-80sqzb3h0c/images/stencil/600x600/products/107753/127027/2d4895a1ae54e1f72c37eea2c25f14c9bb0c9e13__01907.1779364418.jpg?c=1,"Warranted Finish
YES
Warranty
LIMITED LIFETIME WARRANTY
Product Type
FILTRATION
Style
TRADITIONAL
Hole Configuration
1
Mounting Location
DECK
Installation Type
SINGLE HOLE
Shape
COLUMN SPOUT"
https://houseofrohl.com/acqui-column-spout-filter-faucet-polished-chrome-with-white-porcelain-lever-handle-akit1435lpapc-2/,Acqui® Filter Kitchen Faucet Kit - Polished Chrome | Model Number: AKIT1435LPAPC-2,AKIT1435LPAPC2,824438211780,"FEATURES
Enjoy clean filtered water next to your primary kitchen faucet for a trusted source of drinking water
Spout swivels for easy access
Filtered water .5 GPM/1.9 LPM at 45 PSI
Solid brass construction delivers the utmost in beauty, durability and long-lasting performance
Ceramic disc cartridge for durability and long-lasting performance
Not suitable for R.O. systems or instant hot systems
Top of the line 0.2-micron ceramic filter and active carbon material
Yields reduced PFA’s, lead, heavy metals, bacteria, foul taste and odor
Tuscan Brass is a living finish that naturally age over time and develop a patina unique to its environment. Returns based on finish will not be accepted.
RELATED PRODUCTS",https://cdn11.bigcommerce.com/s-80sqzb3h0c/images/stencil/600x600/products/107758/129853/7278db871e8810ec5312c8cdda2a98411e50a246__59402.1779367629.jpg?c=1,"Warranted Finish
YES
Warranty
LIMITED LIFETIME WARRANTY
Product Type
FILTRATION
Style
TRADITIONAL
Hole Configuration
1
Mounting Location
DECK
Installation Type
SINGLE HOLE
Shape
COLUMN SPOUT"
https://houseofrohl.com/acqui-column-spout-hot-water-faucet-tank-and-filter-kit-polished-chrome-with-metal-lever-handle-gkit1445lmapc-2/,"Acqui® Hot Water Dispenser, Tank And Filter Kit - Polished Chrome | Model Number: GKIT1445LMAPC-2",GKIT1445LMAPC2,824438361010,"FEATURES
Dedicated energy-saving hot water dispenser is ideal for preparation of hot drinks, thawing frozen vegetables and cleaning grease
Kit includes U.1998 hot water tank, G1445LM-2 hot water faucet, U.1106 hot water filter
Filtered water .5 GPM/1.9 LPM at 45 PSI
Solid brass construction delivers the utmost in beauty, durability and long-lasting performance
Not compatible with ISE tanks
Unlacquered Brass and Tuscan Brass are living finishes that naturally age over time and develop a patina unique to its environment. Returns based on finish will not be accepted.
Handle may only be installed on the right side.
RELATED PRODUCTS",https://cdn11.bigcommerce.com/s-80sqzb3h0c/images/stencil/600x600/products/107764/129491/b8b189a8b9a54e273b90d7eb5e581a85667a4437__88711.1779367210.jpg?c=1,"Warranted Finish
YES
Warranty
5-YEAR LIMITED WARRANTY ON FAUCET AND 3 YEARS ON TANK
Product Type
HOT WATER DISPENSER
Style
TRADITIONAL
Hole Configuration
1
Mounting Location
DECK
Installation Type
SINGLE HOLE
Shape
COLUMN SPOUT"
https://houseofrohl.com/acqui-column-spout-hot-water-faucet-polished-chrome-with-metal-lever-handle-g1445lmapc-2/,Acqui® Hot Water Dispenser - Polished Chrome | Model Number: G1445LMAPC-2,G1445LMAPC2,824438345461,"FEATURES
Dedicated energy-saving hot water dispenser is ideal for preparation of hot drinks, thawing frozen vegetables and cleaning grease
Hot water .5 GPM/1.9 LPM at 45 PSI
Solid brass construction delivers the utmost in beauty, durability and long-lasting performance
Only compatible with the Perrin & Rowe U.1998 high performance hot water tank and U.1106 filter system
Does not work with ISE tank systems
Unlacquered Brass and Tuscan Brass are living finishes that naturally age over time and develop a patina unique to its environment. Returns based on finish will not be accepted.
Handle may only be installed on the right side.
RELATED PRODUCTS",https://cdn11.bigcommerce.com/s-80sqzb3h0c/images/stencil/600x600/products/107772/126552/5bad23d6d4327a2db8d919f6f874945170b4dacb__09745.1779363890.jpg?c=1,"Warranted Finish
YES
Warranty
5-YEAR LIMITED WARRANTY
Product Type
HOT WATER DISPENSER
Style
TRADITIONAL
Hole Configuration
1
Mounting Location
DECK
Installation Type
SINGLE HOLE
Shape
COLUMN SPOUT"
https://houseofrohl.com/acqui-single-hole-column-spout-bar-food-prep-faucet-polished-chrome-with-metal-lever-handle-a1680lmapc-2/,Acqui® Two Handle Bar/Food Prep Kitchen Faucet - Polished Chrome | Model Number: A1680LMAPC-2,A1680LMAPC2,824438198524,"FEATURES
Swivel spout rotates for greater sink accessibility
Solid brass construction delivers the utmost in beauty, durability and long-lasting performance
Ceramic disc cartridge for durability and long-lasting performance
Flow rate of 1.5 GPM/5.69 LPM at 60 PSI for effective cleaning
All necessary mounting hardware included
Unlacquered Brass and Tuscan Brass are living finishes that naturally age over time and develop a patina unique to its environment. Returns based on finish will not be accepted.
RELATED PRODUCTS",https://cdn11.bigcommerce.com/s-80sqzb3h0c/images/stencil/600x600/products/107785/124687/f58a421cee0f8d4fa866cbfda0097f55b0b8f25c__14111.1779352271.jpg?c=1,"Warranted Finish
YES
Warranty
LIMITED LIFETIME WARRANTY
Product Type
BAR/FOOD PREP FAUCETS
Style
TRADITIONAL
Hole Configuration
1
Mounting Location
DECK
Installation Type
SINGLE HOLE
Shape
COLUMN SPOUT"
https://houseofrohl.com/acqui-single-hole-column-spout-bar-food-prep-faucet-polished-chrome-with-white-porcelain-lever-handle-a1680lpapc-2/,Acqui® Two Handle Bar/Food Prep Kitchen Faucet - Polished Chrome | Model Number: A1680LPAPC-2,A1680LPAPC2,824438198579,"FEATURES
Swivel spout rotates for greater sink accessibility
Solid brass construction delivers the utmost in beauty, durability and long-lasting performance
Ceramic disc cartridge for durability and long-lasting performance
Flow rate of 1.5 GPM/5.69 LPM at 60 PSI for effective cleaning
All necessary mounting hardware included
Tuscan Brass is a living finish that naturally age over time and develop a patina unique to its environment. Returns based on finish will not be accepted.
RELATED PRODUCTS",https://cdn11.bigcommerce.com/s-80sqzb3h0c/images/stencil/600x600/products/107799/128150/5ac77af867167b14184b70396a4837fa845758ec__37274.1779365723.jpg?c=1,"Warranted Finish
YES
Warranty
LIMITED LIFETIME WARRANTY
Product Type
BAR/FOOD PREP FAUCETS
Style
TRADITIONAL
Hole Configuration
1
Mounting Location
DECK
Installation Type
SINGLE HOLE
Shape
COLUMN SPOUT"
https://houseofrohl.com/acqui-single-hole-column-spout-kitchen-faucet-with-sidespray-polished-chrome-with-white-porcelain-lever-handle-a1679lpwsapc-2/,Acqui® Two Handle Kitchen Faucet With Side Spray - Polished Chrome | Model Number: A1679LPWSAPC-2,A1679LPWSAPC2,824438198470,"FEATURES
Add a touch of whimsy to your kitchen with this beautifully crafted kitchen faucet
2-hole installation with dedicated hot and cold levers for maximum control
Flow rate of 1.5 GPM/5.69 LPM at 60 PSI for effective cleaning while optimizing water usage
Matching Bar/Food Prep kitchen faucet is available
Solid brass construction delivers the utmost in beauty, durability and long-lasting performance
Ceramic disc cartridge for durability and long-lasting performance
Sidespray allows for greater sink accessibility
Swivel spout rotates for greater sink accessibility
Tuscan Brass is a living finish that naturally age over time and develop a patina unique to its environment. Returns based on finish will not be accepted.
RELATED PRODUCTS",https://cdn11.bigcommerce.com/s-80sqzb3h0c/images/stencil/600x600/products/107840/129754/0a1c55e64f92d0bb290415b0f285a8dc52d3eec2__75731.1779367513.jpg?c=1,"Warranted Finish
YES
Warranty
LIMITED LIFETIME WARRANTY
Product Type
KITCHEN FAUCETS
Style
TRADITIONAL
Hole Configuration
2
Mounting Location
DECK
Installation Type
DECK
Shape
COLUMN SPOUT"
https://houseofrohl.com/acqui-single-hole-column-spout-kitchen-faucet-with-sidespray-polished-chrome-with-metal-lever-handle-a1679lmwsapc-2/,Acqui® Two Handle Kitchen Faucet With Side Spray - Polished Chrome | Model Number: A1679LMWSAPC-2,A1679LMWSAPC2,824438198371,"FEATURES
Add a touch of whimsy to your kitchen with this beautifully crafted kitchen faucet
2-hole installation with dedicated hot and cold levers for maximum control
Flow rate of 1.5 GPM/5.69 LPM at 60 PSI for effective cleaning while optimizing water usage
Matching Bar/Food Prep kitchen faucet is available
Solid brass construction delivers the utmost in beauty, durability and long-lasting performance
Ceramic disc cartridge for durability and long-lasting performance
Sidespray allows for greater sink accessibility
Swivel spout rotates for greater sink accessibility
Unlacquered Brass and Tuscan Brass are living finishes that naturally age over time and develop a patina unique to its environment. Returns based on finish will not be accepted.
RELATED PRODUCTS",https://cdn11.bigcommerce.com/s-80sqzb3h0c/images/stencil/600x600/products/107846/129505/b7b36ef1db872530fd99c058485d37804b5567aa__49420.1779367228.jpg?c=1,"Warranted Finish
YES
Warranty
LIMITED LIFETIME WARRANTY
Product Type
KITCHEN FAUCETS
Style
TRADITIONAL
Hole Configuration
2
Mounting Location
DECK
Installation Type
DECK
Shape
COLUMN SPOUT"
https://houseofrohl.com/acqui-single-hole-column-spout-kitchen-faucet-with-sidespray-polished-chrome-with-metal-lever-handle-a3608lmwsapc-2/,Acqui® Kitchen Faucet With Side Spray - Polished Chrome | Model Number: A3608LMWSAPC-2,A3608LMWSAPC2,824438200913,"FEATURES
A faucet as unique as its owner
Flow rate of 1.5 GPM/5.69 LPM at 60 PSI for effective cleaning while optimizing water usage
Swivel spout rotates for greater sink accessibility
Matching Bar/Food Prep kitchen faucet is available
Sidespray allows for greater sink accessibility
Ceramic disc cartridge for durability and long-lasting performance
Unlacquered Brass and Tuscan Brass are living finishes that naturally age over time and develop a patina unique to its environment. Returns based on finish will not be accepted.
RELATED PRODUCTS",https://cdn11.bigcommerce.com/s-80sqzb3h0c/images/stencil/600x600/products/107851/125045/2d05e3ded4f49845c729aceaa091af57c20ab5ea__46502.1779352698.jpg?c=1,"Warranted Finish
YES
Warranty
LIMITED LIFETIME WARRANTY
Product Type
KITCHEN FAUCETS
Style
TRADITIONAL
Hole Configuration
2
Mounting Location
DECK
Installation Type
DECK
Shape
COLUMN SPOUT"
https://houseofrohl.com/acqui-single-hole-column-spout-kitchen-faucet-with-sidespray-polished-chrome-with-white-porcelain-lever-handle-a3608lpwsapc-2/,Acqui® Kitchen Faucet With Side Spray - Polished Chrome | Model Number: A3608LPWSAPC-2,A3608LPWSAPC2,824438201019,"FEATURES
A faucet as unique as its owner
Flow rate of 1.5 GPM/5.69 LPM at 60 PSI for effective cleaning while optimizing water usage
Swivel spout rotates for greater sink accessibility
Matching Bar/Food Prep kitchen faucet is available
Sidespray allows for greater sink accessibility
Ceramic disc cartridge for durability and long-lasting performance
Tuscan Brass is a living finish that naturally age over time and develop a patina unique to its environment. Returns based on finish will not be accepted.
RELATED PRODUCTS",https://cdn11.bigcommerce.com/s-80sqzb3h0c/images/stencil/600x600/products/107858/127800/722df40bf471e4e572493c84e83f5e317e74c93b__58194.1779365297.jpg?c=1,"Warranted Finish
YES
Warranty
LIMITED LIFETIME WARRANTY
Product Type
KITCHEN FAUCETS
Style
TRADITIONAL
Hole Configuration
2
Mounting Location
DECK
Installation Type
DECK
Shape
COLUMN SPOUT"
https://houseofrohl.com/acqui-single-hole-column-spout-kitchen-faucet-with-sidespray-and-extended-spout-polished-chrome-with-white-porcelain-lever-handle-a3608-11lpwsapc-2/,DISCONTINUED Acqui® Extended Spout Kitchen Faucet With Side Spray - Polished Chrome | Model Number: A3608/11LPWSAPC-2,A360811LPWSAPC2,824438200616,"FEATURES
A faucet as unique as its owner with an extended spout reach
Flow rate of 1.5 GPM/5.69 LPM at 60 PSI for effective cleaning while optimizing water usage
Swivel spout rotates for greater sink accessibility
Matching Bar/Food Prep kitchen faucet is available
Sidespray allows for greater sink accessibility
Ceramic disc cartridge for durability and long-lasting performance
Tuscan Brass is a living finish that naturally age over time and develop a patina unique to its environment. Returns based on finish will not be accepted.
RELATED PRODUCTS",https://cdn11.bigcommerce.com/s-80sqzb3h0c/images/stencil/600x600/products/107864/126030/88368d75261b3fe9bfd7dbdf71c40d8c6381f244__57468.1779357969.jpg?c=1,"Warranted Finish
YES
Warranty
LIMITED LIFETIME WARRANTY
Product Type
KITCHEN FAUCETS
Style
TRADITIONAL
Hole Configuration
2
Mounting Location
DECK
Installation Type
DECK
Shape
COLUMN SPOUT"
https://houseofrohl.com/holborn-pulldown-kitchen-faucet-polished-chrome-with-metal-lever-handle-u-4044apc-2/,Holborn™ Pull-Down Kitchen Faucet With C-Spout - Polished Chrome | Model Number: U.4044APC-2,U4044APC2,824438374782,"FEATURES
Dual-spray functionality with ability to toggle between stream and spray settings
Flow rate of 1.75 GPM/6.6 LPM at 60 PSI for effective cleaning while optimizing water usage
Retractable pull-down metal handspray with secure docking system
Swivel spout rotates for greater sink accessibility
Matching Bar/Food Prep kitchen faucet is available
Nylon braided hose delivers quieter functionality
Ceramic disc cartridge for durability and long-lasting performance
Solid brass construction delivers the utmost in beauty, durability and long-lasting performance
Requires 2 1/2"" clearance from backsplash to center of faucet hole
Unlacquered Brass is a living finish that naturally age over time and develop a patina unique to its environment. Returns based on finish will not be accepted.
RELATED PRODUCTS",https://cdn11.bigcommerce.com/s-80sqzb3h0c/images/stencil/600x600/products/108129/122014/560930d48ff08d932aa1666a5b10dd3e5195f4f1__93579.1779349289.jpg?c=1,"Warranted Finish
YES
Warranty
LIMITED LIFETIME WARRANTY
Product Type
PULL-OUT/PULL-DOWN FAUCETS
Style
TRANSITIONAL
Hole Configuration
1
Mounting Location
DECK
Installation Type
SINGLE HOLE
Shape
C-SPOUT"
https://houseofrohl.com/holborn-pulldown-bar-and-food-prep-faucet-polished-chrome-with-metal-lever-handle-u-4043apc-2/,Holborn™ Pull-Down Bar/Food Prep Kitchen Faucet - Polished Chrome | Model Number: U.4043APC-2,U4043APC2,824438385641,"FEATURES
Dual-spray functionality with ability to toggle between stream and spray settings
Retractable pull-down handspray with secure docking system
Silent braided nylon hose reduces friction between pull-down hose and faucet spout for quieter operation
Flow rate of 1.8 GPM/6.8 LPM at 60 PSI for effective cleaning
Solid brass construction delivers the utmost in beauty, durability and long-lasting performance
Ceramic disc cartridge for durability and long-lasting performance
All necessary mounting hardware included
Requires 2 1/2"" clearance from backsplash to center of faucet hole
Unlacquered Brass is a living finish that naturally age over time and develop a patina unique to its environment. Returns based on finish will not be accepted.
RELATED PRODUCTS",https://cdn11.bigcommerce.com/s-80sqzb3h0c/images/stencil/600x600/products/108135/114889/rfjhzuczczeabxqwkryy__00978.1652162706.jpg?c=1,"Warranted Finish
YES
Warranty
LIMITED LIFETIME WARRANTY
Product Type
BAR/FOOD PREP FAUCETS
Style
TRANSITIONAL
Hole Configuration
1
Mounting Location
DECK
Installation Type
SINGLE HOLE
Shape
C-SPOUT"
https://houseofrohl.com/armstrong-pulldown-bar-and-food-prep-faucet-polished-chrome-with-metal-lever-handle-u-4543ht-apc-2/,Armstrong™ Pull-Down Bar/Food Prep Kitchen Faucet - Polished Chrome | Model Number: U.4543HT-APC-2,U4543HTAPC2,685333454302,"FEATURES
Dual-spray functionality with ability to toggle between stream and spray settings
Retractable pull-down handspray with secure docking system
Silent braided nylon hose reduces friction between pull-down hose and faucet spout for quieter operation
Flow rate of 1.8 GPM/6.8 LPM at 60 PSI for effective cleaning
Solid brass construction delivers the utmost in beauty, durability and long-lasting performance
Ceramic disc cartridge for durability and long-lasting performance
All necessary mounting hardware included
Requires 2 1/2"" clearance from backsplash to center of faucet hole
Unlacquered Brass is a living finish that naturally age over time and develop a patina unique to its environment. Returns based on finish will not be accepted.
RELATED PRODUCTS",https://cdn11.bigcommerce.com/s-80sqzb3h0c/images/stencil/600x600/products/108142/114916/d4exy7eagcclylp80lly__82760.1652162716.jpg?c=1,"Warranted Finish
YES
Warranty
LIMITED LIFETIME WARRANTY
Product Type
BAR/FOOD PREP FAUCETS
Style
TRANSITIONAL
Hole Configuration
1
Mounting Location
DECK
Installation Type
SINGLE HOLE
Shape
C-SPOUT"
https://houseofrohl.com/armstrong-pulldown-touchless-kitchen-faucet-polished-chrome-with-metal-lever-handle-u-4534ht-apc-2/,Armstrong™ Pull-Down Touchless Kitchen Faucet - Polished Chrome | Model Number: U.4534HT-APC-2,U4534HTAPC2,685333453404,"FEATURES
The Perrin & Rowe® touchless technology allows you to turn water on and off with the motion of your hand. Touchless activation minimizes cross-contamination, improving the overall wellness of the kitchen. In addition, the peripheral position of the sensor minimizes false starts and optimizes water usage.
Dual-spray functionality with ability to toggle between stream and spray settings
Flow rate of 1.8 GPM/6.8 LPM at 60 PSI for effective cleaning while optimizing water usage
Retractable pull-down metal handspray with secure docking system
Swivel spout rotates for greater sink accessibility
Matching Bar/Food Prep kitchen faucet is available
Nylon braided hose delivers quieter functionality
Ceramic disc cartridge for durability and long-lasting performance
Solid brass construction delivers the utmost in beauty, durability and long-lasting performance
Requires 2 1/2"" clearance from backsplash to center of faucet hole
Unlacquered Brass is a living finish that naturally age over time and develop a patina unique to its environment. Returns based on finish will not be accepted.
3"" (7.62 cm) activation range and 2 minute auto shut-off
Requires 8"" (20.3 cm) clearance from sensor
RELATED PRODUCTS",https://cdn11.bigcommerce.com/s-80sqzb3h0c/images/stencil/600x600/products/108151/114926/loim8zruxcd15ga9ac80__21760.1652162720.jpg?c=1,"Warranted Finish
YES
Warranty
LIMITED LIFETIME WARRANTY
Product Type
PULL-OUT/PULL-DOWN FAUCETS
Style
TRANSITIONAL
Hole Configuration
1
Mounting Location
DECK
Installation Type
SINGLE HOLE
Shape
C-SPOUT"
https://houseofrohl.com/armstrong-bar-and-food-prep-faucet-polished-chrome-with-metal-lever-handle-u-4513ht-apc-2/,Armstrong™ Bar/Food Prep Kitchen Faucet - Polished Chrome | Model Number: U.4513HT-APC-2,U4513HTAPC2,685333451301,"FEATURES
Swivel spout rotates for greater sink accessibility
Solid brass construction delivers the utmost in beauty, durability and long-lasting performance
Ceramic disc cartridge for durability and long-lasting performance
Flow rate of 1.8 GPM/6.8 LPM at 60 PSI for effective cleaning
All necessary mounting hardware included
Requires 2 1/2"" clearance from backsplash to center of faucet hole
Unlacquered Brass is a living finish that naturally age over time and develop a patina unique to its environment. Returns based on finish will not be accepted.
RELATED PRODUCTS",https://cdn11.bigcommerce.com/s-80sqzb3h0c/images/stencil/600x600/products/108148/114911/hjbaur1znfwn8qgq5hxz__20678.1652162714.jpg?c=1,"Warranted Finish
YES
Warranty
LIMITED LIFETIME WARRANTY
Product Type
BAR/FOOD PREP FAUCETS
Style
TRANSITIONAL
Hole Configuration
1
Mounting Location
DECK
Installation Type
SINGLE HOLE
Shape
C-SPOUT"
https://houseofrohl.com/armstrong-bridge-kitchen-faucet-polished-chrome-with-metal-lever-handle-u-4549ht-apc-2/,Armstrong™ Pull-Down Bridge Kitchen Faucet With C-Spout - Polished Chrome | Model Number: U.4549HT-APC-2,U4549HTAPC2,685333454906,"FEATURES
Add elegance and old world charm with a bridge kitchen faucet
Dual-spray functionality with ability to toggle between stream and spray settings
Flow rate of 1.8 GPM/6.8 LPM at 60 PSI for effective cleaning while optimizing water usage
Retractable pull-down metal handspray with secure docking system
Swivel spout rotates for greater sink accessibility
Matching Bar/Food Prep kitchen faucet is available
Nylon braided hose delivers quieter functionality
Ceramic disc cartridge for durability and long-lasting performance
Solid brass construction delivers the utmost in beauty, durability and long-lasting performance
3-hole installation
Unlacquered Brass is a living finish that naturally age over time and develop a patina unique to its environment. Returns based on finish will not be accepted.
RELATED PRODUCTS",https://cdn11.bigcommerce.com/s-80sqzb3h0c/images/stencil/600x600/products/108156/114901/ztihtegsvcoabor4vpzi__54425.1652162710.jpg?c=1,"Warranted Finish
YES
Warranty
LIMITED LIFETIME WARRANTY
Product Type
PULL-OUT/PULL-DOWN FAUCETS
Style
TRANSITIONAL
Hole Configuration
3
Mounting Location
DECK
Installation Type
DECK
Shape
C-SPOUT"
https://houseofrohl.com/armstrong-pulldown-kitchen-faucet-polished-chrome-with-metal-lever-handle-u-4544ht-apc-2/,Armstrong™ Pull-Down Kitchen Faucet With C-Spout - Polished Chrome | Model Number: U.4544HT-APC-2,U4544HTAPC2,685333454401,"FEATURES
Dual-spray functionality with ability to toggle between stream and spray settings
Flow rate of 1.75 GPM/6.6 LPM at 60 PSI for effective cleaning while optimizing water usage
Retractable pull-down metal handspray with secure docking system
Swivel spout rotates for greater sink accessibility
Matching Bar/Food Prep kitchen faucet is available
Nylon braided hose delivers quieter functionality
Ceramic disc cartridge for durability and long-lasting performance
Solid brass construction delivers the utmost in beauty, durability and long-lasting performance
Requires 2 1/2"" clearance from backsplash to center of faucet hole
Unlacquered Brass is a living finish that naturally age over time and develop a patina unique to its environment. Returns based on finish will not be accepted.
RELATED PRODUCTS",https://cdn11.bigcommerce.com/s-80sqzb3h0c/images/stencil/600x600/products/108153/114921/ngkxukfsexels9le2yyc__88779.1652162718.jpg?c=1,"Warranted Finish
YES
Warranty
LIMITED LIFETIME WARRANTY
Product Type
PULL-OUT/PULL-DOWN FAUCETS
Style
TRANSITIONAL
Hole Configuration
1
Mounting Location
DECK
Installation Type
SINGLE HOLE
Shape
C-SPOUT"
https://houseofrohl.com/campo-deck-mount-u-spout-3-leg-bridge-faucet-with-sidespray-polished-chrome-with-industrial-metal-wheel-handle-a3358iwwsapc-2/,Campo™ Bridge Kitchen Faucet With Side Spray - Polished Chrome | Model Number: A3358IWWSAPC-2,A3358IWWSAPC2,824438356214,"FEATURES
Add elegance and old world charm with a bridge kitchen faucet
Flow rate of 1.5 GPM/5.69 LPM at 60 PSI for effective cleaning while optimizing water usage
Matching Bar/Food Prep kitchen faucet is available
Solid brass construction delivers the utmost in beauty, durability and long-lasting performance
Ceramic disc cartridge for durability and long-lasting performance
Sidespray allows for greater sink accessibility
Unlacquered Brass and Tuscan Brass are living finishes that naturally age over time and develop a patina unique to its environment. Returns based on finish will not be accepted.
RELATED PRODUCTS",https://cdn11.bigcommerce.com/s-80sqzb3h0c/images/stencil/600x600/products/108717/115143/mv08nfabv8res1eh1icc__63207.1652162917.jpg?c=1,"Warranted Finish
YES
Warranty
LIMITED LIFETIME WARRANTY
Product Type
KITCHEN FAUCETS
Style
TRANSITIONAL
Hole Configuration
4
Mounting Location
DECK
Installation Type
DECK
Shape
U-SPOUT"
https://houseofrohl.com/campo-deck-mount-u-spout-3-leg-bridge-faucet-with-sidespray-polished-chrome-with-industrial-metal-lever-handle-a3358ilwsapc-2/,Campo™ Bridge Kitchen Faucet With Side Spray - Polished Chrome | Model Number: A3358ILWSAPC-2,A3358ILWSAPC2,824438355552,"FEATURES
Add elegance and old world charm with a bridge kitchen faucet
Flow rate of 1.5 GPM/5.69 LPM at 60 PSI for effective cleaning while optimizing water usage
Matching Bar/Food Prep kitchen faucet is available
Solid brass construction delivers the utmost in beauty, durability and long-lasting performance
Ceramic disc cartridge for durability and long-lasting performance
Sidespray allows for greater sink accessibility
Unlacquered Brass and Tuscan Brass are living finishes that naturally age over time and develop a patina unique to its environment. Returns based on finish will not be accepted.
RELATED PRODUCTS",https://cdn11.bigcommerce.com/s-80sqzb3h0c/images/stencil/600x600/products/108715/115142/c9bw8zwxvzrak43n3ydo__37044.1652162916.jpg?c=1,"Warranted Finish
YES
Warranty
LIMITED LIFETIME WARRANTY
Product Type
KITCHEN FAUCETS
Style
TRANSITIONAL
Hole Configuration
4
Mounting Location
DECK
Installation Type
DECK
Shape
U-SPOUT"
https://houseofrohl.com/gotham-c-spout-hot-water-faucet-tank-and-filter-kit-polished-chrome-with-metal-lever-handle-mbkit7945lmapc-2/,"DISCONTINUED Traditional Hot Water Dispenser, Tank And Filter Kit - Polished Chrome | Model Number: MBKIT7945LMAPC-2",MBKIT7945LMAPC2,824438361201,"FEATURES
Dedicated energy-saving hot water dispenser is ideal for preparation of hot drinks, thawing frozen vegetables and cleaning grease
Kit includes U.1998 hot water tank, MB7945LM-2 hot water faucet, U.1106 hot water filter
Filtered water .5 GPM/1.9 LPM at 45 PSI
Solid brass construction delivers the utmost in beauty, durability and long-lasting performance
Not compatible with ISE tanks
RELATED PRODUCTS",https://cdn11.bigcommerce.com/s-80sqzb3h0c/images/stencil/600x600/products/108725/115184/jh8gexu1nusniszn3oti__97913.1652162935.jpg?c=1,"Warranted Finish
YES
Warranty
5-YEAR LIMITED WARRANTY ON FAUCET AND 3 YEARS ON TANK
Product Type
HOT WATER DISPENSER
Style
TRANSITIONAL
Hole Configuration
1
Mounting Location
DECK
Installation Type
SINGLE HOLE
Shape
C-SPOUT"
https://houseofrohl.com/gotham-c-spout-filter-faucet-polished-chrome-with-metal-lever-handle-mbkit7917lmapc-2/,DISCONTINUED Traditional Filter Kitchen Faucet Kit - Polished Chrome | Model Number: MBKIT7917LMAPC-2,MBKIT7917LMAPC2,824438319417,"FEATURES
Enjoy clean filtered water next to your primary kitchen faucet for a trusted source of drinking water
Spout swivels for easy access
Filtered water .5 GPM/1.9 LPM at 45 PSI
Solid brass construction delivers the utmost in beauty, durability and long-lasting performance
Ceramic disc cartridge for durability and long-lasting performance
Not suitable for R.O. systems or instant hot systems
Top of the line 0.2-micron ceramic filter and active carbon material
Yields reduced PFA’s, lead, heavy metals, bacteria, foul taste and odor
RELATED PRODUCTS",https://cdn11.bigcommerce.com/s-80sqzb3h0c/images/stencil/600x600/products/108728/115171/xdsnvljo1eavlpv2yglp__23698.1652162928.jpg?c=1,"Warranted Finish
YES
Warranty
LIMITED LIFETIME WARRANTY
Product Type
FILTRATION
Style
TRANSITIONAL
Hole Configuration
1
Mounting Location
DECK
Installation Type
DECK
Shape
C-SPOUT"
https://houseofrohl.com/gotham-c-spout-filter-faucet-polished-chrome-with-metal-lever-handle-mb7917lmapc-2/,DISCONTINUED Traditional Filter Kitchen Faucet - Polished Chrome | Model Number: MB7917LMAPC-2,MB7917LMAPC2,824438316799,"FEATURES
Enjoy clean filtered water next to your primary kitchen faucet for a trusted source of drinking water
Spout swivels for easy access
Filtered water .5 GPM/1.9 LPM at 45 PSI
Designed to work with our HRK-2000 filtration system, sold separately
Solid brass construction delivers the utmost in beauty, durability and long-lasting performance
Ceramic disc cartridge for durability and long-lasting performance
Not suitable for R.O. systems or instant hot systems
RELATED PRODUCTS",https://cdn11.bigcommerce.com/s-80sqzb3h0c/images/stencil/600x600/products/108727/127682/dae14dceb7fb486485cc29ba7140df7f683fd92c__43402.1779365153.jpg?c=1,"Warranted Finish
YES
Warranty
LIMITED LIFETIME WARRANTY
Product Type
FILTRATION
Style
TRANSITIONAL
Hole Configuration
1
Mounting Location
DECK
Installation Type
SINGLE HOLE
Shape
C-SPOUT"
https://houseofrohl.com/campo-side-lever-pulldown-faucet-polished-chrome-with-industrial-metal-lever-handle-a3431ilapc-2/,Campo™ Pull-Down Kitchen Faucet - Polished Chrome | Model Number: A3431ILAPC-2,A3431ILAPC2,824438386051,"FEATURES
Dual-spray functionality with ability to toggle between stream and spray settings
Flow rate of 1.8 GPM/6.8 LPM at 60 PSI for effective cleaning while optimizing water usage
Retractable pull-down metal handspray with secure docking system
Swivel spout rotates for greater sink accessibility
Nylon braided hose delivers quieter functionality
Ceramic disc cartridge for durability and long-lasting performance
Requires 2 1/2"" clearance from backsplash to center of faucet hole
Water activates by pushing handle inwards toward spout
Unlacquered Brass and Tuscan Brass are living finishes that naturally age over time and develop a patina unique to its environment. Returns based on finish will not be accepted.
RELATED PRODUCTS",https://cdn11.bigcommerce.com/s-80sqzb3h0c/images/stencil/600x600/products/108737/115287/xdaxttteg39pu851tha8__40529.1652163065.jpg?c=1,"Warranted Finish
YES
Warranty
LIMITED LIFETIME WARRANTY
Product Type
PULL-OUT/PULL-DOWN FAUCETS
Style
TRANSITIONAL
Hole Configuration
1
Mounting Location
DECK
Installation Type
SINGLE HOLE
Shape
U-SPOUT"
https://houseofrohl.com/gotham-c-spout-hot-water-faucet-polished-chrome-with-metal-lever-handle-mb7945lmapc-2/,DISCONTINUED Traditional Hot Water Dispenser - Polished Chrome | Model Number: MB7945LMAPC-2,MB7945LMAPC2,824438345645,"FEATURES
Dedicated energy-saving hot water dispenser is ideal for preparation of hot drinks, thawing frozen vegetables and cleaning grease
Hot water .5 GPM/1.9 LPM at 45 PSI
Solid brass construction delivers the utmost in beauty, durability and long-lasting performance
Only compatible with the Perrin & Rowe U.1998 high performance hot water tank and U.1106 filter system
Does not work with ISE tank systems
RELATED PRODUCTS",https://cdn11.bigcommerce.com/s-80sqzb3h0c/images/stencil/600x600/products/108740/115194/keud8ht3pvh8g95kxqyz__27165.1652162941.jpg?c=1,"Warranted Finish
YES
Warranty
5-YEAR LIMITED WARRANTY
Product Type
HOT WATER DISPENSER
Style
TRANSITIONAL
Hole Configuration
1
Mounting Location
DECK
Installation Type
SINGLE HOLE
Shape
C-SPOUT"
https://houseofrohl.com/graceline-pulldown-bar-and-food-prep-faucet-polished-chrome-with-metal-lever-handle-mb7930slmapc-2/,Graceline® Pull-Down Bar/Food Prep Kitchen Faucet With C-Spout - Polished Chrome | Model Number: MB7930SLMAPC-2,MB7930SLMAPC2,824438386891,"FEATURES
Dual-spray functionality with ability to toggle between stream and spray settings
Retractable pull-down handspray with secure docking system
Silent braided nylon hose reduces friction between pull-down hose and faucet spout for quieter operation
Flow rate of 1.8 GPM/6.8 LPM at 60 PSI for effective cleaning
Solid brass construction delivers the utmost in beauty, durability and long-lasting performance
Ceramic disc cartridge for durability and long-lasting performance
All necessary mounting hardware included
Requires 2 1/2"" clearance from backsplash to center of faucet hole
Unlacquered Brass is a living finish that naturally age over time and develop a patina unique to its environment. Returns based on finish will not be accepted.
RELATED PRODUCTS",https://cdn11.bigcommerce.com/s-80sqzb3h0c/images/stencil/600x600/products/108745/126275/31af062dddccc0bb8e2a5ed773726448970ed3c7__66553.1779360877.jpg?c=1,"Warranted Finish
YES
Warranty
LIMITED LIFETIME WARRANTY
Product Type
BAR/FOOD PREP FAUCETS
Style
TRANSITIONAL
Hole Configuration
1
Mounting Location
DECK
Installation Type
SINGLE HOLE
Shape
C-SPOUT"
https://houseofrohl.com/graceline-pulldown-kitchen-faucet-polished-chrome-with-metal-lever-handle-mb7930lmapc-2/,Graceline® Pull-Down Kitchen Faucet With C-Spout - Polished Chrome | Model Number: MB7930LMAPC-2,MB7930LMAPC2,824438386730,"FEATURES
Dual-spray functionality with ability to toggle between stream and spray settings
Flow rate of 1.8 GPM/6.8 LPM at 60 PSI for effective cleaning while optimizing water usage
Retractable pull-down metal handspray with secure docking system
Swivel spout rotates for greater sink accessibility
Matching Bar/Food Prep kitchen faucet is available
Nylon braided hose delivers quieter functionality
Ceramic disc cartridge for durability and long-lasting performance
Requires 2 1/2"" clearance from backsplash to center of faucet hole
Unlacquered Brass is a living finish that naturally age over time and develop a patina unique to its environment. Returns based on finish will not be accepted.
RELATED PRODUCTS",https://cdn11.bigcommerce.com/s-80sqzb3h0c/images/stencil/600x600/products/108757/126796/fa59996a9bae51371bfc2dd24a55544618853fe3__30101.1779364160.jpg?c=1,"Warranted Finish
YES
Warranty
LIMITED LIFETIME WARRANTY
Product Type
PULL-OUT/PULL-DOWN FAUCETS
Style
TRANSITIONAL
Hole Configuration
1
Mounting Location
DECK
Installation Type
SINGLE HOLE
Shape
C-SPOUT"
https://houseofrohl.com/arolla-inline-filter-system-complete-with-cartridge-hrk-2000/,Arolla™ Filtration System With Cartridge - Not Applicable | Model Number: HRK-2000,HRK2000,824438407695,"FEATURES
Complete with housing, wall mount bracket, connections and HRF-1000 filter cartridge
Filter faucet sold separately
Installed under deck
1/2"" supply inlet hose, 3/8"" supply outlet hose
Includes adaptor to 1/4"" compression
We recommend the use of a professional plumber for installation
Removes particulates, improves taste and reduces all heavy metals
Reduces pathogenic bacteria, cysts, turbidity, organics, foul tastes and odor
1,000 gallon capacity
Filters to 0.2 microns
Meets NSF42 and 53 for chlorine and lead reduction
Top of the line 0.2-micron ceramic filter and active carbon material
Yields reduced PFA’s, lead, heavy metals, bacteria, foul taste and odor
RELATED PRODUCTS",https://cdn11.bigcommerce.com/s-80sqzb3h0c/images/stencil/600x600/products/109102/119552/fhc0xx2cgyu53wrieym6__46268.1711905872.jpg?c=1,"Warranty
LIMITED LIFETIME WARRANTY
Product Type
FILTRATION
Prop 65
YES
Style
TRADITIONAL
Flow Rate
N/A
Ada Compliant
NO"
https://houseofrohl.com/1-function-kitchen-handspray-for-series-az-unfinished-4401/,1-Function Kitchen Handspray For Series AZ - N/A | Model Number: 4401,4401,883186286686,"FEATURES
RELATED PRODUCTS",https://cdn11.bigcommerce.com/s-80sqzb3h0c/images/stencil/600x600/products/109557/117756/kqwxsu4of2hma1yeuyfj__13640.1674912441.jpg?c=1,"Warranty
LIMITED LIFETIME WARRANTY
Product Type
HANDSHOWERS
Prop 65
YES
Flow Rate
N/A
Ada Compliant
NO"
https://houseofrohl.com/2-function-kitchen-handspray-for-series-az-lk-ttrd-ttsq-unfinished-4381/,"2-Function Kitchen Handspray For Series AZ, LK, TTRD, TTSQ - N/A | Model Number: 4381",4381,883186478418,"FEATURES
RELATED PRODUCTS",https://cdn11.bigcommerce.com/s-80sqzb3h0c/images/stencil/600x600/products/109556/117755/nvxxgw6xjjovoqwbnoxe__80190.1674912406.jpg?c=1,"Warranty
LIMITED LIFETIME WARRANTY
Product Type
SPARE PART
Prop 65
YES
Flow Rate
N/A
Ada Compliant
NO"
https://houseofrohl.com/azure-pulldown-kitchen-faucet-chrome-az201c/,Azure™ Pull-Down Kitchen Faucet With C-Spout - Chrome | Model Number: AZ201C,AZ201C,883186465272,"FEATURES
Boomerang™ pull-down technology seamlessly integrates sprayer into the spout while returning it quickly and easily to the sprayer's original position
Dual-spray functionality with ability to toggle between stream and spray settings
Integrated swivel is attached to the pull-down hose with a pivotable ball joint that makes it easy to direct water to all corners of your sink
Retractable pull-down metal handspray with secure docking system
Swivel spout rotates for greater sink accessibility
Flow rate of 1.5 GPM/5.69 LPM at 60 PSI for effective cleaning while optimizing water usage
Matching Bar/Food Prep kitchen faucet is available
Purchase with confidence knowing that this product is backed by limited lifetime warranty
Ceramic disc cartridge for durability and long-lasting performance
RELATED PRODUCTS",https://cdn11.bigcommerce.com/s-80sqzb3h0c/images/stencil/600x600/products/109801/127510/dcdc5c0f90e18f3d5c08ceb341f0f6acea3278e3__66146.1779364961.jpg?c=1,"Warranty
LIMITED LIFETIME WARRANTY
Product Type
PULL-OUT/PULL-DOWN FAUCETS
Style
MODERN
Prop 65
YES
Ansi Approved
YES
Asme Approved
YES
Csa Approved
YES
Csa Code
B125.1"
https://houseofrohl.com/azure-pulldown-kitchen-faucet-stainless-steel-finish-az101ss/,Azure™ Pull-Down Kitchen Faucet With Single Spray - Stainless Steel | Model Number: AZ101SS,AZ101SS,883186172217,"FEATURES
Retractable pull-down metal handspray with secure docking system
Integrated swivel is attached to the pull-down hose with a pivotable ball joint that makes it easy to direct water to all corners of your sink
Swivel spout rotates for greater sink accessibility
Flow rate of 1.8 GPM/6.8 LPM at 60 PSI for effective cleaning
Matching Bar/Food Prep kitchen faucet is available
Silent braided nylon hose reduces friction between pull-down hose and faucet spout for quieter operation
Purchase with confidence knowing that this product is backed by limited lifetime warranty
Ceramic disc cartridge for durability and long-lasting performance
RELATED PRODUCTS",https://cdn11.bigcommerce.com/s-80sqzb3h0c/images/stencil/600x600/products/109800/126177/01421a5693709b81c77275850d38fab0a2184fda__60639.1779358131.jpg?c=1,"Warranty
LIMITED LIFETIME WARRANTY
Product Type
PULL-OUT/PULL-DOWN FAUCETS
Style
MODERN
Prop 65
YES
Ansi Approved
YES
Asme Approved
YES
Csa Approved
YES
Csa Code
B125.1"
https://houseofrohl.com/azure-pulldown-kitchen-faucet-chrome-az101c/,Azure™ Pull-Down Kitchen Faucet With Single Spray - Chrome | Model Number: AZ101C,AZ101C,883186130736,"FEATURES
Retractable pull-down metal handspray with secure docking system
Integrated swivel is attached to the pull-down hose with a pivotable ball joint that makes it easy to direct water to all corners of your sink
Swivel spout rotates for greater sink accessibility
Flow rate of 1.8 GPM/6.8 LPM at 60 PSI for effective cleaning
Matching Bar/Food Prep kitchen faucet is available
Silent braided nylon hose reduces friction between pull-down hose and faucet spout for quieter operation
Purchase with confidence knowing that this product is backed by limited lifetime warranty
Ceramic disc cartridge for durability and long-lasting performance
RELATED PRODUCTS",https://cdn11.bigcommerce.com/s-80sqzb3h0c/images/stencil/600x600/products/109797/129846/bd7939e1bc914b8aac4d3eaa08969e2bc29d4c33__75568.1779367622.jpg?c=1,"Warranty
LIMITED LIFETIME WARRANTY
Product Type
PULL-OUT/PULL-DOWN FAUCETS
Style
MODERN
Prop 65
YES
Ansi Approved
YES
Asme Approved
YES
Csa Approved
YES
Csa Code
B125.1"
https://houseofrohl.com/azure-bridge-pulldown-kitchen-faucet-stainless-steel-finish-az400ss/,Azure™ Bridge Pull-Down Kitchen Faucet With C-Spout - Stainless Steel | Model Number: AZ400SS,AZ400SS,883186465265,"FEATURES
Boomerang™ pull-down technology seamlessly integrates sprayer into the spout while returning it quickly and easily to the sprayer's original position
Dual-spray functionality with ability to toggle between stream and spray settings
Integrated swivel is attached to the pull-down hose with a pivotable ball joint that makes it easy to direct water to all corners of your sink
Retractable pull-down metal handspray with secure docking system
Swivel spout can rotate 360 degrees for greater sink accessibility
Flow rate of 1.5 GPM/5.69 LPM at 60 PSI for effective cleaning while optimizing water usage
Matching Bar/Food Prep kitchen faucet is available
Purchase with confidence knowing that this product is backed by limited lifetime warranty
Ceramic disc cartridge for durability and long-lasting performance
RELATED PRODUCTS",https://cdn11.bigcommerce.com/s-80sqzb3h0c/images/stencil/600x600/products/109808/122412/6a1e5a3bf906ba64825c68539b3bbb9398f83bca__06878.1779349697.jpg?c=1,"Warranty
LIMITED LIFETIME WARRANTY
Product Type
PULL-OUT/PULL-DOWN FAUCETS
Style
MODERN
Prop 65
YES
Ansi Approved
YES
Asme Approved
YES
Csa Approved
YES
Csa Code
B125.1"
https://houseofrohl.com/azure-bridge-pulldown-kitchen-faucet-chrome-az400c/,Azure™ Bridge Pull-Down Kitchen Faucet With C-Spout - Chrome | Model Number: AZ400C,AZ400C,883186465234,"FEATURES
Boomerang™ pull-down technology seamlessly integrates sprayer into the spout while returning it quickly and easily to the sprayer's original position
Dual-spray functionality with ability to toggle between stream and spray settings
Integrated swivel is attached to the pull-down hose with a pivotable ball joint that makes it easy to direct water to all corners of your sink
Retractable pull-down metal handspray with secure docking system
Swivel spout can rotate 360 degrees for greater sink accessibility
Flow rate of 1.5 GPM/5.69 LPM at 60 PSI for effective cleaning while optimizing water usage
Matching Bar/Food Prep kitchen faucet is available
Purchase with confidence knowing that this product is backed by limited lifetime warranty
Ceramic disc cartridge for durability and long-lasting performance
RELATED PRODUCTS",https://cdn11.bigcommerce.com/s-80sqzb3h0c/images/stencil/600x600/products/109805/125294/0fe20971c61c582b70df7e658b261f2093ac692f__21212.1779357212.jpg?c=1,"Warranty
LIMITED LIFETIME WARRANTY
Product Type
PULL-OUT/PULL-DOWN FAUCETS
Style
MODERN
Prop 65
YES
Ansi Approved
YES
Asme Approved
YES
Csa Approved
YES
Csa Code
B125.1"
https://houseofrohl.com/azure-pulldown-kitchen-faucet-stainless-steel-finish-az201ss/,Azure™ Pull-Down Kitchen Faucet With C-Spout - Stainless Steel | Model Number: AZ201SS,AZ201SS,883186465302,"FEATURES
Boomerang™ pull-down technology seamlessly integrates sprayer into the spout while returning it quickly and easily to the sprayer's original position
Dual-spray functionality with ability to toggle between stream and spray settings
Integrated swivel is attached to the pull-down hose with a pivotable ball joint that makes it easy to direct water to all corners of your sink
Retractable pull-down metal handspray with secure docking system
Swivel spout rotates for greater sink accessibility
Flow rate of 1.5 GPM/5.69 LPM at 60 PSI for effective cleaning while optimizing water usage
Matching Bar/Food Prep kitchen faucet is available
Purchase with confidence knowing that this product is backed by limited lifetime warranty
Ceramic disc cartridge for durability and long-lasting performance
RELATED PRODUCTS",https://cdn11.bigcommerce.com/s-80sqzb3h0c/images/stencil/600x600/products/109804/124715/0aab340089d60f3d91eb0e64e7787b3f7d19ca03__94715.1779352307.jpg?c=1,"Warranty
LIMITED LIFETIME WARRANTY
Product Type
PULL-OUT/PULL-DOWN FAUCETS
Style
MODERN
Prop 65
YES
Ansi Approved
YES
Asme Approved
YES
Csa Approved
YES
Csa Code
B125.1"
https://houseofrohl.com/azure-bar-and-food-prep-kitchen-faucet-stainless-steel-finish-az601ss/,Azure™ Bar/Food Prep Kitchen Faucet With C-Spout - Stainless Steel | Model Number: AZ601SS,AZ601SS,883186470917,"FEATURES
Swivel spout rotates for greater sink accessibility
Flow rate of 1.8 GPM/6.8 LPM at 60 PSI for effective cleaning
Solid brass construction delivers the utmost in beauty, durability and long-lasting performance
Ceramic disc cartridge for durability and long-lasting performance
All necessary mounting hardware included
Purchase with confidence knowing that this product is backed by limited lifetime warranty
RELATED PRODUCTS",https://cdn11.bigcommerce.com/s-80sqzb3h0c/images/stencil/600x600/products/109812/125563/eb78f21dccb5e95bf15ec4f310c01bbd1f3bef1f__14488.1779357476.jpg?c=1,"Warranty
LIMITED LIFETIME WARRANTY
Product Type
BAR/FOOD PREP FAUCETS
Style
MODERN
Prop 65
YES
Ada Compliant
NO
Ansi Approved
YES
Asme Approved
YES
Csa Approved
YES"
https://houseofrohl.com/azure-bar-and-food-prep-kitchen-faucet-chrome-az601c/,Azure™ Bar/Food Prep Kitchen Faucet With C-Spout - Chrome | Model Number: AZ601C,AZ601C,883186470887,"FEATURES
Swivel spout rotates for greater sink accessibility
Flow rate of 1.8 GPM/6.8 LPM at 60 PSI for effective cleaning
Solid brass construction delivers the utmost in beauty, durability and long-lasting performance
Ceramic disc cartridge for durability and long-lasting performance
All necessary mounting hardware included
Purchase with confidence knowing that this product is backed by limited lifetime warranty
RELATED PRODUCTS",https://cdn11.bigcommerce.com/s-80sqzb3h0c/images/stencil/600x600/products/109809/122938/96eccb251859915a6877ec654b3d464bb1d3caec__42268.1779350260.jpg?c=1,"Warranty
LIMITED LIFETIME WARRANTY
Product Type
BAR/FOOD PREP FAUCETS
Style
MODERN
Prop 65
YES
Ada Compliant
NO
Ansi Approved
YES
Asme Approved
YES
Csa Approved
YES"
https://houseofrohl.com/azure-filter-kitchen-faucet-chrome-az701c/,Azure™ Filter Kitchen Faucet - Chrome | Model Number: AZ701C,AZ701C,883186470306,"FEATURES
Enjoy clean filtered water next to your primary kitchen faucet for a trusted source of drinking water
Spout swivels for easy access
Filtered water 1.2 GPM/4.5 LPM
Filtration system sold separately
Ceramic disc cartridge for durability and long-lasting performance
Purchase with confidence knowing that this product is backed by limited lifetime warranty
Not suitable for R.O. systems or instant hot systems
RELATED PRODUCTS",https://cdn11.bigcommerce.com/s-80sqzb3h0c/images/stencil/600x600/products/109817/121729/f00771aa419fb4bf7c573dad1ad05a55b0591b8e__27213.1779348977.jpg?c=1,"Warranty
LIMITED LIFETIME WARRANTY
Product Type
FILTRATION
Style
MODERN
Prop 65
YES
Ada Compliant
NO
Ansi Approved
YES
Asme Approved
YES
Csa Approved
YES"
https://houseofrohl.com/azure-two-handle-pulldown-kitchen-faucet-stainless-steel-finish-az801ss/,Azure™ Two Handle Pull-Down Kitchen Faucet With C-Spout - Stainless Steel | Model Number: AZ801SS,AZ801SS,883186465227,"FEATURES
Boomerang™ pull-down technology seamlessly integrates sprayer into the spout while returning it quickly and easily to the sprayer's original position
Dual-spray functionality with ability to toggle between stream and spray settings
Integrated swivel is attached to the pull-down hose with a pivotable ball joint that makes it easy to direct water to all corners of your sink
Retractable pull-down metal handspray with secure docking system
Independently operate hot and cold water for Sabbath observance
Flow rate of 1.5 GPM/5.69 LPM at 60 PSI for effective cleaning while optimizing water usage
Matching Bar/Food Prep kitchen faucet is available
Purchase with confidence knowing that this product is backed by limited lifetime warranty
Ceramic disc cartridge for durability and long-lasting performance
RELATED PRODUCTS",https://cdn11.bigcommerce.com/s-80sqzb3h0c/images/stencil/600x600/products/109824/122233/78b844ddd32c0a90e6761ac5b00e6cb6934d2c53__35760.1779349505.jpg?c=1,"Warranty
LIMITED LIFETIME WARRANTY
Product Type
PULL-OUT/PULL-DOWN FAUCETS
Style
MODERN
Prop 65
YES
Ansi Approved
YES
Asme Approved
YES
Csa Approved
YES
Csa Code
B125.1"
https://houseofrohl.com/azure-two-handle-pulldown-kitchen-faucet-chrome-az801c/,Azure™ Two Handle Pull-Down Kitchen Faucet With C-Spout - Chrome | Model Number: AZ801C,AZ801C,883186465197,"FEATURES
Boomerang™ pull-down technology seamlessly integrates sprayer into the spout while returning it quickly and easily to the sprayer's original position
Dual-spray functionality with ability to toggle between stream and spray settings
Integrated swivel is attached to the pull-down hose with a pivotable ball joint that makes it easy to direct water to all corners of your sink
Retractable pull-down metal handspray with secure docking system
Independently operate hot and cold water for Sabbath observance
Flow rate of 1.5 GPM/5.69 LPM at 60 PSI for effective cleaning while optimizing water usage
Matching Bar/Food Prep kitchen faucet is available
Purchase with confidence knowing that this product is backed by limited lifetime warranty
Ceramic disc cartridge for durability and long-lasting performance
RELATED PRODUCTS",https://cdn11.bigcommerce.com/s-80sqzb3h0c/images/stencil/600x600/products/109821/122777/eb286921bad02a4688cc7b3eb4f138c6f2fa2258__71182.1779350085.jpg?c=1,"Warranty
LIMITED LIFETIME WARRANTY
Product Type
PULL-OUT/PULL-DOWN FAUCETS
Style
MODERN
Prop 65
YES
Ansi Approved
YES
Asme Approved
YES
Csa Approved
YES
Csa Code
B125.1"
https://houseofrohl.com/azure-filter-kitchen-faucet-stainless-steel-finish-az701ss/,Azure™ Filter Kitchen Faucet - Stainless Steel | Model Number: AZ701SS,AZ701SS,883186470320,"FEATURES
Enjoy clean filtered water next to your primary kitchen faucet for a trusted source of drinking water
Spout swivels for easy access
Filtered water 1.2 GPM/4.5 LPM
Filtration system sold separately
Ceramic disc cartridge for durability and long-lasting performance
Purchase with confidence knowing that this product is backed by limited lifetime warranty
Not suitable for R.O. systems or instant hot systems
RELATED PRODUCTS",https://cdn11.bigcommerce.com/s-80sqzb3h0c/images/stencil/600x600/products/109820/124569/14cde1b5cf61ccbeab834a381ea24b72c30a8c1f__24899.1779352145.jpg?c=1,"Warranty
LIMITED LIFETIME WARRANTY
Product Type
FILTRATION
Style
MODERN
Prop 65
YES
Ada Compliant
NO
Ansi Approved
YES
Asme Approved
YES
Csa Approved
YES"
https://houseofrohl.com/bistro-pulldown-kitchen-faucet-chrome-bi201c/,DISCONTINUED Bistro Pre-Rinse Kitchen Faucet - Chrome | Model Number: BI201C,BI201C,883186040806,"FEATURES
Dual-spray functionality with ability to toggle between stream and spray settings
Commercial-style coil spring design faucet enables a more flexible spout
Swivel spout rotates for greater sink accessibility
Flow rate of 1.8 GPM/6.7 LPM at 60 PSI for effective cleaning
Purchase with confidence knowing that this product is backed by limited lifetime warranty
Ceramic disc cartridge for durability and long-lasting performance
RELATED PRODUCTS",https://cdn11.bigcommerce.com/s-80sqzb3h0c/images/stencil/600x600/products/109825/122376/cf8b86e0997e3bd0f2cff8649e50462668a8a0a4__54771.1779349656.jpg?c=1,"Warranty
LIMITED LIFETIME WARRANTY
Product Type
PULL-OUT/PULL-DOWN FAUCETS
Style
MODERN
Prop 65
YES
Ansi Approved
YES
Asme Approved
YES
Csa Approved
YES
Csa Code
B125.1"
https://houseofrohl.com/cayo-pullout-kitchen-faucet-stainless-steel-finish-cy101ss/,Joli™ Pull-Out Kitchen Faucet - Stainless Steel | Model Number: CY101SS,CY101SS,883186092935,"FEATURES
Dual-spray functionality with ability to toggle between stream and spray settings
Polypropylene and polyester aluminum hose with integrated swivel reduces friction between pull-down hose and faucet spout for quieter operation
Flow rate of 1.8 GPM/6.8 LPM at 60 PSI for effective cleaning
Purchase with confidence knowing that this product is backed by limited lifetime warranty
Ceramic disc cartridge for durability and long-lasting performance
RELATED PRODUCTS",https://cdn11.bigcommerce.com/s-80sqzb3h0c/images/stencil/600x600/products/110044/123425/e0608722a7740e1ad3c66106a3d367150f185279__99320.1779350831.jpg?c=1,"Warranty
LIMITED LIFETIME WARRANTY
Product Type
PULL-OUT/PULL-DOWN FAUCETS
Style
MODERN
Prop 65
YES
Ansi Approved
YES
Asme Approved
YES
Csa Approved
YES
Csa Code
B125.1"
https://houseofrohl.com/cayo-pullout-kitchen-faucet-chrome-cy101c/,Joli™ Pull-Out Kitchen Faucet - Chrome | Model Number: CY101C,CY101C,883186040622,"FEATURES
Dual-spray functionality with ability to toggle between stream and spray settings
Polypropylene and polyester aluminum hose with integrated swivel reduces friction between pull-down hose and faucet spout for quieter operation
Flow rate of 1.8 GPM/6.8 LPM at 60 PSI for effective cleaning
Purchase with confidence knowing that this product is backed by limited lifetime warranty
Ceramic disc cartridge for durability and long-lasting performance
RELATED PRODUCTS",https://cdn11.bigcommerce.com/s-80sqzb3h0c/images/stencil/600x600/products/110043/122146/808cd274e263d0dbc3d0320d6a2c8beccbb36891__11987.1779349425.jpg?c=1,"Warranty
LIMITED LIFETIME WARRANTY
Product Type
PULL-OUT/PULL-DOWN FAUCETS
Style
MODERN
Prop 65
YES
Ansi Approved
YES
Asme Approved
YES
Csa Approved
YES
Csa Code
B125.1"
https://houseofrohl.com/cayo-pullout-bar-and-food-prep-kitchen-faucet-stainless-steel-finish-cy601ss/,DISCONTINUED Cayo™ Pull-Out Bar/Food Prep Kitchen Faucet - Stainless Steel | Model Number: CY601SS,CY601SS,883186040653,"FEATURES
Swivel spout rotates for greater sink accessibility
Polypropylene and polyester aluminum hose with integrated swivel reduces friction between pull-down hose and faucet spout for quieter operation
Flow rate of 1.8 GPM/6.7 LPM at 60 PSI for effective cleaning
All necessary mounting hardware included
Purchase with confidence knowing that this product is backed by limited lifetime warranty
Solid brass construction delivers the utmost in beauty, durability and long-lasting performance
RELATED PRODUCTS",https://cdn11.bigcommerce.com/s-80sqzb3h0c/images/stencil/600x600/products/110048/126762/513d9462677a68c02ce22b853f15298862266191__26852.1779364123.jpg?c=1,"Warranty
LIMITED LIFETIME WARRANTY
Product Type
BAR/FOOD PREP FAUCETS
Style
MODERN
Prop 65
YES
Ansi Approved
YES
Asme Approved
YES
Csa Approved
YES
Csa Code
B125.1"
https://houseofrohl.com/cayo-pullout-bar-and-food-prep-kitchen-faucet-chrome-cy601c/,DISCONTINUED Cayo™ Pull-Out Bar/Food Prep Kitchen Faucet - Chrome | Model Number: CY601C,CY601C,883186040646,"FEATURES
Swivel spout rotates for greater sink accessibility
Polypropylene and polyester aluminum hose with integrated swivel reduces friction between pull-down hose and faucet spout for quieter operation
Flow rate of 1.8 GPM/6.7 LPM at 60 PSI for effective cleaning
All necessary mounting hardware included
Purchase with confidence knowing that this product is backed by limited lifetime warranty
Solid brass construction delivers the utmost in beauty, durability and long-lasting performance
RELATED PRODUCTS",https://cdn11.bigcommerce.com/s-80sqzb3h0c/images/stencil/600x600/products/110047/128909/9f8e306306d4512347ba8175011ba5d5eafe0443__05315.1779366568.jpg?c=1,"Warranty
LIMITED LIFETIME WARRANTY
Product Type
BAR/FOOD PREP FAUCETS
Style
MODERN
Prop 65
YES
Ansi Approved
YES
Asme Approved
YES
Csa Approved
YES
Csa Code
B125.1"
https://houseofrohl.com/ludik-pulldown-kitchen-faucet-stainless-steel-finish-lk101ss/,Ludik™ Pull-Down Kitchen Faucet - Stainless Steel | Model Number: LK101SS,LK101SS,883186465388,"FEATURES
Boomerang™ pull-down technology seamlessly integrates sprayer into the spout while returning it quickly and easily to the sprayer's original position
Dual-spray functionality with ability to toggle between stream and spray settings
Retractable pull-down metal handspray with secure docking system
Swivel spout rotates for greater sink accessibility
Flow rate of 1.6 GPM/6.1 LPM at 60 PSI for effective cleaning
Purchase with confidence knowing that this product is backed by limited lifetime warranty
Ceramic disc cartridge for durability and long-lasting performance
RELATED PRODUCTS",https://cdn11.bigcommerce.com/s-80sqzb3h0c/images/stencil/600x600/products/110369/126668/7ceaf9cc8fc4f1c3f4707d9a2c81778fe3c6ca66__02314.1779364017.jpg?c=1,"Warranty
LIMITED LIFETIME WARRANTY
Product Type
PULL-OUT/PULL-DOWN FAUCETS
Style
TRANSITIONAL
Prop 65
YES
Ansi Approved
YES
Asme Approved
YES
Csa Approved
YES
Csa Code
B125.1"
https://houseofrohl.com/mythic-pulldown-kitchen-faucet-stainless-steel-finish-my101ss/,Mythic™ Pre-Rinse Kitchen Faucet - Stainless Steel | Model Number: MY101SS,MY101SS,883186447223,"FEATURES
Dual-spray functionality with ability to toggle between stream and spray settings
Swivel spout rotates for greater sink accessibility
Flow rate of 1.8 GPM/6.8 LPM at 60 PSI for effective cleaning
Purchase with confidence knowing that this product is backed by limited lifetime warranty
Ceramic disc cartridge for durability and long-lasting performance
RELATED PRODUCTS",https://cdn11.bigcommerce.com/s-80sqzb3h0c/images/stencil/600x600/products/111090/125943/542744277bce0b16e225314af5d3fa3725e0c589__43335.1779357864.jpg?c=1,"Warranty
LIMITED LIFETIME WARRANTY
Product Type
PULL-OUT/PULL-DOWN FAUCETS
Style
MODERN
Prop 65
YES
Ansi Approved
YES
Asme Approved
YES
Csa Approved
YES
Csa Code
B125.1"
https://houseofrohl.com/mythic-pulldown-kitchen-faucet-chrome-my101c/,Mythic™ Pre-Rinse Kitchen Faucet - Chrome | Model Number: MY101C,MY101C,883186447216,"FEATURES
Dual-spray functionality with ability to toggle between stream and spray settings
Swivel spout rotates for greater sink accessibility
Flow rate of 1.8 GPM/6.8 LPM at 60 PSI for effective cleaning
Purchase with confidence knowing that this product is backed by limited lifetime warranty
Ceramic disc cartridge for durability and long-lasting performance
RELATED PRODUCTS",https://cdn11.bigcommerce.com/s-80sqzb3h0c/images/stencil/600x600/products/111088/126271/24804a1a116f89dd43100e17ec66effaa44c7fed__53397.1779360876.jpg?c=1,"Warranty
LIMITED LIFETIME WARRANTY
Product Type
PULL-OUT/PULL-DOWN FAUCETS
Style
MODERN
Prop 65
YES
Ansi Approved
YES
Asme Approved
YES
Csa Approved
YES
Csa Code
B125.1"
https://houseofrohl.com/trattoria-pulldown-kitchen-faucet-with-c-spout-chrome-ttrd101c/,Trattoria™ Pull-Down Kitchen Faucet With C-Spout - Chrome | Model Number: TTRD101C,TTRD101C,883186465449,"FEATURES
Boomerang™ pull-down technology seamlessly integrates sprayer into the spout while returning it quickly and easily to the sprayer's original position
Dual-spray functionality with ability to toggle between stream and spray settings
Swivel spout can rotate 360 degrees for greater sink accessibility
Retractable pull-down metal handspray with secure docking system
Silent braided nylon hose reduces friction between pull-down hose and faucet spout for quieter operation
Flow rate of 1.5 GPM/5.69 LPM at 60 PSI for effective cleaning while optimizing water usage
Purchase with confidence knowing that this product is backed by limited lifetime warranty
Ceramic disc cartridge for durability and long-lasting performance
RELATED PRODUCTS",https://cdn11.bigcommerce.com/s-80sqzb3h0c/images/stencil/600x600/products/112227/126495/9229f491a784cc6dfd52a36391ec1878ec3c895c__13571.1779363832.jpg?c=1,"Warranty
LIMITED LIFETIME WARRANTY
Product Type
PULL-OUT/PULL-DOWN FAUCETS
Style
TRADITIONAL
Shape
C-SPOUT
Prop 65
YES
Ansi Approved
YES
Asme Approved
YES
Csa Approved
YES"
https://houseofrohl.com/trattoria-pulldown-kitchen-faucet-with-u-spout-chrome-ttsq101c/,Trattoria™ Pull-Down Kitchen Faucet With U-Spout - Chrome | Model Number: TTSQ101C,TTSQ101C,883186465401,"FEATURES
Boomerang™ pull-down technology seamlessly integrates sprayer into the spout while returning it quickly and easily to the sprayer's original position
Dual-spray functionality with ability to toggle between stream and spray settings
Swivel spout can rotate 360 degrees for greater sink accessibility
Retractable pull-down metal handspray with secure docking system
Silent braided nylon hose reduces friction between pull-down hose and faucet spout for quieter operation
Flow rate of 1.5 GPM/5.69 LPM at 60 PSI for effective cleaning while optimizing water usage
Purchase with confidence knowing that this product is backed by limited lifetime warranty
Ceramic disc cartridge for durability and long-lasting performance
RELATED PRODUCTS",https://cdn11.bigcommerce.com/s-80sqzb3h0c/images/stencil/600x600/products/112231/122490/757ed083b8361eeef81d0e02ae30c7052b992c30__65819.1779349776.jpg?c=1,"Warranty
LIMITED LIFETIME WARRANTY
Product Type
PULL-OUT/PULL-DOWN FAUCETS
Style
TRADITIONAL
Shape
U-SPOUT
Prop 65
YES
Ansi Approved
YES
Asme Approved
YES
Csa Approved
YES"
https://houseofrohl.com/trattoria-pulldown-kitchen-faucet-with-c-spout-stainless-steel-finish-ttrd101ss/,Trattoria™ Pull-Down Kitchen Faucet With C-Spout - Stainless Steel | Model Number: TTRD101SS,TTRD101SS,883186465470,"FEATURES
Boomerang™ pull-down technology seamlessly integrates sprayer into the spout while returning it quickly and easily to the sprayer's original position
Dual-spray functionality with ability to toggle between stream and spray settings
Swivel spout can rotate 360 degrees for greater sink accessibility
Retractable pull-down metal handspray with secure docking system
Silent braided nylon hose reduces friction between pull-down hose and faucet spout for quieter operation
Flow rate of 1.5 GPM/5.69 LPM at 60 PSI for effective cleaning while optimizing water usage
Purchase with confidence knowing that this product is backed by limited lifetime warranty
Ceramic disc cartridge for durability and long-lasting performance
RELATED PRODUCTS",https://cdn11.bigcommerce.com/s-80sqzb3h0c/images/stencil/600x600/products/112230/124856/9e10b7c83377666f061a0cb049f7059465e55fb3__55015.1779352476.jpg?c=1,"Warranty
LIMITED LIFETIME WARRANTY
Product Type
PULL-OUT/PULL-DOWN FAUCETS
Style
TRADITIONAL
Shape
C-SPOUT
Prop 65
YES
Ansi Approved
YES
Asme Approved
YES
Csa Approved
YES"
https://houseofrohl.com/trattoria-pulldown-kitchen-faucet-with-u-spout-stainless-steel-finish-ttsq101ss/,Trattoria™ Pull-Down Kitchen Faucet With U-Spout - Stainless Steel | Model Number: TTSQ101SS,TTSQ101SS,883186465432,"FEATURES
Boomerang™ pull-down technology seamlessly integrates sprayer into the spout while returning it quickly and easily to the sprayer's original position
Dual-spray functionality with ability to toggle between stream and spray settings
Swivel spout can rotate 360 degrees for greater sink accessibility
Retractable pull-down metal handspray with secure docking system
Silent braided nylon hose reduces friction between pull-down hose and faucet spout for quieter operation
Flow rate of 1.5 GPM/5.69 LPM at 60 PSI for effective cleaning while optimizing water usage
Purchase with confidence knowing that this product is backed by limited lifetime warranty
Ceramic disc cartridge for durability and long-lasting performance
RELATED PRODUCTS",https://cdn11.bigcommerce.com/s-80sqzb3h0c/images/stencil/600x600/products/112234/123553/8247fa5217a63614e54c098cf5c22ceadaa9d310__00880.1779351006.jpg?c=1,"Warranty
LIMITED LIFETIME WARRANTY
Product Type
PULL-OUT/PULL-DOWN FAUCETS
Style
TRADITIONAL
Shape
U-SPOUT
Prop 65
YES
Ansi Approved
YES
Asme Approved
YES
Csa Approved
YES"
https://houseofrohl.com/georgian-era-pulldown-touchless-faucet-polished-chrome-u-4734apc-2/,Georgian Era™ Pull-Down Touchless Kitchen Faucet - Polished Chrome | Model Number: U.4734APC-2,U4734APC2,685333473402,"FEATURES
The Perrin & Rowe® touchless technology allows you to turn water on and off with the motion of your hand. Touchless activation minimizes cross-contamination, improving the overall wellness of the kitchen. In addition, the peripheral position of the sensor minimizes false starts and optimizes water usage.
Dual-spray functionality with ability to toggle between stream and spray settings
Flow rate of 1.75 GPM/6.6 LPM at 60 PSI for effective cleaning while optimizing water usage
Retractable pull-down metal handspray with secure docking system
Swivel spout rotates for greater sink accessibility
Matching Bar/Food Prep kitchen faucet is available
Nylon braided hose delivers quieter functionality
Ceramic disc cartridge for durability and long-lasting performance
Solid brass construction delivers the utmost in beauty, durability and long-lasting performance
Requires 2 1/2"" clearance from backsplash to center of faucet hole
Unlacquered Brass is a living finish that naturally age over time and develop a patina unique to its environment. Returns based on finish will not be accepted.
3"" (7.62 cm) activation range and 2 minute auto shut-off
Requires 8"" (20.3 cm) clearance from sensor
RELATED PRODUCTS",https://cdn11.bigcommerce.com/s-80sqzb3h0c/images/stencil/600x600/products/112415/114500/ao6upchvleetzozcmqvz__15508.1652162551.jpg?c=1,"Warranted Finish
YES
Warranty
LIMITED LIFETIME WARRANTY
Product Type
PULL-OUT/PULL-DOWN FAUCETS
Style
TRADITIONAL
Hole Configuration
1
Mounting Location
DECK
Installation Type
SINGLE HOLE
Shape
C-SPOUT"
https://houseofrohl.com/holborn-pulldown-touchless-faucet-polished-chrome-with-lever-handle-u-4034ls-apc-2/,Holborn™ Pull-Down Touchless Kitchen Faucet - Polished Chrome | Model Number: U.4034LS-APC-2,U4034LSAPC2,685333403409,"FEATURES
The Perrin & Rowe® touchless technology allows you to turn water on and off with the motion of your hand. Touchless activation minimizes cross-contamination, improving the overall wellness of the kitchen. In addition, the peripheral position of the sensor minimizes false starts and optimizes water usage.
Dual-spray functionality with ability to toggle between stream and spray settings
Flow rate of 1.8 GPM/6.8 LPM at 60 PSI for effective cleaning while optimizing water usage
Retractable pull-down metal handspray with secure docking system
Swivel spout rotates for greater sink accessibility
Matching Bar/Food Prep kitchen faucet is available
Nylon braided hose delivers quieter functionality
Ceramic disc cartridge for durability and long-lasting performance
Solid brass construction delivers the utmost in beauty, durability and long-lasting performance
Requires 2 1/2"" clearance from backsplash to center of faucet hole
Unlacquered Brass is a living finish that naturally age over time and develop a patina unique to its environment. Returns based on finish will not be accepted.
3"" (7.62 cm) activation range and 2 minute auto shut-off
Requires 8"" (20.3 cm) clearance from sensor
RELATED PRODUCTS",https://cdn11.bigcommerce.com/s-80sqzb3h0c/images/stencil/600x600/products/112411/114616/bnda2hzrdjit9nda76jn__62076.1652162591.jpg?c=1,"Warranted Finish
YES
Warranty
LIMITED LIFETIME WARRANTY
Product Type
PULL-OUT/PULL-DOWN FAUCETS
Style
TRANSITIONAL
Hole Configuration
1
Mounting Location
DECK
Installation Type
SINGLE HOLE
Shape
C-SPOUT"
https://houseofrohl.com/lux-side-handle-bar-and-food-prep-stainless-steel-pulldown-faucet-polished-chrome-with-lever-handle-r7519apc/,Lux™ Pull-Down Bar/Food Prep Kitchen Faucet - Polished Chrome | Model Number: R7519APC,R7519APC,824438517509,"FEATURES
Dual-spray functionality with ability to toggle between stream and spray settings
Retractable pull-down handspray with secure docking system
Silent braided nylon hose reduces friction between pull-down hose and faucet spout for quieter operation
Flow rate of 1.8 GPM/6.8 LPM at 60 PSI for effective cleaning
Solid brass construction delivers the utmost in beauty, durability and long-lasting performance
Ceramic disc cartridge for durability and long-lasting performance
All necessary mounting hardware included
Requires 2 1/2"" clearance from backsplash to center of faucet hole
Solid stainless steel construction delivers the utmost in beauty, durability and long-lasting performance for Brushed Stainless Steel finish
RELATED PRODUCTS",https://cdn11.bigcommerce.com/s-80sqzb3h0c/images/stencil/600x600/products/112420/100916/gwe0qhd1mcctbikelo5r__66307.1652153957.jpg?c=1,"Warranted Finish
YES
Warranty
LIMITED LIFETIME WARRANTY
Product Type
BAR/FOOD PREP FAUCETS
Style
MODERN
Hole Configuration
1
Mounting Location
DECK
Installation Type
SINGLE HOLE
Shape
C-SPOUT"
https://houseofrohl.com/lux-side-handle-stainless-steel-pulldown-kitchen-faucet-polished-chrome-with-lever-handle-r7520apc/,Lux™ Pull-Down Kitchen Faucet - Polished Chrome | Model Number: R7520APC,R7520APC,824438517462,"FEATURES
Dual-spray functionality with ability to toggle between stream and spray settings
Flow rate of 1.8 GPM/6.8 LPM at 60 PSI for effective cleaning while optimizing water usage
Retractable pull-down metal handspray with secure docking system
Swivel spout rotates for greater sink accessibility
Matching Bar/Food Prep kitchen faucet is available
Nylon braided hose delivers quieter functionality
Ceramic disc cartridge for durability and long-lasting performance
Requires 2 1/2"" clearance from backsplash to center of faucet hole
Solid brass construction delivers the utmost in beauty, durability and long-lasting performance
Solid stainless steel construction delivers the utmost in beauty, durability and long-lasting performance for Brushed Stainless Steel finish
RELATED PRODUCTS",https://cdn11.bigcommerce.com/s-80sqzb3h0c/images/stencil/600x600/products/112424/115219/vrvyfknogmdaaoos38nu__71638.1652162959.jpg?c=1,"Warranted Finish
YES
Warranty
LIMITED LIFETIME WARRANTY
Product Type
PULL-OUT/PULL-DOWN FAUCETS
Style
MODERN
Hole Configuration
1
Mounting Location
DECK
Installation Type
SINGLE HOLE
Shape
C-SPOUT"
https://houseofrohl.com/lux-side-handle-stainless-steel-pro-pulldown-kitchen-faucet-polished-chrome-with-lever-handle-r7521apc/,Lux™ Pre-Rinse Kitchen Faucet - Polished Chrome | Model Number: R7521APC,R7521APC,824438517486,"FEATURES
Dual-spray functionality with ability to toggle between stream and spray settings
Flow rate of 1.8 GPM/6.8 LPM at 60 PSI for effective cleaning while optimizing water usage
Swivel spout rotates for greater sink accessibility
Matching Bar/Food Prep kitchen faucet is available
Easy-docking feature is a chef's dream
Ceramic disc cartridge for durability and long-lasting performance
Requires 2 1/2"" clearance from backsplash to center of faucet hole
Solid brass construction delivers the utmost in beauty, durability and long-lasting performance
Solid stainless steel construction delivers the utmost in beauty, durability and long-lasting performance for Brushed Stainless Steel finish
RELATED PRODUCTS",https://cdn11.bigcommerce.com/s-80sqzb3h0c/images/stencil/600x600/products/112428/115214/i782t9fnpnrrytgb2ywl__24024.1652162957.jpg?c=1,"Warranted Finish
YES
Warranty
LIMITED LIFETIME WARRANTY
Product Type
PULL-OUT/PULL-DOWN FAUCETS
Style
MODERN
Hole Configuration
1
Mounting Location
DECK
Installation Type
SINGLE HOLE
Shape
C-SPOUT"
https://houseofrohl.com/tuario-pulldown-faucet-c-spout-polished-chrome-with-matte-black-accents-with-lever-handle-tr55d1lbapc/,DISCONTINUED Tuario™ Pull-Down Kitchen Faucet With C-Spout - Polished Chrome | Model Number: TR55D1LBAPC,TR55D1LBAPC,824438540859,"FEATURES
Dual-spray functionality with ability to toggle between stream and spray settings
Flow rate of 1.5 GPM/5.69 LPM at 60 PSI for effective cleaning while optimizing water usage
Retractable pull-down metal handspray with secure docking system
Swivel spout rotates for greater sink accessibility
Matching Bar/Food Prep kitchen faucet is available
Nylon braided hose delivers quieter functionality
Solid brass construction delivers the utmost in beauty, durability and long-lasting performance
Ceramic disc cartridge for durability and long-lasting performance
Requires 2 1/2"" clearance from backsplash to center of faucet hole
RELATED PRODUCTS",https://cdn11.bigcommerce.com/s-80sqzb3h0c/images/stencil/600x600/products/112891/115232/yehjz8yviedvsiwfdrd5__33883.1652162966.jpg?c=1,"Warranted Finish
YES
Warranty
LIMITED LIFETIME WARRANTY
Product Type
PULL-OUT/PULL-DOWN FAUCETS
Style
TRANSITIONAL
Hole Configuration
1
Mounting Location
DECK
Installation Type
SINGLE HOLE
Shape
C-SPOUT"
https://houseofrohl.com/tuario-bar-and-food-prep-faucet-u-spout-polished-chrome-with-matte-black-accents-with-lever-handle-tr61d1lbapc/,DISCONTINUED Tuario™ Bar/Food Prep Kitchen Faucet With U-Spout - Polished Chrome | Model Number: TR61D1LBAPC,TR61D1LBAPC,824438540811,"FEATURES
Swivel spout rotates for greater sink accessibility
Flow rate of 1.5 GPM/5.69 LPM at 60 PSI for effective cleaning
Solid brass construction delivers the utmost in beauty, durability and long-lasting performance
Ceramic disc cartridge for durability and long-lasting performance
All necessary mounting hardware included
Requires 2 1/2"" clearance from backsplash to center of faucet hole
RELATED PRODUCTS",https://cdn11.bigcommerce.com/s-80sqzb3h0c/images/stencil/600x600/products/112906/115060/uwsrynkuacqgwag5yzsr__29848.1652162824.jpg?c=1,"Warranted Finish
YES
Warranty
LIMITED LIFETIME WARRANTY
Product Type
BAR/FOOD PREP FAUCETS
Style
TRANSITIONAL
Hole Configuration
1
Mounting Location
DECK
Installation Type
SINGLE HOLE
Shape
U-SPOUT"
https://houseofrohl.com/tuario-pulldown-bar-and-food-prep-faucet-c-spout-polished-chrome-with-matte-black-accents-with-lever-handle-tr65d1lbapc/,DISCONTINUED Tuario™ Pull-Down Bar/Food Prep Kitchen Faucet With C-Spout - Polished Chrome | Model Number: TR65D1LBAPC,TR65D1LBAPC,824438540934,"FEATURES
Dual-spray functionality with ability to toggle between stream and spray settings
Retractable pull-down handspray with secure docking system
Silent braided nylon hose reduces friction between pull-down hose and faucet spout for quieter operation
Flow rate of 1.5 GPM/5.69 LPM at 60 PSI for effective cleaning
Solid brass construction delivers the utmost in beauty, durability and long-lasting performance
Ceramic disc cartridge for durability and long-lasting performance
All necessary mounting hardware included
Requires 2 1/2"" clearance from backsplash to center of faucet hole
RELATED PRODUCTS",https://cdn11.bigcommerce.com/s-80sqzb3h0c/images/stencil/600x600/products/112911/115108/wcv63cr4kgtwiqhu0g6r__26367.1652162898.jpg?c=1,"Warranted Finish
YES
Warranty
LIMITED LIFETIME WARRANTY
Product Type
BAR/FOOD PREP FAUCETS
Style
TRANSITIONAL
Hole Configuration
1
Mounting Location
DECK
Installation Type
SINGLE HOLE
Shape
C-SPOUT"
https://houseofrohl.com/azure-pull-down-touchless-kitchen-faucet-with-c-spout-chrome-model-number-az211c/,Azure™ Pull-Down Touchless Kitchen Faucet With C-Spout - Chrome | Model Number: AZ211C,AZ211C,883186526317,"FEATURES
The Riobel® touchless technology allows you to turn water on and off with the motion of your hand. Touchless activation minimizes cross-contamination, improving the overall wellness of the kitchen. In addition, the peripheral position of the sensor minimizes false starts and optimizes water usage.
Boomerang™ pull-down technology seamlessly integrates sprayer into the spout while returning it quickly and easily to the sprayer's original position
Dual-spray functionality with ability to toggle between stream and spray settings
Flow rate of 1.5 GPM/5.69 LPM at 60 PSI for effective cleaning while optimizing water usage
Swivel spout rotates for greater sink accessibility
Matching Bar/Food Prep kitchen faucet is available
Nylon braided hose delivers quieter functionality
Ceramic disc cartridge for durability and long-lasting performance
Solid brass construction delivers the utmost in beauty, durability and long-lasting performance
Purchase with confidence knowing that this product is backed by limited lifetime warranty
3"" (7.62 cm) activation range and 2 minute auto shut-off
Requires 8"" (20.3 cm) clearance from sensor
RELATED PRODUCTS",https://cdn11.bigcommerce.com/s-80sqzb3h0c/images/stencil/600x600/products/113572/126381/21d8d030d4b00f40b5596014b8ecbc16d8675d67__19377.1779363698.jpg?c=1,"Room
KITCHEN
Warranted Finish
YES
Warranty
LIMITED LIFETIME WARRANTY
Product Type
PULL-OUT/PULL-DOWN FAUCETS
Style
MODERN
Hole Configuration
1
Mounting Location
DECK
Installation Type
SINGLE HOLE"
https://houseofrohl.com/azure-pull-down-touchless-kitchen-faucet-with-c-spout-stainless-steel-model-number-az211ss/,Azure™ Pull-Down Touchless Kitchen Faucet With C-Spout - Stainless Steel | Model Number: AZ211SS,AZ211SS,883186526331,"FEATURES
The Riobel® touchless technology allows you to turn water on and off with the motion of your hand. Touchless activation minimizes cross-contamination, improving the overall wellness of the kitchen. In addition, the peripheral position of the sensor minimizes false starts and optimizes water usage.
Boomerang™ pull-down technology seamlessly integrates sprayer into the spout while returning it quickly and easily to the sprayer's original position
Dual-spray functionality with ability to toggle between stream and spray settings
Flow rate of 1.5 GPM/5.69 LPM at 60 PSI for effective cleaning while optimizing water usage
Swivel spout rotates for greater sink accessibility
Matching Bar/Food Prep kitchen faucet is available
Nylon braided hose delivers quieter functionality
Ceramic disc cartridge for durability and long-lasting performance
Solid brass construction delivers the utmost in beauty, durability and long-lasting performance
Purchase with confidence knowing that this product is backed by limited lifetime warranty
3"" (7.62 cm) activation range and 2 minute auto shut-off
Requires 8"" (20.3 cm) clearance from sensor
RELATED PRODUCTS",https://cdn11.bigcommerce.com/s-80sqzb3h0c/images/stencil/600x600/products/113574/124324/56c1380126db43ba4d0ca3b9e73476344bdc5979__92686.1779351879.jpg?c=1,"Room
KITCHEN
Warranted Finish
YES
Warranty
LIMITED LIFETIME WARRANTY
Product Type
PULL-OUT/PULL-DOWN FAUCETS
Style
MODERN
Hole Configuration
1
Mounting Location
DECK
Installation Type
SINGLE HOLE"
https://houseofrohl.com/campo-pull-down-kitchen-faucet-polished-chrome-model-number-cp56d1iwapc/,Campo™ Pull-Down Kitchen Faucet - Polished Chrome | Model Number: CP56D1IWAPC,CP56D1IWAPC,824438583993,"FEATURES
Dual-spray functionality with ability to toggle between stream and spray settings
Flow rate of 1.8 GPM/6.8 LPM at 60 PSI for effective cleaning while optimizing water usage
Retractable pull-down metal handspray with secure docking system
Swivel spout rotates for greater sink accessibility
Nylon braided hose delivers quieter functionality
Ceramic disc cartridge for durability and long-lasting performance
Requires 2 1/2"" clearance from backsplash to center of faucet hole
Water activates by pushing handle inwards toward spout
Unlacquered Brass and Tuscan Brass are living finishes that naturally age over time and develop a patina unique to its environment. Returns based on finish will not be accepted.
RELATED PRODUCTS",https://cdn11.bigcommerce.com/s-80sqzb3h0c/images/stencil/600x600/products/113581/124726/1f15f54df530ef6aa770e77462329363f38d72e3__00838.1779352326.jpg?c=1,"Room
KITCHEN
Warranted Finish
YES
Warranty
LIMITED LIFETIME WARRANTY
Product Type
PULL-OUT/PULL-DOWN FAUCETS
Style
TRANSITIONAL
Hole Configuration
1
Mounting Location
DECK
Installation Type
SINGLE HOLE"
https://houseofrohl.com/eclissi-pull-down-kitchen-faucet-with-c-spout-less-handle-polished-chrome-model-number-ec55d1apc/,Eclissi™ Pull-Down Kitchen Faucet With C-Spout - Less Handle - Polished Chrome | Model Number: EC55D1APC,EC55D1APC,824464583233,"FEATURES
Dual-spray functionality with ability to toggle between stream and spray settings
Flow rate of 1.75 GPM/6.6 LPM at 60 PSI for effective cleaning while optimizing water usage
Retractable pull-down metal handspray with secure docking system
Handle required and sold separately. See EC81IW handle for finish options
Requires 2 1/2"" clearance from backsplash to center of faucet hole
Nylon braided hose delivers quieter functionality
Ceramic disc cartridge for durability and long-lasting performance
Solid brass construction delivers the utmost in beauty, durability and long-lasting performance
RELATED PRODUCTS",https://cdn11.bigcommerce.com/s-80sqzb3h0c/images/stencil/600x600/products/113608/126089/01a71acd14142311ece92359279e688b8b2cbca1__41875.1779358030.jpg?c=1,"Room
KITCHEN
Warranted Finish
YES
Warranty
LIMITED LIFETIME WARRANTY
Product Type
PULL-OUT/PULL-DOWN FAUCETS
Style
TRANSITIONAL
Hole Configuration
1
Mounting Location
DECK
Installation Type
SINGLE HOLE"
https://houseofrohl.com/eclissi-pull-down-kitchen-faucet-with-u-spout-less-handle-polished-chrome-model-number-ec56d1apc/,DISCONTINUED Eclissi™ Pull-Down Kitchen Faucet With U-Spout - Less Handle - Polished Chrome | Model Number: EC56D1APC,EC56D1APC,824464583271,"FEATURES
Dual-spray functionality with ability to toggle between stream and spray settings
Flow rate of 1.75 GPM/6.6 LPM at 60 PSI for effective cleaning while optimizing water usage
Retractable pull-down metal handspray with secure docking system
Handle required and sold separately. See EC81IW handle for finish options
Requires 2 1/2"" clearance from backsplash to center of faucet hole
Nylon braided hose delivers quieter functionality
Ceramic disc cartridge for durability and long-lasting performance
Solid brass construction delivers the utmost in beauty, durability and long-lasting performance
RELATED PRODUCTS",https://cdn11.bigcommerce.com/s-80sqzb3h0c/images/stencil/600x600/products/113612/121868/a572e4eb8ab7eed734019af319b2c5bbd2860e7d__99545.1779349130.jpg?c=1,"Room
KITCHEN
Warranted Finish
YES
Warranty
LIMITED LIFETIME WARRANTY
Product Type
PULL-OUT/PULL-DOWN FAUCETS
Style
TRANSITIONAL
Hole Configuration
1
Mounting Location
DECK
Installation Type
SINGLE HOLE"
https://houseofrohl.com/eclissi-bar-and-food-prep-kitchen-faucet-with-u-spout-less-handle-polished-chrome-model-number-ec60d1apc/,Eclissi™ Bar/Food Prep Kitchen Faucet With U-Spout - Less Handle - Polished Chrome | Model Number: EC60D1APC,EC60D1APC,824464583318,"FEATURES
Swivel spout rotates for greater sink accessibility
Flow rate of 1.8 GPM/6.8 LPM at 60 PSI for effective cleaning
Solid brass construction delivers the utmost in beauty, durability and long-lasting performance
Ceramic disc cartridge for durability and long-lasting performance
All necessary mounting hardware included
Requires 2 1/2"" clearance from backsplash to center of faucet hole
RELATED PRODUCTS",https://cdn11.bigcommerce.com/s-80sqzb3h0c/images/stencil/600x600/products/113616/125867/27dfea010e9e5c5b9acb04e26fb9c981037152de__43053.1779357789.jpg?c=1,"Room
KITCHEN
Warranted Finish
YES
Warranty
LIMITED LIFETIME WARRANTY
Product Type
BAR/FOOD PREP FAUCETS
Style
TRANSITIONAL
Hole Configuration
1
Mounting Location
DECK
Installation Type
SINGLE HOLE"
https://houseofrohl.com/eclissi-pull-down-bar-and-food-prep-kitchen-faucet-with-c-spout-less-handle-polished-chrome-model-number-ec65d1apc/,Eclissi™ Pull-Down Bar/Food Prep Kitchen Faucet With C-Spout - Less Handle - Polished Chrome | Model Number: EC65D1APC,EC65D1APC,824464583356,"FEATURES
Dual-spray functionality with ability to toggle between stream and spray settings
Retractable pull-down handspray with secure docking system
Silent braided nylon hose reduces friction between pull-down hose and faucet spout for quieter operation
Flow rate of 1.75 GPM/6.6 LPM at 60 PSI for effective cleaning
Handle required and sold separately. See EC81IW handle for finish options
Solid brass construction delivers the utmost in beauty, durability and long-lasting performance
Ceramic disc cartridge for durability and long-lasting performance
All necessary mounting hardware included
Requires 2 1/2"" clearance from backsplash to center of faucet hole
RELATED PRODUCTS",https://cdn11.bigcommerce.com/s-80sqzb3h0c/images/stencil/600x600/products/113620/124901/2149f2c192094a01c734f676b472005ee7add591__01397.1779352530.jpg?c=1,"Room
KITCHEN
Warranted Finish
YES
Warranty
LIMITED LIFETIME WARRANTY
Product Type
BAR/FOOD PREP FAUCETS
Style
TRANSITIONAL
Hole Configuration
1
Mounting Location
DECK
Installation Type
SINGLE HOLE"
https://houseofrohl.com/graceline-pull-down-kitchen-faucet-with-u-spout-polished-chrome-model-number-mb7956lmapc/,Graceline® Pull-Down Kitchen Faucet With U-Spout - Polished Chrome | Model Number: MB7956LMAPC,MB7956LMAPC,824438579002,"FEATURES
Dual-spray functionality with ability to toggle between stream and spray settings
Flow rate of 1.8 GPM/6.8 LPM at 60 PSI for effective cleaning while optimizing water usage
Retractable pull-down metal handspray with secure docking system
Swivel spout rotates for greater sink accessibility
Matching Bar/Food Prep kitchen faucet is available
Nylon braided hose delivers quieter functionality
Ceramic disc cartridge for durability and long-lasting performance
Requires 2 1/2"" clearance from backsplash to center of faucet hole
Unlacquered Brass is a living finish that naturally age over time and develop a patina unique to its environment. Returns based on finish will not be accepted.
RELATED PRODUCTS",https://cdn11.bigcommerce.com/s-80sqzb3h0c/images/stencil/600x600/products/113657/123030/4f80540d31752cd91d0b2815084053b0dcf536f2__08109.1779350359.jpg?c=1,"Room
KITCHEN
Warranted Finish
YES
Warranty
LIMITED LIFETIME WARRANTY
Product Type
PULL-OUT/PULL-DOWN FAUCETS
Style
TRANSITIONAL
Hole Configuration
1
Mounting Location
DECK
Installation Type
SINGLE HOLE"
https://houseofrohl.com/graceline-bar-and-food-prep-kitchen-faucet-with-c-spout-polished-chrome-model-number-mb7960lmapc/,Graceline® Bar/Food Prep Kitchen Faucet With C-Spout - Polished Chrome | Model Number: MB7960LMAPC,MB7960LMAPC,824438579064,"FEATURES
Swivel spout rotates for greater sink accessibility
Flow rate of 1.8 GPM/6.8 LPM at 60 PSI for effective cleaning
Solid brass construction delivers the utmost in beauty, durability and long-lasting performance
Ceramic disc cartridge for durability and long-lasting performance
All necessary mounting hardware included
Requires 2 1/2"" clearance from backsplash to center of faucet hole
Unlacquered Brass is a living finish that naturally age over time and develop a patina unique to its environment. Returns based on finish will not be accepted.
RELATED PRODUCTS",https://cdn11.bigcommerce.com/s-80sqzb3h0c/images/stencil/600x600/products/113663/127979/7075ea26f350bd89cd1b7dc900edd478fa23cd41__11399.1779365521.jpg?c=1,"Room
KITCHEN
Warranted Finish
YES
Warranty
LIMITED LIFETIME WARRANTY
Product Type
BAR/FOOD PREP FAUCETS
Style
TRANSITIONAL
Hole Configuration
1
Mounting Location
DECK
Installation Type
SINGLE HOLE"
https://houseofrohl.com/myrina-pull-down-kitchen-faucet-with-u-spout-polished-chrome-model-number-my56d1lmapc/,DISCONTINUED Myrina™ Pull-Down Kitchen Faucet With U-Spout - Polished Chrome | Model Number: MY56D1LMAPC,MY56D1LMAPC,824464583806,"FEATURES
Dual-spray functionality with ability to toggle between stream and spray settings
Flow rate of 1.75 GPM/6.6 LPM at 60 PSI for effective cleaning
Retractable pull-down metal handspray with secure docking system
Swivel spout rotates for greater sink accessibility
Nylon braided hose delivers quieter functionality
Requires 2 1/2"" clearance from backsplash to center of faucet hole
Ceramic disc cartridge for durability and long-lasting performance
Solid brass construction delivers the utmost in beauty, durability and long-lasting performance
RELATED PRODUCTS",https://cdn11.bigcommerce.com/s-80sqzb3h0c/images/stencil/600x600/products/113742/125333/3056404674629b2f067fb006a133c3f4331adbb5__09974.1779357252.jpg?c=1,"Room
KITCHEN
Warranted Finish
YES
Warranty
LIMITED LIFETIME WARRANTY
Product Type
PULL-OUT/PULL-DOWN FAUCETS
Style
TRANSITIONAL
Hole Configuration
1
Mounting Location
DECK
Installation Type
SINGLE HOLE"
https://houseofrohl.com/myrina-pull-down-bar-and-food-prep-kitchen-faucet-with-c-spout-polished-chrome-model-number-my65d1lmapc/,DISCONTINUED Myrina™ Pull-Down Bar/Food Prep Kitchen Faucet With C-Spout - Polished Chrome | Model Number: MY65D1LMAPC,MY65D1LMAPC,824464583905,"FEATURES
Dual-spray functionality with ability to toggle between stream and spray settings
Retractable pull-down handspray with secure docking system
Silent braided nylon hose reduces friction between pull-down hose and faucet spout for quieter operation
Flow rate of 1.75 GPM/6.6 LPM at 60 PSI for effective cleaning
Solid brass construction delivers the utmost in beauty, durability and long-lasting performance
Ceramic disc cartridge for durability and long-lasting performance
All necessary mounting hardware included
Requires 2 1/2"" clearance from backsplash to center of faucet hole
RELATED PRODUCTS",https://cdn11.bigcommerce.com/s-80sqzb3h0c/images/stencil/600x600/products/113752/124665/39f000a1ad58b9531d7015a00c50fc9e678c9a4e__39145.1779352248.jpg?c=1,"Room
KITCHEN
Warranted Finish
YES
Warranty
LIMITED LIFETIME WARRANTY
Product Type
BAR/FOOD PREP FAUCETS
Style
TRANSITIONAL
Hole Configuration
1
Mounting Location
DECK
Installation Type
SINGLE HOLE"
https://houseofrohl.com/tenerife-pull-down-kitchen-faucet-with-c-spout-polished-chrome-model-number-te55d1lmapc/,Tenerife™ Pull-Down Kitchen Faucet With C-Spout - Polished Chrome | Model Number: TE55D1LMAPC,TE55D1LMAPC,824438589568,"FEATURES
Dual-spray functionality with ability to toggle between stream and spray settings
Flow rate of 1.75 GPM/6.6 LPM at 60 PSI for effective cleaning while optimizing water usage
Swivel spout rotates for greater sink accessibility
Retractable pull-down metal handspray with secure docking system
Nylon braided hose delivers quieter functionality
Solid brass construction delivers the utmost in beauty, durability and long-lasting performance
Ceramic disc cartridge for durability and long-lasting performance
Requires 1"" clearance from backsplash to center of faucet hole
RELATED PRODUCTS",https://cdn11.bigcommerce.com/s-80sqzb3h0c/images/stencil/600x600/products/113948/122793/525a77cc07c4c2d0c4a91b181eeb127b23beae65__37858.1779350100.jpg?c=1,"Room
KITCHEN
Warranted Finish
YES
Warranty
LIMITED LIFETIME WARRANTY
Product Type
PULL-OUT/PULL-DOWN FAUCETS
Style
TRANSITIONAL
Hole Configuration
1
Mounting Location
DECK
Installation Type
SINGLE HOLE"
https://houseofrohl.com/tenerife-pull-down-kitchen-faucet-with-u-spout-polished-chrome-model-number-te56d1lmapc/,Tenerife™ Pull-Down Kitchen Faucet With U-Spout - Polished Chrome | Model Number: TE56D1LMAPC,TE56D1LMAPC,824438589612,"FEATURES
Dual-spray functionality with ability to toggle between stream and spray settings
Flow rate of 1.75 GPM/6.6 LPM at 60 PSI for effective cleaning while optimizing water usage
Swivel spout rotates for greater sink accessibility
Retractable pull-down metal handspray with secure docking system
Nylon braided hose delivers quieter functionality
Solid brass construction delivers the utmost in beauty, durability and long-lasting performance
Ceramic disc cartridge for durability and long-lasting performance
Requires 1"" clearance from backsplash to center of faucet hole
RELATED PRODUCTS",https://cdn11.bigcommerce.com/s-80sqzb3h0c/images/stencil/600x600/products/113953/127937/75191a281958286a48525254c6e57eb435320623__62381.1779365466.jpg?c=1,"Room
KITCHEN
Warranted Finish
YES
Warranty
LIMITED LIFETIME WARRANTY
Product Type
PULL-OUT/PULL-DOWN FAUCETS
Style
TRANSITIONAL
Hole Configuration
1
Mounting Location
DECK
Installation Type
SINGLE HOLE"
https://houseofrohl.com/tenerife-pull-down-bar-and-food-prep-kitchen-faucet-with-c-spout-polished-chrome-model-number-te65d1lmapc/,Tenerife™ Pull-Down Bar/Food Prep Kitchen Faucet - Polished Chrome | Model Number: TE65D1LMAPC,TE65D1LMAPC,824438589667,"FEATURES
Dual-spray functionality with ability to toggle between stream and spray settings
Retractable pull-down handspray with secure docking system
Silent braided nylon hose reduces friction between pull-down hose and faucet spout for quieter operation
Flow rate of 1.75 GPM/6.6 LPM at 60 PSI for effective cleaning
Solid brass construction delivers the utmost in beauty, durability and long-lasting performance
Ceramic disc cartridge for durability and long-lasting performance
All necessary mounting hardware included
Requires 1"" clearance from backsplash to center of faucet hole
RELATED PRODUCTS",https://cdn11.bigcommerce.com/s-80sqzb3h0c/images/stencil/600x600/products/113958/124734/2f9b99cddd04046c51418a37670b984b25525b87__67774.1779352337.jpg?c=1,"Room
KITCHEN
Warranted Finish
YES
Warranty
LIMITED LIFETIME WARRANTY
Product Type
BAR/FOOD PREP FAUCETS
Style
TRANSITIONAL
Hole Configuration
1
Mounting Location
DECK
Installation Type
SINGLE HOLE"
https://houseofrohl.com/trattoria-pull-down-touchless-kitchen-faucet-with-c-spout-chrome-model-number-ttrd111c/,Trattoria™ Pull-Down Touchless Kitchen Faucet With C-Spout - Chrome | Model Number: TTRD111C,TTRD111C,026508343142,"FEATURES
The Riobel® touchless technology allows you to turn water on and off with the motion of your hand. Touchless activation minimizes cross-contamination, improving the overall wellness of the kitchen. In addition, the peripheral position of the sensor minimizes false starts and optimizes water usage.
Boomerang™ pull-down technology seamlessly integrates sprayer into the spout while returning it quickly and easily to the sprayer's original position
Dual-spray functionality with ability to toggle between stream and spray settings
Flow rate of 1.5 GPM/5.69 LPM at 60 PSI for effective cleaning while optimizing water usage
Swivel spout rotates for greater sink accessibility
Matching Bar/Food Prep kitchen faucet is available
Nylon braided hose delivers quieter functionality
Ceramic disc cartridge for durability and long-lasting performance
Solid brass construction delivers the utmost in beauty, durability and long-lasting performance
Purchase with confidence knowing that this product is backed by limited lifetime warranty
3"" (7.62 cm) activation range and 2 minute auto shut-off
Requires 8"" (20.3 cm) clearance from sensor
RELATED PRODUCTS",https://cdn11.bigcommerce.com/s-80sqzb3h0c/images/stencil/600x600/products/114128/126153/341118925b2e12970e55874ed90916f18c8a4404__62966.1779358108.jpg?c=1,"Room
KITCHEN
Warranted Finish
YES
Warranty
LIMITED LIFETIME WARRANTY
Product Type
PULL-OUT/PULL-DOWN FAUCETS
Style
TRADITIONAL
Hole Configuration
1
Mounting Location
DECK
Installation Type
SINGLE HOLE"
https://houseofrohl.com/trattoria-pull-down-touchless-kitchen-faucet-with-c-spout-stainless-steel-model-number-ttrd111ss/,Trattoria™ Pull-Down Touchless Kitchen Faucet With C-Spout - Stainless Steel | Model Number: TTRD111SS,TTRD111SS,883186526379,"FEATURES
The Riobel® touchless technology allows you to turn water on and off with the motion of your hand. Touchless activation minimizes cross-contamination, improving the overall wellness of the kitchen. In addition, the peripheral position of the sensor minimizes false starts and optimizes water usage.
Boomerang™ pull-down technology seamlessly integrates sprayer into the spout while returning it quickly and easily to the sprayer's original position
Dual-spray functionality with ability to toggle between stream and spray settings
Flow rate of 1.5 GPM/5.69 LPM at 60 PSI for effective cleaning while optimizing water usage
Swivel spout rotates for greater sink accessibility
Matching Bar/Food Prep kitchen faucet is available
Nylon braided hose delivers quieter functionality
Ceramic disc cartridge for durability and long-lasting performance
Solid brass construction delivers the utmost in beauty, durability and long-lasting performance
Purchase with confidence knowing that this product is backed by limited lifetime warranty
3"" (7.62 cm) activation range and 2 minute auto shut-off
Requires 8"" (20.3 cm) clearance from sensor
RELATED PRODUCTS",https://cdn11.bigcommerce.com/s-80sqzb3h0c/images/stencil/600x600/products/114129/127498/a1e602eb355263e9a162964f9fadd5ff4f9ee95f__41663.1779364948.jpg?c=1,"Room
KITCHEN
Warranted Finish
YES
Warranty
LIMITED LIFETIME WARRANTY
Product Type
PULL-OUT/PULL-DOWN FAUCETS
Style
TRADITIONAL
Hole Configuration
1
Mounting Location
DECK
Installation Type
SINGLE HOLE"
https://houseofrohl.com/trattoria-pull-down-touchless-kitchen-faucet-with-u-spout-chrome-model-number-ttsq111c/,Trattoria™ Pull-Down Touchless Kitchen Faucet With U-Spout - Chrome | Model Number: TTSQ111C,TTSQ111C,883186526409,"FEATURES
The Riobel® touchless technology allows you to turn water on and off with the motion of your hand. Touchless activation minimizes cross-contamination, improving the overall wellness of the kitchen. In addition, the peripheral position of the sensor minimizes false starts and optimizes water usage.
Boomerang™ pull-down technology seamlessly integrates sprayer into the spout while returning it quickly and easily to the sprayer's original position
Dual-spray functionality with ability to toggle between stream and spray settings
Flow rate of 1.5 GPM/5.69 LPM at 60 PSI for effective cleaning while optimizing water usage
Swivel spout rotates for greater sink accessibility
Matching Bar/Food Prep kitchen faucet is available
Nylon braided hose delivers quieter functionality
Ceramic disc cartridge for durability and long-lasting performance
Solid brass construction delivers the utmost in beauty, durability and long-lasting performance
Purchase with confidence knowing that this product is backed by limited lifetime warranty
3"" (7.62 cm) activation range and 2 minute auto shut-off
Requires 8"" (20.3 cm) clearance from sensor
RELATED PRODUCTS",https://cdn11.bigcommerce.com/s-80sqzb3h0c/images/stencil/600x600/products/114132/123281/11eea2f64761ce5707300d5836184e5482fbf0e3__73914.1779350660.jpg?c=1,"Room
KITCHEN
Warranted Finish
YES
Warranty
LIMITED LIFETIME WARRANTY
Product Type
PULL-OUT/PULL-DOWN FAUCETS
Style
TRADITIONAL
Hole Configuration
1
Mounting Location
DECK
Installation Type
SINGLE HOLE"
https://houseofrohl.com/trattoria-pull-down-touchless-kitchen-faucet-with-u-spout-stainless-steel-model-number-ttsq111ss/,Trattoria™ Pull-Down Touchless Kitchen Faucet With U-Spout - Stainless Steel | Model Number: TTSQ111SS,TTSQ111SS,883186526416,"FEATURES
The Riobel® touchless technology allows you to turn water on and off with the motion of your hand. Touchless activation minimizes cross-contamination, improving the overall wellness of the kitchen. In addition, the peripheral position of the sensor minimizes false starts and optimizes water usage.
Boomerang™ pull-down technology seamlessly integrates sprayer into the spout while returning it quickly and easily to the sprayer's original position
Dual-spray functionality with ability to toggle between stream and spray settings
Flow rate of 1.5 GPM/5.69 LPM at 60 PSI for effective cleaning while optimizing water usage
Swivel spout rotates for greater sink accessibility
Matching Bar/Food Prep kitchen faucet is available
Nylon braided hose delivers quieter functionality
Ceramic disc cartridge for durability and long-lasting performance
Solid brass construction delivers the utmost in beauty, durability and long-lasting performance
Purchase with confidence knowing that this product is backed by limited lifetime warranty
3"" (7.62 cm) activation range and 2 minute auto shut-off
Requires 8"" (20.3 cm) clearance from sensor
RELATED PRODUCTS",https://cdn11.bigcommerce.com/s-80sqzb3h0c/images/stencil/600x600/products/114133/123455/1d77a6feabeacda9c78b3b01231006654fbf85e5__81969.1779350871.jpg?c=1,"Room
KITCHEN
Warranted Finish
YES
Warranty
LIMITED LIFETIME WARRANTY
Product Type
PULL-OUT/PULL-DOWN FAUCETS
Style
TRADITIONAL
Hole Configuration
1
Mounting Location
DECK
Installation Type
SINGLE HOLE"
https://houseofrohl.com/filtration-system-for-hot-water-and-kitchen-filter-faucets-model-number-u-1408/,Filtration System For Hot Water And Kitchen Filter Faucets - Not Applicable | Model Number: U.1408,U1408,824438592124,"FEATURES
Complete with housing, wall mount bracket, connections and HRF-1000 filter cartridge
Filter faucet sold separately
Installed under deck
Not compatible with ISE type dispensers
Recommend changing filter system every 3 years due to constant water pressure weakening the inlet
We recommend the use of a professional plumber for installation
RELATED PRODUCTS",https://cdn11.bigcommerce.com/s-80sqzb3h0c/images/stencil/600x600/products/114134/121844/bd1e83a4364b091a543e25b352eaad27224e91c1__70820.1779349105.jpg?c=1,"Room
KITCHEN
Warranted Finish
NO
Product Type
FILTRATION
Style
TRADITIONAL
Prop 65
YES
Warranty
LIMITED LIFETIME WARRANTY
Flow Rate
N/A
Ada Compliant
NO"
https://houseofrohl.com/armstrong-filter-kitchen-faucet-polished-chrome-model-number-u-1633ht-apc-2/,Armstrong™ Filter Kitchen Faucet - Polished Chrome | Model Number: U.1633HT-APC-2,U1633HTAPC2,824438592131,"FEATURES
Enjoy clean filtered water next to your primary kitchen faucet for a trusted source of drinking water
Spout swivels for easy access
Filtered water .5 GPM/1.9 LPM at 45 PSI
Designed to work with our HRK-2000 filtration system, sold separately
Solid brass construction delivers the utmost in beauty, durability and long-lasting performance
Ceramic disc cartridge for durability and long-lasting performance
Not suitable for R.O. systems or instant hot systems
Unlacquered Brass is a living finish that naturally age over time and develop a patina unique to its environment. Returns based on finish will not be accepted.
RELATED PRODUCTS",https://cdn11.bigcommerce.com/s-80sqzb3h0c/images/stencil/600x600/products/114135/123294/9be48f1648c9c1def3d855f9b84b7f422dd25bfd__71093.1779350672.jpg?c=1,"Room
KITCHEN
Warranted Finish
YES
Warranty
LIMITED LIFETIME WARRANTY
Product Type
FILTRATION
Style
TRANSITIONAL
Hole Configuration
1
Mounting Location
DECK
Installation Type
SINGLE HOLE"
https://houseofrohl.com/armstrong-hot-water-and-kitchen-filter-faucet-polished-chrome-model-number-u-1833ht-apc-2/,Armstrong™ Hot Water And Kitchen Filter Faucet - Polished Chrome | Model Number: U.1833HT-APC-2,U1833HTAPC2,824438592186,"FEATURES
Water activates by pushing handle inwards toward spout
Pull handle forward for cold filtered water, push backward for instant hot water
Filtered water .5 GPM/1.9 LPM at 45 PSI
For use with U.1998 high performance hot water tank and U.1408 Nano filter
RELATED PRODUCTS",https://cdn11.bigcommerce.com/s-80sqzb3h0c/images/stencil/600x600/products/114140/124815/37352c9b2805e34e48d6a5aaf62b1d5ea849a71d__33924.1779352425.jpg?c=1,"Room
KITCHEN
Warranted Finish
YES
Warranty
LIMITED LIFETIME WARRANTY
Product Type
HOT WATER DISPENSER
Style
TRANSITIONAL
Hole Configuration
1
Mounting Location
DECK
Installation Type
SINGLE HOLE"
https://houseofrohl.com/holborn-pull-down-kitchen-faucet-with-u-spout-polished-chrome-model-number-u-4046l-apc-2/,Holborn™ Pull-Down Kitchen Faucet With U-Spout - Polished Chrome | Model Number: U.4046L-APC-2,U4046LAPC2,824438587816,"FEATURES
Dual-spray functionality with ability to toggle between stream and spray settings
Flow rate of 1.75 GPM/6.6 LPM at 60 PSI for effective cleaning while optimizing water usage
Retractable pull-down metal handspray with secure docking system
Swivel spout rotates for greater sink accessibility
Matching Bar/Food Prep kitchen faucet is available
Nylon braided hose delivers quieter functionality
Ceramic disc cartridge for durability and long-lasting performance
Solid brass construction delivers the utmost in beauty, durability and long-lasting performance
Requires 2 1/2"" clearance from backsplash to center of faucet hole
Unlacquered Brass is a living finish that naturally age over time and develop a patina unique to its environment. Returns based on finish will not be accepted.
RELATED PRODUCTS",https://cdn11.bigcommerce.com/s-80sqzb3h0c/images/stencil/600x600/products/114160/123879/a1ce66e001481480e2cbdfdef995f794973f28b8__98877.1779351377.jpg?c=1,"Room
KITCHEN
Warranted Finish
YES
Warranty
LIMITED LIFETIME WARRANTY
Product Type
PULL-OUT/PULL-DOWN FAUCETS
Style
TRANSITIONAL
Hole Configuration
1
Mounting Location
DECK
Installation Type
SINGLE HOLE"
https://houseofrohl.com/armstrong-pull-down-kitchen-faucet-with-u-spout-polished-chrome-model-number-u-4546ht-apc-2/,Armstrong™ Pull-Down Kitchen Faucet With U-Spout - Polished Chrome | Model Number: U.4546HT-APC-2,U4546HTAPC2,824438587885,"FEATURES
Dual-spray functionality with ability to toggle between stream and spray settings
Flow rate of 1.75 GPM/6.6 LPM at 60 PSI for effective cleaning while optimizing water usage
Retractable pull-down metal handspray with secure docking system
Swivel spout rotates for greater sink accessibility
Matching Bar/Food Prep kitchen faucet is available
Nylon braided hose delivers quieter functionality
Ceramic disc cartridge for durability and long-lasting performance
Solid brass construction delivers the utmost in beauty, durability and long-lasting performance
Requires 2 1/2"" clearance from backsplash to center of faucet hole
Unlacquered Brass is a living finish that naturally age over time and develop a patina unique to its environment. Returns based on finish will not be accepted.
RELATED PRODUCTS",https://cdn11.bigcommerce.com/s-80sqzb3h0c/images/stencil/600x600/products/114167/122530/2a0c18000dd8b975e20663cb6e68989789322132__67298.1779349815.jpg?c=1,"Room
KITCHEN
Warranted Finish
YES
Warranty
LIMITED LIFETIME WARRANTY
Product Type
PULL-OUT/PULL-DOWN FAUCETS
Style
TRANSITIONAL
Hole Configuration
1
Mounting Location
DECK
Installation Type
SINGLE HOLE"
https://houseofrohl.com/armstrong-pull-down-bridge-kitchen-faucet-with-u-spout-polished-chrome-model-number-u-4551ht-apc-2/,Armstrong™ Pull-Down Bridge Kitchen Faucet With U-Spout - Polished Chrome | Model Number: U.4551HT-APC-2,U4551HTAPC2,824438587939,"FEATURES
Add elegance and old world charm with a bridge kitchen faucet
Dual-spray functionality with ability to toggle between stream and spray settings
Flow rate of 1.8 GPM/6.8 LPM at 60 PSI for effective cleaning while optimizing water usage
Retractable pull-down metal handspray with secure docking system
Swivel spout rotates for greater sink accessibility
Matching Bar/Food Prep kitchen faucet is available
Nylon braided hose delivers quieter functionality
Ceramic disc cartridge for durability and long-lasting performance
Solid brass construction delivers the utmost in beauty, durability and long-lasting performance
3-hole installation
Unlacquered Brass is a living finish that naturally age over time and develop a patina unique to its environment. Returns based on finish will not be accepted.
RELATED PRODUCTS",https://cdn11.bigcommerce.com/s-80sqzb3h0c/images/stencil/600x600/products/114172/126211/ccb8e67f015ae136823f670eac1b99e95b3b2748__77469.1779358176.jpg?c=1,"Room
KITCHEN
Warranted Finish
YES
Warranty
LIMITED LIFETIME WARRANTY
Product Type
PULL-OUT/PULL-DOWN FAUCETS
Style
TRANSITIONAL
Hole Configuration
3
Mounting Location
DECK
Installation Type
DECK"
https://houseofrohl.com/lux-c-spout-filter-faucet-brushed-stainless-steel-with-metal-lever-handle-r7517sb,Lux™ Filter Kitchen Faucet - Brushed Stainless Steel | Model Number: R7517SB,R7517SB,824438605237,"FEATURES
Enjoy clean filtered water next to your primary kitchen faucet for a trusted source of drinking water
Spout swivels for easy access
Filtered water .5 GPM/1.9 LPM at 45 PSI
Designed to work with our HRK-2000 filtration system, sold separately
Solid brass construction delivers the utmost in beauty, durability and long-lasting performance
Solid stainless steel construction delivers the utmost in beauty, durability and long-lasting performance for Brushed Stainless Steel finish
Ceramic disc cartridge for durability and long-lasting performance
Not suitable for R.O. systems or instant hot systems
Unlacquered Brass and Tuscan Brass are living finishes that naturally age over time and develop a patina unique to its environment. Returns based on finish will not be accepted.
RELATED PRODUCTS",https://cdn11.bigcommerce.com/s-80sqzb3h0c/images/stencil/600x600/products/114361/115154/lssazmswhmqwewog8tjm__25275.1652162920.jpg?c=1,"Room
KITCHEN
Warranted Finish
YES
Warranty
LIMITED LIFETIME WARRANTY
Product Type
FILTRATION
Style
MODERN
Hole Configuration
1
Mounting Location
DECK
Installation Type
SINGLE HOLE"
https://houseofrohl.com/lux-side-handle-stainless-steel-pulldown-kitchen-faucet-brushed-stainless-steel-with-lever-handle-r7520sb,Lux™ Pull-Down Kitchen Faucet - Brushed Stainless Steel | Model Number: R7520SB,R7520SB,824438605251,"FEATURES
Dual-spray functionality with ability to toggle between stream and spray settings
Flow rate of 1.8 GPM/6.8 LPM at 60 PSI for effective cleaning while optimizing water usage
Retractable pull-down metal handspray with secure docking system
Swivel spout rotates for greater sink accessibility
Matching Bar/Food Prep kitchen faucet is available
Nylon braided hose delivers quieter functionality
Ceramic disc cartridge for durability and long-lasting performance
Requires 2 1/2"" clearance from backsplash to center of faucet hole
Solid brass construction delivers the utmost in beauty, durability and long-lasting performance
Solid stainless steel construction delivers the utmost in beauty, durability and long-lasting performance for Brushed Stainless Steel finish
RELATED PRODUCTS",https://cdn11.bigcommerce.com/s-80sqzb3h0c/images/stencil/600x600/products/114363/115217/sijng3kpxedf7f2b687k__92846.1652162959.jpg?c=1,"Room
KITCHEN
Warranted Finish
YES
Warranty
LIMITED LIFETIME WARRANTY
Product Type
PULL-OUT/PULL-DOWN FAUCETS
Style
MODERN
Hole Configuration
1
Mounting Location
DECK
Installation Type
SINGLE HOLE"
https://houseofrohl.com/lux-side-handle-bar-and-food-prep-stainless-steel-pulldown-faucet-brushed-stainless-steel-with-lever-handle-r7519sb,Lux™ Pull-Down Bar/Food Prep Kitchen Faucet - Brushed Stainless Steel | Model Number: R7519SB,R7519SB,824438605244,"FEATURES
Dual-spray functionality with ability to toggle between stream and spray settings
Retractable pull-down handspray with secure docking system
Silent braided nylon hose reduces friction between pull-down hose and faucet spout for quieter operation
Flow rate of 1.8 GPM/6.8 LPM at 60 PSI for effective cleaning
Solid brass construction delivers the utmost in beauty, durability and long-lasting performance
Ceramic disc cartridge for durability and long-lasting performance
All necessary mounting hardware included
Requires 2 1/2"" clearance from backsplash to center of faucet hole
Solid stainless steel construction delivers the utmost in beauty, durability and long-lasting performance for Brushed Stainless Steel finish
RELATED PRODUCTS",https://cdn11.bigcommerce.com/s-80sqzb3h0c/images/stencil/600x600/products/114362/100914/zzsrf2mbmgf732paaw77__19524.1652153956.jpg?c=1,"Room
KITCHEN
Warranted Finish
YES
Warranty
LIMITED LIFETIME WARRANTY
Product Type
BAR/FOOD PREP FAUCETS
Style
MODERN
Hole Configuration
1
Mounting Location
DECK
Installation Type
SINGLE HOLE"
https://houseofrohl.com/lux-side-handle-stainless-steel-pro-pulldown-kitchen-faucet-brushed-stainless-steel-with-lever-handle-r7521sb,Lux™ Pre-Rinse Kitchen Faucet - Brushed Stainless Steel | Model Number: R7521SB,R7521SB,824438605268,"FEATURES
Dual-spray functionality with ability to toggle between stream and spray settings
Flow rate of 1.8 GPM/6.8 LPM at 60 PSI for effective cleaning while optimizing water usage
Swivel spout rotates for greater sink accessibility
Matching Bar/Food Prep kitchen faucet is available
Easy-docking feature is a chef's dream
Ceramic disc cartridge for durability and long-lasting performance
Requires 2 1/2"" clearance from backsplash to center of faucet hole
Solid brass construction delivers the utmost in beauty, durability and long-lasting performance
Solid stainless steel construction delivers the utmost in beauty, durability and long-lasting performance for Brushed Stainless Steel finish
RELATED PRODUCTS",https://cdn11.bigcommerce.com/s-80sqzb3h0c/images/stencil/600x600/products/114364/115212/eb1wrjsrxjivebmlqjo2__17496.1652162956.jpg?c=1,"Room
KITCHEN
Warranted Finish
YES
Warranty
LIMITED LIFETIME WARRANTY
Product Type
PULL-OUT/PULL-DOWN FAUCETS
Style
MODERN
Hole Configuration
1
Mounting Location
DECK
Installation Type
SINGLE HOLE"
https://houseofrohl.com/lux-c-spout-filter-faucet-brushed-stainless-steel-with-metal-lever-handle-rkit7517sb,Lux™ Filter Kitchen Faucet Kit - Brushed Stainless Steel | Model Number: RKIT7517SB,RKIT7517SB,824438605275,"FEATURES
Enjoy clean filtered water next to your primary kitchen faucet for a trusted source of drinking water
Spout swivels for easy access
Filtered water .5 GPM/1.9 LPM at 45 PSI
Solid brass construction delivers the utmost in beauty, durability and long-lasting performance
Ceramic disc cartridge for durability and long-lasting performance
Not suitable for R.O. systems or instant hot systems
Top of the line 0.2-micron ceramic filter and active carbon material
Yields reduced PFA’s, lead, heavy metals, bacteria, foul taste and odor
Unlacquered Brass and Tuscan Brass are living finishes that naturally age over time and develop a patina unique to its environment. Returns based on finish will not be accepted.
RELATED PRODUCTS",https://cdn11.bigcommerce.com/s-80sqzb3h0c/images/stencil/600x600/products/114366/115155/a7cx5xxtwaccmzimg1rb__01800.1652162920.jpg?c=1,"Room
KITCHEN
Warranted Finish
YES
Warranty
LIMITED LIFETIME WARRANTY
Product Type
FILTRATION
Style
MODERN
Hole Configuration
2
Mounting Location
DECK
Installation Type
SINGLE HOLE"
https://houseofrohl.com/apothecary-pull-down-touchless-kitchen-faucet-polished-chrome-ap53d1lmapc/,Apothecary™ Pull-Down Touchless Kitchen Faucet - Polished Chrome | Model Number: AP53D1LMAPC,AP53D1LMAPC,824438639225,"FEATURES
The ROHL® touchless technology allows you to turn water on and off with the motion of your hand. Touchless activation minimizes cross-contamination, improving the overall wellness of the kitchen. In addition, the peripheral position of the sensor minimizes false starts and optimizes water usage.
Dual-spray functionality with ability to toggle between stream and spray settings
Flow rate of 1.5 GPM/5.69 LPM at 60 PSI for effective cleaning while optimizing water usage
Retractable pull-down metal handspray with secure docking system
Swivel spout rotates for greater sink accessibility
Matching Bar/Food Prep kitchen faucet is available
Nylon braided hose delivers quieter functionality
Ceramic disc cartridge for durability and long-lasting performance
Solid brass construction delivers the utmost in beauty, durability and long-lasting performance
Requires 2 1/2"" clearance from backsplash to center of faucet hole
Unlacquered Brass is a living finish that naturally age over time and develop a patina unique to its environment. Returns based on finish will not be accepted.
3"" (7.62 cm) activation range and 2 minute auto shut-off
Requires 8"" (20.3 cm) clearance from sensor
RELATED PRODUCTS",https://cdn11.bigcommerce.com/s-80sqzb3h0c/images/stencil/600x600/products/117480/124073/2246f5b19cd5399c833cb4d24c00182b7c438666__31276.1779351616.jpg?c=1,"Room
KITCHEN
Warranted Finish
YES
Warranty
LIMITED LIFETIME WARRANTY
Product Type
PULL-OUT/PULL-DOWN FAUCETS
Style
TRANSITIONAL
Hole Configuration
1
Mounting Location
DECK
Installation Type
SINGLE HOLE"
https://houseofrohl.com/apothecary-pull-down-kitchen-faucet-with-c-spout-polished-chrome-ap55d1lmapc/,Apothecary™ Pull-Down Kitchen Faucet With C-Spout - Polished Chrome | Model Number: AP55D1LMAPC,AP55D1LMAPC,824438648135,"FEATURES
Dual-spray functionality with ability to toggle between stream and spray settings
Flow rate of 1.8 GPM/6.8 LPM at 60 PSI for effective cleaning while optimizing water usage
Retractable pull-down metal handspray with secure docking system
Swivel spout rotates for greater sink accessibility
Matching Bar/Food Prep kitchen faucet is available
Nylon braided hose delivers quieter functionality
Ceramic disc cartridge for durability and long-lasting performance
Solid brass construction delivers the utmost in beauty, durability and long-lasting performance
Requires 2 1/2"" clearance from backsplash to center of faucet hole
Unlacquered Brass is a living finish that naturally age over time and develop a patina unique to its environment. Returns based on finish will not be accepted.
RELATED PRODUCTS",https://cdn11.bigcommerce.com/s-80sqzb3h0c/images/stencil/600x600/products/117486/127444/d56445ad3239ef6cac738ef591fe68df44e7b4c1__46990.1779364882.jpg?c=1,"Room
KITCHEN
Warranted Finish
YES
Warranty
LIMITED LIFETIME WARRANTY
Product Type
PULL-OUT/PULL-DOWN FAUCETS
Style
TRANSITIONAL
Hole Configuration
1
Mounting Location
DECK
Installation Type
SINGLE HOLE"
https://houseofrohl.com/apothecary-pull-down-kitchen-faucet-with-u-spout-polished-chrome-ap56d1lmapc/,Apothecary™ Pull-Down Kitchen Faucet With U-Spout - Polished Chrome | Model Number: AP56D1LMAPC,AP56D1LMAPC,824438648197,"FEATURES
Dual-spray functionality with ability to toggle between stream and spray settings
Flow rate of 1.8 GPM/6.8 LPM at 60 PSI for effective cleaning while optimizing water usage
Retractable pull-down metal handspray with secure docking system
Swivel spout rotates for greater sink accessibility
Matching Bar/Food Prep kitchen faucet is available
Nylon braided hose delivers quieter functionality
Ceramic disc cartridge for durability and long-lasting performance
Solid brass construction delivers the utmost in beauty, durability and long-lasting performance
Requires 2 1/2"" clearance from backsplash to center of faucet hole
Unlacquered Brass is a living finish that naturally age over time and develop a patina unique to its environment. Returns based on finish will not be accepted.
RELATED PRODUCTS",https://cdn11.bigcommerce.com/s-80sqzb3h0c/images/stencil/600x600/products/117492/121705/7150161ea8b7c28af44e27e98d0de2f8ad8bdeca__15069.1779348954.jpg?c=1,"Room
KITCHEN
Warranted Finish
YES
Warranty
LIMITED LIFETIME WARRANTY
Product Type
PULL-OUT/PULL-DOWN FAUCETS
Style
TRANSITIONAL
Hole Configuration
1
Mounting Location
DECK
Installation Type
SINGLE HOLE"
https://houseofrohl.com/apothecary-pre-rinse-infinite-control-kitchen-faucet-polished-chrome-ap59d1lmapc/,Apothecary™ Pre-Rinse Infinite Control Pull-Down Faucet - Polished Chrome | Model Number: AP59D1LMAPC,AP59D1LMAPC,824438654143,"FEATURES
Infinite Control Technology offers a range of spray intensities, spanning from a delicate rinse for produce to a forceful cleanse for dirty dishes, and everything in between
Locking mechanism allows you to set your preferred spray intensity for as long as you need it
Commercial-style coil spring design faucet enables a more flexible spout
Dual-spray functionality with ability to toggle between stream and spray settings
Flow rate of 1.5 GPM/5.69 LPM at 60 PSI for effective cleaning while optimizing water usage
Swivel spout rotates for greater sink accessibility
Matching Bar/Food Prep kitchen faucet is available
Easy-docking feature is a chef's dream
Ceramic disc cartridge for durability and long-lasting performance
Requires 2 1/2"" clearance from backsplash to center of faucet hole
RELATED PRODUCTS",https://cdn11.bigcommerce.com/s-80sqzb3h0c/images/stencil/600x600/products/117498/127294/60b81dcaa74fd3cb3e938f64f1dd3f9d9617c900__12222.1779364693.jpg?c=1,"Room
KITCHEN
Warranted Finish
YES
Product Type
PULL-OUT/PULL-DOWN FAUCETS
Style
TRANSITIONAL
Hole Configuration
1
Mounting Location
DECK
Installation Type
SINGLE HOLE
Shape
C-SPOUT"
https://houseofrohl.com/apothecary-bar-food-prep-kitchen-faucet-polished-chrome-ap60d1lmapc/,Apothecary™ Bar/Food Prep Kitchen Faucet - Polished Chrome | Model Number: AP60D1LMAPC,AP60D1LMAPC,824438648371,"FEATURES
Swivel spout rotates for greater sink accessibility
Flow rate of 1.8 GPM/6.8 LPM at 60 PSI for effective cleaning
Solid brass construction delivers the utmost in beauty, durability and long-lasting performance
Ceramic disc cartridge for durability and long-lasting performance
All necessary mounting hardware included
Purchase with confidence knowing that this product is backed by limited lifetime warranty
Requires 2 1/2"" clearance from backsplash to center of faucet hole
Unlacquered Brass is a living finish that naturally age over time and develop a patina unique to its environment. Returns based on finish will not be accepted.
RELATED PRODUCTS",https://cdn11.bigcommerce.com/s-80sqzb3h0c/images/stencil/600x600/products/117502/125036/50f93a3900c4d7c8eb39f5e24c38d69fea867be9__26844.1779352691.jpg?c=1,"Room
KITCHEN
Warranted Finish
YES
Warranty
LIMITED LIFETIME WARRANTY
Product Type
BAR/FOOD PREP FAUCETS
Style
TRANSITIONAL
Hole Configuration
1
Mounting Location
DECK
Installation Type
SINGLE HOLE"
https://houseofrohl.com/apothecary-pull-down-bar-food-prep-kitchen-faucet-polished-chrome-ap65d1lmapc/,Apothecary™ Pull-Down Bar/Food Prep Kitchen Faucet - Polished Chrome | Model Number: AP65D1LMAPC,AP65D1LMAPC,824438648494,"FEATURES
Dual-spray functionality with ability to toggle between stream and spray settings
Retractable pull-down handspray with secure docking system
Silent braided nylon hose reduces friction between pull-down hose and faucet spout for quieter operation
Flow rate of 1.8 GPM/6.8 LPM at 60 PSI for effective cleaning
Solid brass construction delivers the utmost in beauty, durability and long-lasting performance
Ceramic disc cartridge for durability and long-lasting performance
All necessary mounting hardware included
Requires 2 1/2"" clearance from backsplash to center of faucet hole
Unlacquered Brass is a living finish that naturally age over time and develop a patina unique to its environment. Returns based on finish will not be accepted.
RELATED PRODUCTS",https://cdn11.bigcommerce.com/s-80sqzb3h0c/images/stencil/600x600/products/117514/124762/5512bb73c2c9716a6761df36d9cfbecab22fbfb4__06134.1779352368.jpg?c=1,"Room
KITCHEN
Warranted Finish
YES
Warranty
LIMITED LIFETIME WARRANTY
Product Type
BAR/FOOD PREP FAUCETS
Style
TRANSITIONAL
Hole Configuration
1
Mounting Location
DECK
Installation Type
SINGLE HOLE"
https://houseofrohl.com/apothecary-filter-kitchen-faucet-polished-chrome-ap70d1lmapc/,Apothecary™ Filter Kitchen Faucet - Polished Chrome | Model Number: AP70D1LMAPC,AP70D1LMAPC,824438648555,"FEATURES
Enjoy clean filtered water next to your primary kitchen faucet for a trusted source of drinking water
Spout swivels for easy access
Filtered water .5 GPM/1.9 LPM at 45 PSI
Designed to work with our HRK-2000 filtration system, sold separately
Solid brass construction delivers the utmost in beauty, durability and long-lasting performance
Ceramic disc cartridge for durability and long-lasting performance
Not suitable for R.O. systems or instant hot systems
Unlacquered Brass is a living finish that naturally age over time and develop a patina unique to its environment. Returns based on finish will not be accepted.
RELATED PRODUCTS",https://cdn11.bigcommerce.com/s-80sqzb3h0c/images/stencil/600x600/products/117520/128979/b8172844dbdbde53598ad8cf8c0afad11a77665d__47104.1779366661.jpg?c=1,"Room
KITCHEN
Warranted Finish
YES
Warranty
LIMITED LIFETIME WARRANTY
Product Type
FILTRATION
Style
TRANSITIONAL
Hole Configuration
1
Mounting Location
DECK
Installation Type
SINGLE HOLE"
https://houseofrohl.com/azure-pull-down-kitchen-faucet-with-u-spout-chrome-azsq201c/,Azure™ Pull-Down Kitchen Faucet With U-Spout - Chrome | Model Number: AZSQ201C,AZSQ201C,883186548647,"FEATURES
Boomerang™ pull-down technology seamlessly integrates sprayer into the spout while returning it quickly and easily to the sprayer's original position
Dual-spray functionality with ability to toggle between stream and spray settings
Integrated swivel is attached to the pull-down hose with a pivotable ball joint that makes it easy to direct water to all corners of your sink
Retractable pull-down metal handspray with secure docking system
Swivel spout rotates for greater sink accessibility
Flow rate of 1.5 GPM/5.69 LPM at 60 PSI for effective cleaning while optimizing water usage
Matching Bar/Food Prep kitchen faucet is available
Purchase with confidence knowing that this product is backed by limited lifetime warranty
Ceramic disc cartridge for durability and long-lasting performance
RELATED PRODUCTS",https://cdn11.bigcommerce.com/s-80sqzb3h0c/images/stencil/600x600/products/117537/122023/244df1b3181b5559bc9f10241bca9a6978595833__84018.1779349296.jpg?c=1,"Room
KITCHEN
Warranted Finish
YES
Product Type
PULL-OUT/PULL-DOWN FAUCETS
Style
TRANSITIONAL
Hole Configuration
1
Mounting Location
DECK
Installation Type
SINGLE HOLE
Shape
U-SPOUT"
https://houseofrohl.com/azure-pull-down-kitchen-faucet-with-u-spout-stainless-steel-azsq201ss/,Azure™ Pull-Down Kitchen Faucet With U-Spout - Stainless Steel | Model Number: AZSQ201SS,AZSQ201SS,883186548678,"FEATURES
Boomerang™ pull-down technology seamlessly integrates sprayer into the spout while returning it quickly and easily to the sprayer's original position
Dual-spray functionality with ability to toggle between stream and spray settings
Integrated swivel is attached to the pull-down hose with a pivotable ball joint that makes it easy to direct water to all corners of your sink
Retractable pull-down metal handspray with secure docking system
Swivel spout rotates for greater sink accessibility
Flow rate of 1.5 GPM/5.69 LPM at 60 PSI for effective cleaning while optimizing water usage
Matching Bar/Food Prep kitchen faucet is available
Purchase with confidence knowing that this product is backed by limited lifetime warranty
Ceramic disc cartridge for durability and long-lasting performance
RELATED PRODUCTS",https://cdn11.bigcommerce.com/s-80sqzb3h0c/images/stencil/600x600/products/117541/128913/41d2d4951550cacee808adf8c3d7b53e13ab7aac__29098.1779366569.jpg?c=1,"Room
KITCHEN
Warranted Finish
YES
Product Type
PULL-OUT/PULL-DOWN FAUCETS
Style
TRANSITIONAL
Hole Configuration
1
Mounting Location
DECK
Installation Type
SINGLE HOLE
Shape
U-SPOUT"
https://houseofrohl.com/campo-filter-kitchen-faucet-polished-chrome-cp70d1lmapc/,Campo™ Filter Kitchen Faucet - Polished Chrome | Model Number: CP70D1LMAPC,CP70D1LMAPC,824438648906,"FEATURES
Enjoy clean filtered water next to your primary kitchen faucet for a trusted source of drinking water
Spout swivels for easy access
Filtered water .5 GPM/1.9 LPM at 45 PSI
Designed to work with our HRK-2000 filtration system, sold separately
Solid brass construction delivers the utmost in beauty, durability and long-lasting performance
Ceramic disc cartridge for durability and long-lasting performance
Not suitable for R.O. systems or instant hot systems
Unlacquered Brass and Tuscan Brass are living finishes that naturally age over time and develop a patina unique to its environment. Returns based on finish will not be accepted.
RELATED PRODUCTS",https://cdn11.bigcommerce.com/s-80sqzb3h0c/images/stencil/600x600/products/117561/125588/b005c28d049262e25a3408d7763c17258e7681fa__06477.1779357502.jpg?c=1,"Room
KITCHEN
Warranted Finish
YES
Product Type
FILTRATION
Style
TRANSITIONAL
Hole Configuration
1
Mounting Location
DECK
Installation Type
SINGLE HOLE
Shape
C-SPOUT"
https://houseofrohl.com/lombardia-filter-kitchen-faucet-polished-chrome-lb70d1lmapc/,Lombardia® Filter Kitchen Faucet - Polished Chrome | Model Number: LB70D1LMAPC,LB70D1LMAPC,824438649187,"FEATURES
Enjoy clean filtered water next to your primary kitchen faucet for a trusted source of drinking water
Spout swivels for easy access
Filtered water .5 GPM/1.9 LPM at 45 PSI
Designed to work with our HRK-2000 filtration system, sold separately
Solid brass construction delivers the utmost in beauty, durability and long-lasting performance
Ceramic disc cartridge for durability and long-lasting performance
Not suitable for R.O. systems or instant hot systems
Unlacquered Brass and Tuscan Brass are living finishes that naturally age over time and develop a patina unique to its environment. Returns based on finish will not be accepted.
RELATED PRODUCTS",https://cdn11.bigcommerce.com/s-80sqzb3h0c/images/stencil/600x600/products/117581/126002/3f2ff4fed8eea32a98783ff970d279fef14c878f__69906.1779357936.jpg?c=1,"Room
KITCHEN
Warranted Finish
YES
Product Type
FILTRATION
Style
TRANSITIONAL
Hole Configuration
1
Mounting Location
DECK
Installation Type
SINGLE HOLE
Shape
C-SPOUT"
https://houseofrohl.com/lateral-pull-down-kitchen-faucet-with-single-spray-chrome-lt101c/,Lateral™ Pull-Down Kitchen Faucet With Single Spray - Chrome | Model Number: LT101C,LT101C,883186543550,"FEATURES
Retractable pull-down metal handspray with secure docking system
Integrated swivel is attached to the pull-down hose with a pivotable ball joint that makes it easy to direct water to all corners of your sink
Swivel spout rotates for greater sink accessibility
Flow rate of 1.8 GPM/6.8 LPM at 60 PSI for effective cleaning
Matching Bar/Food Prep kitchen faucet is available
Silent braided nylon hose reduces friction between pull-down hose and faucet spout for quieter operation
Purchase with confidence knowing that this product is backed by limited lifetime warranty
Ceramic disc cartridge for durability and long-lasting performance
RELATED PRODUCTS",https://cdn11.bigcommerce.com/s-80sqzb3h0c/images/stencil/600x600/products/117587/123398/3a15e21990456c2e8b594ed6f08ce153e53e6b4c__26642.1779350790.jpg?c=1,"Room
KITCHEN
Warranted Finish
YES
Product Type
PULL-OUT/PULL-DOWN FAUCETS
Style
TRANSITIONAL
Hole Configuration
1
Mounting Location
DECK
Installation Type
SINGLE HOLE
Shape
C-SPOUT"
https://houseofrohl.com/lateral-pull-down-kitchen-faucet-with-single-spray-stainless-steel-lt101ss/,Lateral™ Pull-Down Kitchen Faucet With Single Spray - Stainless Steel | Model Number: LT101SS,LT101SS,883186543567,"FEATURES
Retractable pull-down metal handspray with secure docking system
Integrated swivel is attached to the pull-down hose with a pivotable ball joint that makes it easy to direct water to all corners of your sink
Swivel spout rotates for greater sink accessibility
Flow rate of 1.8 GPM/6.8 LPM at 60 PSI for effective cleaning
Matching Bar/Food Prep kitchen faucet is available
Silent braided nylon hose reduces friction between pull-down hose and faucet spout for quieter operation
Purchase with confidence knowing that this product is backed by limited lifetime warranty
Ceramic disc cartridge for durability and long-lasting performance
RELATED PRODUCTS",https://cdn11.bigcommerce.com/s-80sqzb3h0c/images/stencil/600x600/products/117590/125299/a40b893b57d80d911a0c5390236ad85869a59664__39068.1779357217.jpg?c=1,"Room
KITCHEN
Warranted Finish
YES
Product Type
PULL-OUT/PULL-DOWN FAUCETS
Style
TRANSITIONAL
Hole Configuration
1
Mounting Location
DECK
Installation Type
SINGLE HOLE
Shape
C-SPOUT"
https://houseofrohl.com/lateral-pull-down-kitchen-faucet-with-c-spout-chrome-lt201c/,Lateral™ Pull-Down Kitchen Faucet With C-Spout - Chrome | Model Number: LT201C,LT201C,883186543598,"FEATURES
Boomerang™ pull-down technology seamlessly integrates sprayer into the spout while returning it quickly and easily to the sprayer's original position
Dual-spray functionality with ability to toggle between stream and spray settings
Integrated swivel is attached to the pull-down hose with a pivotable ball joint that makes it easy to direct water to all corners of your sink
Retractable pull-down metal handspray with secure docking system
Swivel spout rotates for greater sink accessibility
Flow rate of 1.8 GPM/6.8 LPM at 60 PSI for effective cleaning
Matching Bar/Food Prep kitchen faucet is available
Purchase with confidence knowing that this product is backed by limited lifetime warranty
Ceramic disc cartridge for durability and long-lasting performance
RELATED PRODUCTS",https://cdn11.bigcommerce.com/s-80sqzb3h0c/images/stencil/600x600/products/117591/121764/17f3ba8f9a208aeb648578410a187eb604decd9c__63527.1779349011.jpg?c=1,"Room
KITCHEN
Warranted Finish
YES
Product Type
PULL-OUT/PULL-DOWN FAUCETS
Style
TRANSITIONAL
Hole Configuration
1
Mounting Location
DECK
Installation Type
SINGLE HOLE
Shape
C-SPOUT"
https://houseofrohl.com/lateral-pull-down-kitchen-faucet-with-c-spout-stainless-steel-lt201ss/,Lateral™ Pull-Down Kitchen Faucet With C-Spout - Stainless Steel | Model Number: LT201SS,LT201SS,883186543604,"FEATURES
Boomerang™ pull-down technology seamlessly integrates sprayer into the spout while returning it quickly and easily to the sprayer's original position
Dual-spray functionality with ability to toggle between stream and spray settings
Integrated swivel is attached to the pull-down hose with a pivotable ball joint that makes it easy to direct water to all corners of your sink
Retractable pull-down metal handspray with secure docking system
Swivel spout rotates for greater sink accessibility
Flow rate of 1.8 GPM/6.8 LPM at 60 PSI for effective cleaning
Matching Bar/Food Prep kitchen faucet is available
Purchase with confidence knowing that this product is backed by limited lifetime warranty
Ceramic disc cartridge for durability and long-lasting performance
RELATED PRODUCTS",https://cdn11.bigcommerce.com/s-80sqzb3h0c/images/stencil/600x600/products/117594/128017/e8ea2b1e845b991dfd2f12bca02cde051a30b4b4__01062.1779365561.jpg?c=1,"Room
KITCHEN
Warranted Finish
YES
Product Type
PULL-OUT/PULL-DOWN FAUCETS
Style
TRANSITIONAL
Hole Configuration
1
Mounting Location
DECK
Installation Type
SINGLE HOLE
Shape
C-SPOUT"
https://houseofrohl.com/lateral-pull-down-touchless-kitchen-faucet-with-c-spout-chrome-lt211c/,Lateral™ Pull-Down Touchless Kitchen Faucet With C-Spout - Chrome | Model Number: LT211C,LT211C,883186543635,"FEATURES
The Riobel® touchless technology allows you to turn water on and off with the motion of your hand. Touchless activation minimizes cross-contamination, improving the overall wellness of the kitchen. In addition, the peripheral position of the sensor minimizes false starts and optimizes water usage.
Boomerang™ pull-down technology seamlessly integrates sprayer into the spout while returning it quickly and easily to the sprayer's original position
Dual-spray functionality with ability to toggle between stream and spray settings
Flow rate of 1.5 GPM/5.7 LPM at 60 PSI for effective cleaning
Swivel spout rotates for greater sink accessibility
Matching Bar/Food Prep kitchen faucet is available
Nylon braided hose delivers quieter functionality
Ceramic disc cartridge for durability and long-lasting performance
Solid brass construction delivers the utmost in beauty, durability and long-lasting performance
Purchase with confidence knowing that this product is backed by limited lifetime warranty
3"" (7.62 cm) activation range and 2 minute auto shut-off
Requires 8"" (20.3 cm) clearance from sensor
RELATED PRODUCTS",https://cdn11.bigcommerce.com/s-80sqzb3h0c/images/stencil/600x600/products/117595/119344/hhbalroha7vhhwpqhtuf__25222.1711905775.jpg?c=1,"Room
KITCHEN
Warranted Finish
YES
Product Type
PULL-OUT/PULL-DOWN FAUCETS
Style
TRANSITIONAL
Hole Configuration
1
Mounting Location
DECK
Installation Type
SINGLE HOLE
Shape
C-SPOUT"
https://houseofrohl.com/lateral-pull-down-touchless-kitchen-faucet-with-c-spout-stainless-steel-lt211ss/,Lateral™ Pull-Down Touchless Kitchen Faucet With C-Spout - Stainless Steel | Model Number: LT211SS,LT211SS,883186543642,"FEATURES
The Riobel® touchless technology allows you to turn water on and off with the motion of your hand. Touchless activation minimizes cross-contamination, improving the overall wellness of the kitchen. In addition, the peripheral position of the sensor minimizes false starts and optimizes water usage.
Boomerang™ pull-down technology seamlessly integrates sprayer into the spout while returning it quickly and easily to the sprayer's original position
Dual-spray functionality with ability to toggle between stream and spray settings
Flow rate of 1.5 GPM/5.7 LPM at 60 PSI for effective cleaning
Swivel spout rotates for greater sink accessibility
Matching Bar/Food Prep kitchen faucet is available
Nylon braided hose delivers quieter functionality
Ceramic disc cartridge for durability and long-lasting performance
Solid brass construction delivers the utmost in beauty, durability and long-lasting performance
Purchase with confidence knowing that this product is backed by limited lifetime warranty
3"" (7.62 cm) activation range and 2 minute auto shut-off
Requires 8"" (20.3 cm) clearance from sensor
RELATED PRODUCTS",https://cdn11.bigcommerce.com/s-80sqzb3h0c/images/stencil/600x600/products/117598/119655/wc5lltu9l2xdraaz7rii__31871.1711905921.jpg?c=1,"Room
KITCHEN
Warranted Finish
YES
Product Type
PULL-OUT/PULL-DOWN FAUCETS
Style
TRANSITIONAL
Hole Configuration
1
Mounting Location
DECK
Installation Type
SINGLE HOLE
Shape
C-SPOUT"
https://houseofrohl.com/lateral-bridge-pull-down-kitchen-faucet-with-c-spout-chrome-lt400c/,Lateral™ Bridge Pull-Down Kitchen Faucet With C-Spout - Chrome | Model Number: LT400C,LT400C,883186543673,"FEATURES
Boomerang™ pull-down technology seamlessly integrates sprayer into the spout while returning it quickly and easily to the sprayer's original position
Dual-spray functionality with ability to toggle between stream and spray settings
Integrated swivel is attached to the pull-down hose with a pivotable ball joint that makes it easy to direct water to all corners of your sink
Handspray retracts seamlessly into the spout
Flow rate of 1.8 GPM/6.8 LPM at 60 PSI for effective cleaning
Matching Bar/Food Prep kitchen faucet is available
Swivel spout can rotate 360 degrees for greater sink accessibility
Purchase with confidence knowing that this product is backed by limited lifetime warranty
Ceramic disc cartridge for durability and long-lasting performance
RELATED PRODUCTS",https://cdn11.bigcommerce.com/s-80sqzb3h0c/images/stencil/600x600/products/117599/127713/5138fed2263cfe74bd0a468df46c4011301dd50c__65649.1779365197.jpg?c=1,"Room
KITCHEN
Warranted Finish
YES
Product Type
PULL-OUT/PULL-DOWN FAUCETS
Style
TRANSITIONAL
Hole Configuration
3
Mounting Location
DECK
Installation Type
DECK
Shape
C-SPOUT"
https://houseofrohl.com/lateral-bridge-pull-down-kitchen-faucet-with-c-spout-stainless-steel-lt400ss/,Lateral™ Bridge Pull-Down Kitchen Faucet With C-Spout - Stainless Steel | Model Number: LT400SS,LT400SS,883186543680,"FEATURES
Boomerang™ pull-down technology seamlessly integrates sprayer into the spout while returning it quickly and easily to the sprayer's original position
Dual-spray functionality with ability to toggle between stream and spray settings
Integrated swivel is attached to the pull-down hose with a pivotable ball joint that makes it easy to direct water to all corners of your sink
Handspray retracts seamlessly into the spout
Flow rate of 1.8 GPM/6.8 LPM at 60 PSI for effective cleaning
Matching Bar/Food Prep kitchen faucet is available
Swivel spout can rotate 360 degrees for greater sink accessibility
Purchase with confidence knowing that this product is backed by limited lifetime warranty
Ceramic disc cartridge for durability and long-lasting performance
RELATED PRODUCTS",https://cdn11.bigcommerce.com/s-80sqzb3h0c/images/stencil/600x600/products/117602/122340/1fb174dd9b58004df8ddddf0a82ebec715d04c2d__41845.1779349620.jpg?c=1,"Room
KITCHEN
Warranted Finish
YES
Product Type
PULL-OUT/PULL-DOWN FAUCETS
Style
TRANSITIONAL
Hole Configuration
3
Mounting Location
DECK
Installation Type
DECK
Shape
C-SPOUT"
https://houseofrohl.com/lateral-bar-food-prep-kitchen-faucet-with-c-spout-chrome-lt601c/,Lateral™ Bar/Food Prep Kitchen Faucet With C-Spout - Chrome | Model Number: LT601C,LT601C,883186543710,"FEATURES
Swivel spout rotates for greater sink accessibility
Flow rate of 1.8 GPM/6.8 LPM at 60 PSI for effective cleaning
Solid brass construction delivers the utmost in beauty, durability and long-lasting performance
Ceramic disc cartridge for durability and long-lasting performance
All necessary mounting hardware included
Purchase with confidence knowing that this product is backed by limited lifetime warranty
RELATED PRODUCTS",https://cdn11.bigcommerce.com/s-80sqzb3h0c/images/stencil/600x600/products/117603/125435/d736b83535f09619c361d61a13b06becea4d8ba7__57323.1779357347.jpg?c=1,"Room
KITCHEN
Warranted Finish
YES
Product Type
BAR/FOOD PREP FAUCETS
Style
TRANSITIONAL
Hole Configuration
1
Mounting Location
DECK
Installation Type
SINGLE HOLE
Shape
C-SPOUT"
https://houseofrohl.com/lateral-bar-food-prep-kitchen-faucet-with-c-spout-stainless-steel-lt601ss/,Lateral™ Bar/Food Prep Kitchen Faucet With C-Spout - Stainless Steel | Model Number: LT601SS,LT601SS,883186543727,"FEATURES
Swivel spout rotates for greater sink accessibility
Flow rate of 1.8 GPM/6.8 LPM at 60 PSI for effective cleaning
Solid brass construction delivers the utmost in beauty, durability and long-lasting performance
Ceramic disc cartridge for durability and long-lasting performance
All necessary mounting hardware included
Purchase with confidence knowing that this product is backed by limited lifetime warranty
RELATED PRODUCTS",https://cdn11.bigcommerce.com/s-80sqzb3h0c/images/stencil/600x600/products/117606/126873/0a9d706bd6bec90013c8c8038e9d700bef891fd2__61475.1779364243.jpg?c=1,"Room
KITCHEN
Warranted Finish
YES
Product Type
BAR/FOOD PREP FAUCETS
Style
TRANSITIONAL
Hole Configuration
1
Mounting Location
DECK
Installation Type
SINGLE HOLE
Shape
C-SPOUT"
https://houseofrohl.com/lateral-two-handle-pull-down-kitchen-faucet-with-c-spout-chrome-lt801c/,Lateral™ Two Handle Pull-Down Kitchen Faucet With C-Spout - Chrome | Model Number: LT801C,LT801C,883186543758,"FEATURES
Boomerang™ pull-down technology seamlessly integrates sprayer into the spout while returning it quickly and easily to the sprayer's original position
Dual-spray functionality with ability to toggle between stream and spray settings
Integrated swivel is attached to the pull-down hose with a pivotable ball joint that makes it easy to direct water to all corners of your sink
Retractable pull-down metal handspray with secure docking system
Independently operate hot and cold water for Sabbath observance
Flow rate of 1.8 GPM/6.8 LPM at 60 PSI for effective cleaning
Matching Bar/Food Prep kitchen faucet is available
Purchase with confidence knowing that this product is backed by limited lifetime warranty
Ceramic disc cartridge for durability and long-lasting performance
RELATED PRODUCTS",https://cdn11.bigcommerce.com/s-80sqzb3h0c/images/stencil/600x600/products/117607/128419/23b9b3abde58995a7790e1029531320655c7f8bf__01388.1779366004.jpg?c=1,"Room
KITCHEN
Warranted Finish
YES
Product Type
PULL-OUT/PULL-DOWN FAUCETS
Style
TRANSITIONAL
Hole Configuration
1
Mounting Location
DECK
Installation Type
SINGLE HOLE
Shape
C-SPOUT"
https://houseofrohl.com/lateral-two-handle-pull-down-kitchen-faucet-with-c-spout-stainless-steel-lt801ss/,Lateral™ Two Handle Pull-Down Kitchen Faucet With C-Spout - Stainless Steel | Model Number: LT801SS,LT801SS,883186543765,"FEATURES
Boomerang™ pull-down technology seamlessly integrates sprayer into the spout while returning it quickly and easily to the sprayer's original position
Dual-spray functionality with ability to toggle between stream and spray settings
Integrated swivel is attached to the pull-down hose with a pivotable ball joint that makes it easy to direct water to all corners of your sink
Retractable pull-down metal handspray with secure docking system
Independently operate hot and cold water for Sabbath observance
Flow rate of 1.8 GPM/6.8 LPM at 60 PSI for effective cleaning
Matching Bar/Food Prep kitchen faucet is available
Purchase with confidence knowing that this product is backed by limited lifetime warranty
Ceramic disc cartridge for durability and long-lasting performance
RELATED PRODUCTS",https://cdn11.bigcommerce.com/s-80sqzb3h0c/images/stencil/600x600/products/117610/127511/09a9016ffc45aa1fabc91d5ef467d89cf20ea008__99447.1779364961.jpg?c=1,"Room
KITCHEN
Warranted Finish
YES
Product Type
PULL-OUT/PULL-DOWN FAUCETS
Style
TRANSITIONAL
Hole Configuration
1
Mounting Location
DECK
Installation Type
SINGLE HOLE
Shape
C-SPOUT"
https://houseofrohl.com/lateral-pull-down-kitchen-faucet-with-u-spout-chrome-ltsq201c/,Lateral™ Pull-Down Kitchen Faucet With U-Spout - Chrome | Model Number: LTSQ201C,LTSQ201C,883186548623,"FEATURES
Boomerang™ pull-down technology seamlessly integrates sprayer into the spout while returning it quickly and easily to the sprayer's original position
Dual-spray functionality with ability to toggle between stream and spray settings
Integrated swivel is attached to the pull-down hose with a pivotable ball joint that makes it easy to direct water to all corners of your sink
Retractable pull-down metal handspray with secure docking system
Swivel spout rotates for greater sink accessibility
Flow rate of 1.8 GPM/6.8 LPM at 60 PSI for effective cleaning
Matching Bar/Food Prep kitchen faucet is available
Purchase with confidence knowing that this product is backed by limited lifetime warranty
Ceramic disc cartridge for durability and long-lasting performance
RELATED PRODUCTS",https://cdn11.bigcommerce.com/s-80sqzb3h0c/images/stencil/600x600/products/117615/128476/211799579f77828c6c9d8396bd6d7b787f93bb35__00501.1779366082.jpg?c=1,"Room
KITCHEN
Warranted Finish
YES
Product Type
PULL-OUT/PULL-DOWN FAUCETS
Style
TRANSITIONAL
Hole Configuration
1
Mounting Location
DECK
Installation Type
SINGLE HOLE
Shape
U-SPOUT"
https://houseofrohl.com/lateral-pull-down-kitchen-faucet-with-u-spout-stainless-steel-ltsq201ss/,Lateral™ Pull-Down Kitchen Faucet With U-Spout - Stainless Steel | Model Number: LTSQ201SS,LTSQ201SS,883186548630,"FEATURES
Boomerang™ pull-down technology seamlessly integrates sprayer into the spout while returning it quickly and easily to the sprayer's original position
Dual-spray functionality with ability to toggle between stream and spray settings
Integrated swivel is attached to the pull-down hose with a pivotable ball joint that makes it easy to direct water to all corners of your sink
Retractable pull-down metal handspray with secure docking system
Swivel spout rotates for greater sink accessibility
Flow rate of 1.8 GPM/6.8 LPM at 60 PSI for effective cleaning
Matching Bar/Food Prep kitchen faucet is available
Purchase with confidence knowing that this product is backed by limited lifetime warranty
Ceramic disc cartridge for durability and long-lasting performance
RELATED PRODUCTS",https://cdn11.bigcommerce.com/s-80sqzb3h0c/images/stencil/600x600/products/117618/126132/c3c1acca51a8f7f5dbf37e09af035939a067605f__05871.1779358079.jpg?c=1,"Room
KITCHEN
Warranted Finish
YES
Product Type
PULL-OUT/PULL-DOWN FAUCETS
Style
TRANSITIONAL
Hole Configuration
1
Mounting Location
DECK
Installation Type
SINGLE HOLE
Shape
U-SPOUT"
https://houseofrohl.com/graceline-filter-kitchen-faucet-polished-chrome-mb70d1lmapc/,Graceline® Filter Kitchen Faucet - Polished Chrome | Model Number: MB70D1LMAPC,MB70D1LMAPC,824438649613,"FEATURES
Enjoy clean filtered water next to your primary kitchen faucet for a trusted source of drinking water
Spout swivels for easy access
Filtered water .5 GPM/1.9 LPM at 45 PSI
Designed to work with our HRK-2000 filtration system, sold separately
Solid brass construction delivers the utmost in beauty, durability and long-lasting performance
Ceramic disc cartridge for durability and long-lasting performance
Not suitable for R.O. systems or instant hot systems
RELATED PRODUCTS",https://cdn11.bigcommerce.com/s-80sqzb3h0c/images/stencil/600x600/products/117624/123008/c84559b1bd6cea224eef2ec166d7aec3129d88a3__57767.1779350340.jpg?c=1,"Room
KITCHEN
Warranted Finish
YES
Warranty
LIMITED LIFETIME WARRANTY
Product Type
FILTRATION
Style
TRANSITIONAL
Hole Configuration
1
Mounting Location
DECK
Installation Type
SINGLE HOLE"
https://houseofrohl.com/pirellone-filter-kitchen-faucet-polished-chrome-pi70d1lmapc/,Pirellone™ Filter Kitchen Faucet - Polished Chrome | Model Number: PI70D1LMAPC,PI70D1LMAPC,824438650893,"FEATURES
Enjoy clean filtered water next to your primary kitchen faucet for a trusted source of drinking water
Spout swivels for easy access
Filtered water .5 GPM/1.9 LPM at 45 PSI
Designed to work with our HRK-2000 filtration system, sold separately
Solid brass construction delivers the utmost in beauty, durability and long-lasting performance
Ceramic disc cartridge for durability and long-lasting performance
Not suitable for R.O. systems or instant hot systems
RELATED PRODUCTS",https://cdn11.bigcommerce.com/s-80sqzb3h0c/images/stencil/600x600/products/117706/129227/89aae6c8f364f519aec401ef5497b1789c753bee__55418.1779366932.jpg?c=1,"Room
KITCHEN
Warranted Finish
YES
Product Type
FILTRATION
Style
TRANSITIONAL
Hole Configuration
1
Mounting Location
DECK
Installation Type
SINGLE HOLE
Shape
C-SPOUT"
https://houseofrohl.com/tenerife-filter-kitchen-faucet-polished-chrome-te70d1lmapc/,Tenerife™ Filter Kitchen Faucet - Polished Chrome | Model Number: TE70D1LMAPC,TE70D1LMAPC,824438651289,"FEATURES
Enjoy clean filtered water next to your primary kitchen faucet for a trusted source of drinking water
Spout swivels for easy access
Filtered water .5 GPM/1.9 LPM at 45 PSI
Designed to work with our HRK-2000 filtration system, sold separately
Solid brass construction delivers the utmost in beauty, durability and long-lasting performance
Ceramic disc cartridge for durability and long-lasting performance
Not suitable for R.O. systems or instant hot systems
RELATED PRODUCTS",https://cdn11.bigcommerce.com/s-80sqzb3h0c/images/stencil/600x600/products/117779/123786/d8ee7aa0b9886918aa7856b711d005a9b7c76e09__88552.1779351267.jpg?c=1,"Room
KITCHEN
Warranted Finish
YES
Warranty
LIMITED LIFETIME WARRANTY
Product Type
FILTRATION
Style
TRANSITIONAL
Hole Configuration
1
Mounting Location
DECK
Installation Type
SINGLE HOLE"
https://houseofrohl.com/southbank-hot-water-and-kitchen-filter-faucet-kit-polished-chrome-ukitsb72d1lmapc/,Southbank™ Hot Water And Kitchen Filter Faucet Kit - Polished Chrome | Model Number: U.KITSB72D1LMAPC,UKITSB72D1LMAPC,824438654570,"FEATURES
Water activates by pushing safety button on handle
Pull handle forward for cold filtered water, push backward for instant hot water
Filtered water .5 GPM/1.9 LPM at 60 PSI
Kit includes U.1998 high performance hot water tank and U.1408 Nano filter
For replacement filter cartridge, order U.PRF1
Recommend changing filter every 6 months or 1,000 gallons
Unlacquered Brass is a living finish that naturally age over time and develop a patina unique to its environment. Returns based on finish will not be accepted.
Handle may only be installed on the right side.
RELATED PRODUCTS",https://cdn11.bigcommerce.com/s-80sqzb3h0c/images/stencil/600x600/products/117887/129371/b5347ebc1e55eb4532516adad941306d6a31845e__55437.1779367087.jpg?c=1,"Room
KITCHEN
Warranted Finish
YES
Warranty
LIMITED LIFETIME WARRANTY
Product Type
HOT WATER DISPENSER
Style
TRANSITIONAL
Hole Configuration
1
Mounting Location
DECK
Installation Type
SINGLE HOLE"
https://houseofrohl.com/southbank-pull-down-touchless-kitchen-faucet-polished-chrome-usb53d1lmapc/,Southbank™ Pull-Down Touchless Kitchen Faucet - Polished Chrome | Model Number: U.SB53D1LMAPC,USB53D1LMAPC,824438652163,"FEATURES
The Perrin & Rowe® touchless technology allows you to turn water on and off with the motion of your hand. Touchless activation minimizes cross-contamination, improving the overall wellness of the kitchen. In addition, the peripheral position of the sensor minimizes false starts and optimizes water usage.
Dual-spray functionality with ability to toggle between stream and spray settings
Flow rate of 1.8 GPM/6.8 LPM at 60 PSI for effective cleaning while optimizing water usage
Retractable pull-down metal handspray with secure docking system
Swivel spout rotates for greater sink accessibility
Matching Bar/Food Prep kitchen faucet is available
Nylon braided hose delivers quieter functionality
Ceramic disc cartridge for durability and long-lasting performance
Solid brass construction delivers the utmost in beauty, durability and long-lasting performance
Requires 2 1/2"" clearance from backsplash to center of faucet hole
Unlacquered Brass is a living finish that naturally age over time and develop a patina unique to its environment. Returns based on finish will not be accepted.
3"" (7.62 cm) activation range and 2 minute auto shut-off
Requires 8"" (20.3 cm) clearance from sensor
RELATED PRODUCTS",https://cdn11.bigcommerce.com/s-80sqzb3h0c/images/stencil/600x600/products/117894/128333/29e34b0db52a7748c5e38fd30b4e572267170cfc__39834.1779365922.jpg?c=1,"Room
KITCHEN
Warranted Finish
YES
Product Type
PULL-OUT/PULL-DOWN FAUCETS
Style
TRANSITIONAL
Hole Configuration
1
Mounting Location
DECK
Installation Type
SINGLE HOLE
Shape
C-SPOUT"
https://houseofrohl.com/southbank-pull-down-kitchen-faucet-polished-chrome-usb55d1lmapc/,Southbank™ Pull-Down Kitchen Faucet - Polished Chrome | Model Number: U.SB55D1LMAPC,USB55D1LMAPC,824438652231,"FEATURES
Dual-spray functionality with ability to toggle between stream and spray settings
Flow rate of 1.8 GPM/6.8 LPM at 60 PSI for effective cleaning while optimizing water usage
Retractable pull-down metal handspray with secure docking system
Swivel spout rotates for greater sink accessibility
Matching Bar/Food Prep kitchen faucet is available
Nylon braided hose delivers quieter functionality
Ceramic disc cartridge for durability and long-lasting performance
Solid brass construction delivers the utmost in beauty, durability and long-lasting performance
Requires 2 1/2"" clearance from backsplash to center of faucet hole
Unlacquered Brass is a living finish that naturally age over time and develop a patina unique to its environment. Returns based on finish will not be accepted.
RELATED PRODUCTS",https://cdn11.bigcommerce.com/s-80sqzb3h0c/images/stencil/600x600/products/117901/128290/fedca0e11f20f90cead041e7430896b631102fe7__44971.1779365862.jpg?c=1,"Room
KITCHEN
Warranted Finish
YES
Product Type
PULL-OUT/PULL-DOWN FAUCETS
Style
TRANSITIONAL
Hole Configuration
1
Mounting Location
DECK
Installation Type
SINGLE HOLE
Shape
C-SPOUT"
https://houseofrohl.com/southbank-bridge-kitchen-faucet-with-side-spray-polished-chrome-usb57d3lmapc/,Southbank™ Bridge Kitchen Faucet With Side Spray - Polished Chrome | Model Number: U.SB57D3LMAPC,USB57D3LMAPC,824438652378,"FEATURES
Add elegance and old world charm with a bridge kitchen faucet
Flow rate of 1.5 GPM/5.69 LPM at 60 PSI for effective cleaning while optimizing water usage
Matching Bar/Food Prep kitchen faucet is available
Solid brass construction delivers the utmost in beauty, durability and long-lasting performance
Ceramic disc cartridge for durability and long-lasting performance
Sidespray allows for greater sink accessibility
3-hole installation
RELATED PRODUCTS",https://cdn11.bigcommerce.com/s-80sqzb3h0c/images/stencil/600x600/products/117908/127449/76e7c02235051c222c1de95ae3e019c4d9d44f6f__83757.1779364882.jpg?c=1,"Room
KITCHEN
Warranted Finish
YES
Product Type
KITCHEN FAUCETS
Style
TRANSITIONAL
Hole Configuration
3
Mounting Location
DECK
Installation Type
DECK
Shape
C-SPOUT"
https://houseofrohl.com/southbank-pull-down-bridge-kitchen-faucet-polished-chrome-usb58d3lmapc/,Southbank™ Pull-Down Bridge Kitchen Faucet - Polished Chrome | Model Number: U.SB58D3LMAPC,USB58D3LMAPC,824438652446,"FEATURES
Add elegance and old world charm with a bridge kitchen faucet
Dual-spray functionality with ability to toggle between stream and spray settings
Flow rate of 1.8 GPM/6.8 LPM at 60 PSI for effective cleaning while optimizing water usage
Retractable pull-down metal handspray with secure docking system
Swivel spout rotates for greater sink accessibility
Matching Bar/Food Prep kitchen faucet is available
Nylon braided hose delivers quieter functionality
Ceramic disc cartridge for durability and long-lasting performance
Solid brass construction delivers the utmost in beauty, durability and long-lasting performance
3-hole installation
Unlacquered Brass is a living finish that naturally age over time and develop a patina unique to its environment. Returns based on finish will not be accepted.
RELATED PRODUCTS",https://cdn11.bigcommerce.com/s-80sqzb3h0c/images/stencil/600x600/products/117915/127686/04a91fb33864c6556f4d1f752889fd058659e944__59572.1779365160.jpg?c=1,"Room
KITCHEN
Warranted Finish
YES
Product Type
PULL-OUT/PULL-DOWN FAUCETS
Style
TRANSITIONAL
Hole Configuration
3
Mounting Location
DECK
Installation Type
DECK
Shape
C-SPOUT"
https://houseofrohl.com/southbank-bar-food-prep-kitchen-faucet-polished-chrome-usb60d1lmapc/,Southbank™ Bar/Food Prep Kitchen Faucet - Polished Chrome | Model Number: U.SB60D1LMAPC,USB60D1LMAPC,824438652514,"FEATURES
Swivel spout rotates for greater sink accessibility
Flow rate of 1.8 GPM/6.8 LPM at 60 PSI for effective cleaning
Solid brass construction delivers the utmost in beauty, durability and long-lasting performance
Ceramic disc cartridge for durability and long-lasting performance
All necessary mounting hardware included
Requires 2 1/2"" clearance from backsplash to center of faucet hole
Unlacquered Brass is a living finish that naturally age over time and develop a patina unique to its environment. Returns based on finish will not be accepted.
RELATED PRODUCTS",https://cdn11.bigcommerce.com/s-80sqzb3h0c/images/stencil/600x600/products/117922/126536/d8aba5a5375504d9f6db0477f983ff0a017b8345__07753.1779363877.jpg?c=1,"Room
KITCHEN
Warranted Finish
YES
Product Type
BAR/FOOD PREP FAUCETS
Style
TRANSITIONAL
Hole Configuration
1
Mounting Location
DECK
Installation Type
SINGLE HOLE
Shape
C-SPOUT"
https://houseofrohl.com/southbank-hot-water-and-kitchen-filter-faucet-polished-chrome-with-metal-lever-handle-usb72d1lmapc/,Southbank™ Hot Water And Kitchen Filter Faucet - Polished Chrome | Model Number: U.SB72D1LMAPC,USB72D1LMAPC,824438652798,"FEATURES
Water activates by pushing safety button on handle
Pull handle forward for cold filtered water, push backward for instant hot water
Filtered water .5 GPM/1.9 LPM at 60 PSI
For use with U.1998 high performance hot water tank and U.1408 Nano filter
Handle may only be installed on the right side.
RELATED PRODUCTS",https://cdn11.bigcommerce.com/s-80sqzb3h0c/images/stencil/600x600/products/118081/126326/6630a6d2e5a3125bd98eaf3ac0dfe0619b3256f1__86208.1779360941.jpg?c=1,"Room
KITCHEN
Warranted Finish
YES
Warranty
LIMITED LIFETIME WARRANTY
Product Type
HOT WATER DISPENSER
Style
TRANSITIONAL
Hole Configuration
1
Mounting Location
DECK
Installation Type
SINGLE HOLE"
https://houseofrohl.com/apothecary-bridge-pull-down-kitchen-faucet-polished-chrome-ap58d3lmapc/,Apothecary™ Bridge Pull-Down Kitchen Faucet - Polished Chrome | Model Number: AP58D3LMAPC,AP58D3LMAPC,824438663114,"FEATURES
Dual-spray functionality with ability to toggle between stream and spray settings
Flow rate of 1.8 GPM/6.8 LPM at 60 PSI for effective cleaning while optimizing water usage
Retractable pull-down metal handspray with secure docking system
Swivel spout rotates for greater sink accessibility
Matching Bar/Food Prep kitchen faucet is available
Nylon braided hose delivers quieter functionality
Ceramic disc cartridge for durability and long-lasting performance
Solid brass construction delivers the utmost in beauty, durability and long-lasting performance
Unlacquered Brass is a living finish that naturally age over time and develop a patina unique to its environment. Returns based on finish will not be accepted.
RELATED PRODUCTS",https://cdn11.bigcommerce.com/s-80sqzb3h0c/images/stencil/600x600/products/118242/123099/6af974bf403ce4014706d847bd578fae0b86db06__92997.1779350425.jpg?c=1,"Room
KITCHEN
Warranted Finish
YES
Product Type
PULL-OUT/PULL-DOWN FAUCETS
Style
TRANSITIONAL
Hole Configuration
3
Mounting Location
DECK
Installation Type
DECK
Shape
C-SPOUT"
https://houseofrohl.com/apothecary-bridge-pull-down-kitchen-faucet-polished-chrome-ap58d3xmapc/,Apothecary™ Bridge Pull-Down Kitchen Faucet - Polished Chrome | Model Number: AP58D3XMAPC,AP58D3XMAPC,824438663060,"FEATURES
Dual-spray functionality with ability to toggle between stream and spray settings
Flow rate of 1.8 GPM/6.8 LPM at 60 PSI for effective cleaning while optimizing water usage
Retractable pull-down metal handspray with secure docking system
Swivel spout rotates for greater sink accessibility
Matching Bar/Food Prep kitchen faucet is available
Nylon braided hose delivers quieter functionality
Ceramic disc cartridge for durability and long-lasting performance
Solid brass construction delivers the utmost in beauty, durability and long-lasting performance
Unlacquered Brass is a living finish that naturally age over time and develop a patina unique to its environment. Returns based on finish will not be accepted.
RELATED PRODUCTS",https://cdn11.bigcommerce.com/s-80sqzb3h0c/images/stencil/600x600/products/118248/121992/0e8037f40e8b23bc4a53becc91c842c3a462eefe__53183.1779349267.jpg?c=1,"Room
KITCHEN
Warranted Finish
YES
Product Type
PULL-OUT/PULL-DOWN FAUCETS
Style
TRANSITIONAL
Hole Configuration
3
Mounting Location
DECK
Installation Type
DECK
Shape
C-SPOUT"
https://houseofrohl.com/authentica-pull-down-kitchen-faucet-with-single-spray-chrome-au101c/,Authentica™ Pull-Down Kitchen Faucet With Single Spray - Chrome | Model Number: AU101C,AU101C,883186549309,"FEATURES
Handspray retracts seamlessly into the spout for a clean aesthetic
Integrated swivel is attached to the pull-down hose with a pivotable ball joint that makes it easy to direct water to all corners of your sink
Swivel spout can rotate 360 degrees for greater sink accessibility
Flow rate of 1.8 GPM/6.8 LPM at 60 PSI for effective cleaning
Matching Bar/Food Prep kitchen faucet is available
Silent braided nylon hose reduces friction between pull-down hose and faucet spout for quieter operation
Purchase with confidence knowing that this product is backed by limited lifetime warranty
Ceramic disc cartridge for durability and long-lasting performance
RELATED PRODUCTS",https://cdn11.bigcommerce.com/s-80sqzb3h0c/images/stencil/600x600/products/118258/124834/39b128ed366853adec980ef9283e8d21580929a0__40936.1779352447.jpg?c=1,"Room
KITCHEN
Warranted Finish
YES
Product Type
PULL-OUT/PULL-DOWN FAUCETS
Style
TRANSITIONAL
Hole Configuration
1
Mounting Location
DECK
Installation Type
SINGLE HOLE
Shape
C-SPOUT"
https://houseofrohl.com/authentica-pull-down-kitchen-faucet-with-single-spray-stainless-steel-au101ss/,Authentica™ Pull-Down Kitchen Faucet With Single Spray - Stainless Steel | Model Number: AU101SS,AU101SS,883186549316,"FEATURES
Handspray retracts seamlessly into the spout for a clean aesthetic
Integrated swivel is attached to the pull-down hose with a pivotable ball joint that makes it easy to direct water to all corners of your sink
Swivel spout can rotate 360 degrees for greater sink accessibility
Flow rate of 1.8 GPM/6.8 LPM at 60 PSI for effective cleaning
Matching Bar/Food Prep kitchen faucet is available
Silent braided nylon hose reduces friction between pull-down hose and faucet spout for quieter operation
Purchase with confidence knowing that this product is backed by limited lifetime warranty
Ceramic disc cartridge for durability and long-lasting performance
RELATED PRODUCTS",https://cdn11.bigcommerce.com/s-80sqzb3h0c/images/stencil/600x600/products/118259/126763/4b2ba73cf1acad2a739893ceef21b1ba9de58b1b__51821.1779364123.jpg?c=1,"Room
KITCHEN
Warranted Finish
YES
Product Type
PULL-OUT/PULL-DOWN FAUCETS
Style
TRANSITIONAL
Hole Configuration
1
Mounting Location
DECK
Installation Type
SINGLE HOLE
Shape
C-SPOUT"
https://houseofrohl.com/authentica-pull-down-kitchen-faucet-with-c-spout-stainless-steel-au201ss/,Authentica™ Pull-Down Kitchen Faucet With C-Spout - Stainless Steel | Model Number: AU201SS,AU201SS,883186549354,"FEATURES
Boomerang™ pull-down technology seamlessly integrates sprayer into the spout while returning it quickly and easily to the sprayer's original position
Dual-spray functionality with ability to toggle between stream and spray settings
Integrated swivel is attached to the pull-down hose with a pivotable ball joint that makes it easy to direct water to all corners of your sink
Handspray retracts seamlessly into the spout
Swivel spout can rotate 360 degrees for greater sink accessibility
Flow rate of 1.5 GPM/5.69 LPM at 60 PSI for effective cleaning while optimizing water usage
Matching Bar/Food Prep kitchen faucet is available
Purchase with confidence knowing that this product is backed by limited lifetime warranty
Ceramic disc cartridge for durability and long-lasting performance
RELATED PRODUCTS",https://cdn11.bigcommerce.com/s-80sqzb3h0c/images/stencil/600x600/products/118262/127416/f41772ae0016f7edbfef02675ea154b1e77208ee__10784.1779364836.jpg?c=1,"Room
KITCHEN
Warranted Finish
YES
Product Type
PULL-OUT/PULL-DOWN FAUCETS
Style
TRANSITIONAL
Hole Configuration
1
Mounting Location
DECK
Installation Type
SINGLE HOLE
Shape
C-SPOUT"
https://houseofrohl.com/authentica-pull-down-kitchen-faucet-with-c-spout-chrome-au201c/,Authentica™ Pull-Down Kitchen Faucet With C-Spout - Chrome | Model Number: AU201C,AU201C,883186549347,"FEATURES
Boomerang™ pull-down technology seamlessly integrates sprayer into the spout while returning it quickly and easily to the sprayer's original position
Dual-spray functionality with ability to toggle between stream and spray settings
Integrated swivel is attached to the pull-down hose with a pivotable ball joint that makes it easy to direct water to all corners of your sink
Handspray retracts seamlessly into the spout
Swivel spout can rotate 360 degrees for greater sink accessibility
Flow rate of 1.5 GPM/5.69 LPM at 60 PSI for effective cleaning while optimizing water usage
Matching Bar/Food Prep kitchen faucet is available
Purchase with confidence knowing that this product is backed by limited lifetime warranty
Ceramic disc cartridge for durability and long-lasting performance
RELATED PRODUCTS",https://cdn11.bigcommerce.com/s-80sqzb3h0c/images/stencil/600x600/products/118261/127423/b338be270f594fd87bc89241f70fa13f53fcda84__55648.1779364846.jpg?c=1,"Room
KITCHEN
Warranted Finish
YES
Product Type
PULL-OUT/PULL-DOWN FAUCETS
Style
TRANSITIONAL
Hole Configuration
1
Mounting Location
DECK
Installation Type
SINGLE HOLE
Shape
C-SPOUT"
https://houseofrohl.com/authentica-pull-down-touchless-kitchen-faucet-stainless-steel-au211ss/,Authentica™ Pull-Down Touchless Kitchen Faucet - Stainless Steel | Model Number: AU211SS,AU211SS,883186549514,"FEATURES
The Riobel® touchless technology allows you to turn water on and off with the motion of your hand. Touchless activation minimizes cross-contamination, improving the overall wellness of the kitchen. In addition, the peripheral position of the sensor minimizes false starts and optimizes water usage.
Boomerang™ pull-down technology seamlessly integrates sprayer into the spout while returning it quickly and easily to the sprayer's original position
Dual-spray functionality with ability to toggle between stream and spray settings
Flow rate of 1.5 GPM/5.69 LPM at 60 PSI for effective cleaning while optimizing water usage
Swivel spout rotates for greater sink accessibility
Matching Bar/Food Prep kitchen faucet is available
Nylon braided hose delivers quieter functionality
Ceramic disc cartridge for durability and long-lasting performance
Solid brass construction delivers the utmost in beauty, durability and long-lasting performance
3"" (7.62 cm) activation range and 2 minute auto shut-off
Requires 8"" (20.3 cm) clearance from sensor
RELATED PRODUCTS",https://cdn11.bigcommerce.com/s-80sqzb3h0c/images/stencil/600x600/products/118265/125238/a8adaa109dabb69346cad227c42daec9cae7382c__31838.1779357152.jpg?c=1,"Room
KITCHEN
Warranted Finish
YES
Product Type
PULL-OUT/PULL-DOWN FAUCETS
Style
TRANSITIONAL
Hole Configuration
1
Mounting Location
DECK
Installation Type
SINGLE HOLE
Shape
C-SPOUT"
https://houseofrohl.com/authentica-pull-down-touchless-kitchen-faucet-chrome-au211c/,Authentica™ Pull-Down Touchless Kitchen Faucet - Chrome | Model Number: AU211C,AU211C,883186549507,"FEATURES
The Riobel® touchless technology allows you to turn water on and off with the motion of your hand. Touchless activation minimizes cross-contamination, improving the overall wellness of the kitchen. In addition, the peripheral position of the sensor minimizes false starts and optimizes water usage.
Boomerang™ pull-down technology seamlessly integrates sprayer into the spout while returning it quickly and easily to the sprayer's original position
Dual-spray functionality with ability to toggle between stream and spray settings
Flow rate of 1.5 GPM/5.69 LPM at 60 PSI for effective cleaning while optimizing water usage
Swivel spout rotates for greater sink accessibility
Matching Bar/Food Prep kitchen faucet is available
Nylon braided hose delivers quieter functionality
Ceramic disc cartridge for durability and long-lasting performance
Solid brass construction delivers the utmost in beauty, durability and long-lasting performance
3"" (7.62 cm) activation range and 2 minute auto shut-off
Requires 8"" (20.3 cm) clearance from sensor
RELATED PRODUCTS",https://cdn11.bigcommerce.com/s-80sqzb3h0c/images/stencil/600x600/products/118264/122524/9e8ce376f88d1e463d0ef3d9d97777a148f03230__04255.1779349809.jpg?c=1,"Room
KITCHEN
Warranted Finish
YES
Product Type
PULL-OUT/PULL-DOWN FAUCETS
Style
TRANSITIONAL
Hole Configuration
1
Mounting Location
DECK
Installation Type
SINGLE HOLE
Shape
C-SPOUT"
https://houseofrohl.com/authentica-pre-rinse-pull-down-kitchen-faucet-chrome-au221c/,Authentica™ Pre-Rinse Pull-Down Kitchen Faucet - Chrome | Model Number: AU221C,AU221C,883186549651,"FEATURES
Boost technology offers higher flow modes with the push of a button for faster fill and more powerful cleaning. Four spray modes available; stream, spray, boosted stream, and boosted spray
Commercial-style coil spring design faucet enables a more flexible spout
Flow rate of 1.5 GPM/5.69 LPM at 60 PSI for effective cleaning while optimizing water usage
Swivel spout rotates for greater sink accessibility
Matching Bar/Food Prep kitchen faucet is available
Easy-docking feature is a chef's dream
Ceramic disc cartridge for durability and long-lasting performance
Purchase with confidence knowing that this product is backed by limited lifetime warranty
Integrated swivel is attached to the pull-down hose with a pivotable ball joint that makes it easy to direct water to all corners of your sink
RELATED PRODUCTS",https://cdn11.bigcommerce.com/s-80sqzb3h0c/images/stencil/600x600/products/118267/123583/33aef750285bc4e13a6d39d2479d3fb048f126b8__09249.1779351041.jpg?c=1,"Room
KITCHEN
Warranted Finish
YES
Product Type
PULL-OUT/PULL-DOWN FAUCETS
Style
TRANSITIONAL
Hole Configuration
1
Mounting Location
DECK
Installation Type
SINGLE HOLE
Shape
C-SPOUT"
https://houseofrohl.com/authentica-pre-rinse-pull-down-kitchen-faucet-stainless-steel-au221ss/,Authentica™ Pre-Rinse Pull-Down Kitchen Faucet - Stainless Steel | Model Number: AU221SS,AU221SS,883186549668,"FEATURES
Boost technology offers higher flow modes with the push of a button for faster fill and more powerful cleaning. Four spray modes available; stream, spray, boosted stream, and boosted spray
Commercial-style coil spring design faucet enables a more flexible spout
Flow rate of 1.5 GPM/5.69 LPM at 60 PSI for effective cleaning while optimizing water usage
Swivel spout rotates for greater sink accessibility
Matching Bar/Food Prep kitchen faucet is available
Easy-docking feature is a chef's dream
Ceramic disc cartridge for durability and long-lasting performance
Purchase with confidence knowing that this product is backed by limited lifetime warranty
Integrated swivel is attached to the pull-down hose with a pivotable ball joint that makes it easy to direct water to all corners of your sink
RELATED PRODUCTS",https://cdn11.bigcommerce.com/s-80sqzb3h0c/images/stencil/600x600/products/118268/122814/b707030c7dc0312522a88baed8f142e2a40db243__99633.1779350125.jpg?c=1,"Room
KITCHEN
Warranted Finish
YES
Product Type
PULL-OUT/PULL-DOWN FAUCETS
Style
TRANSITIONAL
Hole Configuration
1
Mounting Location
DECK
Installation Type
SINGLE HOLE
Shape
C-SPOUT"
https://houseofrohl.com/authentica-bar-food-prep-kitchen-faucet-with-c-spout-chrome-au601c/,Authentica™ Bar/Food Prep Kitchen Faucet With C-Spout - Chrome | Model Number: AU601C,AU601C,883186549385,"FEATURES
Swivel spout rotates for greater sink accessibility
Flow rate of 1.8 GPM/6.8 LPM at 60 PSI for effective cleaning
Solid brass construction delivers the utmost in beauty, durability and long-lasting performance
Ceramic disc cartridge for durability and long-lasting performance
All necessary mounting hardware included
Purchase with confidence knowing that this product is backed by limited lifetime warranty
RELATED PRODUCTS",https://cdn11.bigcommerce.com/s-80sqzb3h0c/images/stencil/600x600/products/118281/124892/bf8d0e3e270f7363c638bc5443de7bf03741aa60__84893.1779352520.jpg?c=1,"Room
KITCHEN
Warranted Finish
YES
Product Type
BAR/FOOD PREP FAUCETS
Style
TRANSITIONAL
Hole Configuration
1
Mounting Location
DECK
Installation Type
SINGLE HOLE
Shape
C-SPOUT"
https://houseofrohl.com/authentica-filter-kitchen-faucet-stainless-steel-au701ss/,Authentica™ Filter Kitchen Faucet - Stainless Steel | Model Number: AU701SS,AU701SS,883186549637,"FEATURES
Enjoy clean filtered water next to your primary kitchen faucet for a trusted source of drinking water
Spout swivels for easy access
Filtered water 1.2 GPM/4.5 LPM
Filtration system sold separately
Ceramic disc cartridge for durability and long-lasting performance
Purchase with confidence knowing that this product is backed by limited lifetime warranty
Not suitable for R.O. systems or instant hot systems
RELATED PRODUCTS",https://cdn11.bigcommerce.com/s-80sqzb3h0c/images/stencil/600x600/products/118285/124632/2dd7665250ecf7cff80c9be7610c622156f3cd92__52334.1779352210.jpg?c=1,"Room
KITCHEN
Warranted Finish
YES
Product Type
FILTRATION
Style
TRANSITIONAL
Hole Configuration
1
Mounting Location
DECK
Installation Type
SINGLE HOLE
Shape
C-SPOUT"
https://houseofrohl.com/authentica-filter-kitchen-faucet-chrome-au701c/,Authentica™ Filter Kitchen Faucet - Chrome | Model Number: AU701C,AU701C,883186549620,"FEATURES
Enjoy clean filtered water next to your primary kitchen faucet for a trusted source of drinking water
Spout swivels for easy access
Filtered water 1.2 GPM/4.5 LPM
Filtration system sold separately
Ceramic disc cartridge for durability and long-lasting performance
Purchase with confidence knowing that this product is backed by limited lifetime warranty
Not suitable for R.O. systems or instant hot systems
RELATED PRODUCTS",https://cdn11.bigcommerce.com/s-80sqzb3h0c/images/stencil/600x600/products/118284/126554/cbf856ecda9ae8a17285197a0377a1725b8ab3e8__71362.1779363892.jpg?c=1,"Room
KITCHEN
Warranted Finish
YES
Product Type
FILTRATION
Style
TRANSITIONAL
Hole Configuration
1
Mounting Location
DECK
Installation Type
SINGLE HOLE
Shape
C-SPOUT"
https://houseofrohl.com/authentica-two-handle-pull-down-kitchen-faucet-with-c-spout-chrome-au801c/,Authentica™ Two Handle Pull-Down Kitchen Faucet With C-Spout - Chrome | Model Number: AU801C,AU801C,883186549422,"FEATURES
Boomerang™ pull-down technology seamlessly integrates sprayer into the spout while returning it quickly and easily to the sprayer's original position
Dual-spray functionality with ability to toggle between stream and spray settings
Integrated swivel is attached to the pull-down hose with a pivotable ball joint that makes it easy to direct water to all corners of your sink
Handspray retracts seamlessly into the spout
Independently operate hot and cold water for Sabbath observance
Flow rate of 1.5 GPM/5.69 LPM at 60 PSI for effective cleaning while optimizing water usage
Matching Bar/Food Prep kitchen faucet is available
Purchase with confidence knowing that this product is backed by limited lifetime warranty
Ceramic disc cartridge for durability and long-lasting performance
RELATED PRODUCTS",https://cdn11.bigcommerce.com/s-80sqzb3h0c/images/stencil/600x600/products/118291/123161/c313c1d141877e074fb269caa1d55606ac6c10b3__50979.1779350505.jpg?c=1,"Room
KITCHEN
Warranted Finish
YES
Product Type
PULL-OUT/PULL-DOWN FAUCETS
Style
TRANSITIONAL
Hole Configuration
1
Mounting Location
DECK
Installation Type
SINGLE HOLE
Shape
C-SPOUT"
https://houseofrohl.com/authentica-two-handle-pull-down-kitchen-faucet-with-c-spout-stainless-steel-au801ss/,Authentica™ Two Handle Pull-Down Kitchen Faucet With C-Spout - Stainless Steel | Model Number: AU801SS,AU801SS,883186549439,"FEATURES
Boomerang™ pull-down technology seamlessly integrates sprayer into the spout while returning it quickly and easily to the sprayer's original position
Dual-spray functionality with ability to toggle between stream and spray settings
Integrated swivel is attached to the pull-down hose with a pivotable ball joint that makes it easy to direct water to all corners of your sink
Handspray retracts seamlessly into the spout
Independently operate hot and cold water for Sabbath observance
Flow rate of 1.5 GPM/5.69 LPM at 60 PSI for effective cleaning while optimizing water usage
Matching Bar/Food Prep kitchen faucet is available
Purchase with confidence knowing that this product is backed by limited lifetime warranty
Ceramic disc cartridge for durability and long-lasting performance
RELATED PRODUCTS",https://cdn11.bigcommerce.com/s-80sqzb3h0c/images/stencil/600x600/products/118292/123560/006cfccf94a4e19c855643ca902d70b565c69bac__32114.1779351016.jpg?c=1,"Room
KITCHEN
Warranted Finish
YES
Product Type
PULL-OUT/PULL-DOWN FAUCETS
Style
TRANSITIONAL
Hole Configuration
1
Mounting Location
DECK
Installation Type
SINGLE HOLE
Shape
C-SPOUT"
https://houseofrohl.com/authentica-pull-down-kitchen-faucet-with-u-spout-chrome-ausq201c/,Authentica™ Pull-Down Kitchen Faucet With U-Spout - Chrome | Model Number: AUSQ201C,AUSQ201C,883186549460,"FEATURES
Boomerang™ pull-down technology seamlessly integrates sprayer into the spout while returning it quickly and easily to the sprayer's original position
Dual-spray functionality with ability to toggle between stream and spray settings
Integrated swivel is attached to the pull-down hose with a pivotable ball joint that makes it easy to direct water to all corners of your sink
Handspray retracts seamlessly into the spout
Swivel spout can rotate 360 degrees for greater sink accessibility
Flow rate of 1.5 GPM/5.69 LPM at 60 PSI for effective cleaning while optimizing water usage
Matching Bar/Food Prep kitchen faucet is available
Purchase with confidence knowing that this product is backed by limited lifetime warranty
Ceramic disc cartridge for durability and long-lasting performance
RELATED PRODUCTS",https://cdn11.bigcommerce.com/s-80sqzb3h0c/images/stencil/600x600/products/118317/126674/b3182c36f41f136ea80f27f63db3c7e3868664de__66217.1779364018.jpg?c=1,"Room
KITCHEN
Warranted Finish
YES
Product Type
PULL-OUT/PULL-DOWN FAUCETS
Style
TRANSITIONAL
Hole Configuration
1
Mounting Location
DECK
Installation Type
SINGLE HOLE
Shape
U-SPOUT"
https://houseofrohl.com/authentica-pull-down-kitchen-faucet-with-u-spout-stainless-steel-ausq201ss/,Authentica™ Pull-Down Kitchen Faucet With U-Spout - Stainless Steel | Model Number: AUSQ201SS,AUSQ201SS,883186549477,"FEATURES
Boomerang™ pull-down technology seamlessly integrates sprayer into the spout while returning it quickly and easily to the sprayer's original position
Dual-spray functionality with ability to toggle between stream and spray settings
Integrated swivel is attached to the pull-down hose with a pivotable ball joint that makes it easy to direct water to all corners of your sink
Handspray retracts seamlessly into the spout
Swivel spout can rotate 360 degrees for greater sink accessibility
Flow rate of 1.5 GPM/5.69 LPM at 60 PSI for effective cleaning while optimizing water usage
Matching Bar/Food Prep kitchen faucet is available
Purchase with confidence knowing that this product is backed by limited lifetime warranty
Ceramic disc cartridge for durability and long-lasting performance
RELATED PRODUCTS",https://cdn11.bigcommerce.com/s-80sqzb3h0c/images/stencil/600x600/products/118318/121878/7e743b3be80f5cb1e03bab33e3bf6f2957f63e60__23418.1779349142.jpg?c=1,"Room
KITCHEN
Warranted Finish
YES
Product Type
PULL-OUT/PULL-DOWN FAUCETS
Style
TRANSITIONAL
Hole Configuration
1
Mounting Location
DECK
Installation Type
SINGLE HOLE
Shape
U-SPOUT"
https://houseofrohl.com/joli-pull-down-kitchen-faucet-stainless-steel-jl101ss/,Joli™ Pull-Down Kitchen Faucet - Stainless Steel | Model Number: JL101SS,JL101SS,883186540269,"FEATURES
RELATED PRODUCTS",https://cdn11.bigcommerce.com/s-80sqzb3h0c/images/stencil/600x600/products/118340/126590/d815baaf76ec9029729550e2438202122c19a2f0__25182.1779363929.jpg?c=1,"Room
KITCHEN
Warranted Finish
YES
Product Type
PULL-OUT/PULL-DOWN FAUCETS
Style
TRANSITIONAL
Hole Configuration
1
Mounting Location
DECK
Installation Type
SINGLE HOLE
Shape
U-SPOUT"
https://houseofrohl.com/joli-pull-down-kitchen-faucet-chrome-jl101c/,Joli™ Pull-Down Kitchen Faucet - Chrome | Model Number: JL101C,JL101C,883186537450,"FEATURES
RELATED PRODUCTS",https://cdn11.bigcommerce.com/s-80sqzb3h0c/images/stencil/600x600/products/118339/124878/8f4bb92221b92adc8dbf0f763762fef7ca3b8c82__78072.1779352501.jpg?c=1,"Room
KITCHEN
Warranted Finish
YES
Product Type
PULL-OUT/PULL-DOWN FAUCETS
Style
TRANSITIONAL
Hole Configuration
1
Mounting Location
DECK
Installation Type
SINGLE HOLE
Shape
U-SPOUT"
https://houseofrohl.com/arca-filter-kitchen-faucet-stainless-steel-model-number-aa701ss/,Arca™ Filter Kitchen Faucet - Stainless Steel | Model Number: AA701SS,AA701SS,883186558233,"FEATURES
Enjoy clean filtered water next to your primary kitchen faucet for a trusted source of drinking water
Spout swivels for easy access
Filtered water 1.2 GPM/4.5 LPM
Filtration system sold separately
Ceramic disc cartridge for durability and long-lasting performance
Purchase with confidence knowing that this product is backed by limited lifetime warranty
Not suitable for R.O. systems or instant hot systems
RELATED PRODUCTS",https://cdn11.bigcommerce.com/s-80sqzb3h0c/images/stencil/600x600/products/118608/122355/e3b776078a8ac3456758a42b9623b673b3eb657a__05096.1779349635.jpg?c=1,"Room
KITCHEN
Warranted Finish
YES
Product Type
FILTRATION
Style
TRANSITIONAL
Hole Configuration
1
Mounting Location
DECK
Installation Type
DECK
Shape
C-SPOUT"
https://houseofrohl.com/transitional-reverse-osmosis-beverage-faucet-chrome-model-number-tn731c/,Transitional Reverse Osmosis Beverage Faucet - Chrome | Model Number: TN731C,TN731C,883186558271,"FEATURES
Enjoy clean filtered water next to your primary kitchen faucet for a trusted source of drinking water
Can be paired with 3/8"" connection Reverse Osmosis Filtration Systems that reduce contaminants
High-arc spout that swivels for easy access and more control over the water flow to reduce splashing
Compliments House of Rohl Kitchen faucets in style and finish
1.5 GPM/5.69 LPM at 45 PSI
Includes integrated air gap
RELATED PRODUCTS",https://cdn11.bigcommerce.com/s-80sqzb3h0c/images/stencil/600x600/products/118617/122607/b377a2b40993d61cf3c0a816ff1c6a1a727ef0db__66036.1779349897.jpg?c=1,"Room
KITCHEN
Warranted Finish
YES
Product Type
FILTRATION
Style
TRANSITIONAL
Hole Configuration
1
Mounting Location
DECK
Installation Type
DECK
Shape
C-SPOUT"
https://houseofrohl.com/transitional-reverse-osmosis-beverage-faucet-stainless-steel-model-number-tn731ss/,Transitional Reverse Osmosis Beverage Faucet - Stainless Steel | Model Number: TN731SS,TN731SS,883186558288,"FEATURES
Enjoy clean filtered water next to your primary kitchen faucet for a trusted source of drinking water
Can be paired with 3/8"" connection Reverse Osmosis Filtration Systems that reduce contaminants
High-arc spout that swivels for easy access and more control over the water flow to reduce splashing
Compliments House of Rohl Kitchen faucets in style and finish
1.5 GPM/5.69 LPM at 45 PSI
Includes integrated air gap
RELATED PRODUCTS",https://cdn11.bigcommerce.com/s-80sqzb3h0c/images/stencil/600x600/products/118622/122725/55ff8a742ecbd2e1ffa157f5cb73019e4d80ee07__54342.1779350033.jpg?c=1,"Room
KITCHEN
Warranted Finish
YES
Product Type
FILTRATION
Style
TRANSITIONAL
Hole Configuration
1
Mounting Location
DECK
Installation Type
DECK
Shape
C-SPOUT"
https://houseofrohl.com/arca-pull-down-kitchen-faucet-with-single-spray-stainless-steel-model-number-aa101ss/,Arca™ Pull-Down Kitchen Faucet With Single Spray - Stainless Steel | Model Number: AA101SS,AA101SS,883186558059,"FEATURES
Retractable pull-down metal handspray with secure docking system
Integrated swivel is attached to the pull-down hose with a pivotable ball joint that makes it easy to direct water to all corners of your sink
Swivel spout rotates for greater sink accessibility
Flow rate of 1.8 GPM/6.8 LPM at 60 PSI for effective cleaning
Matching Bar/Food Prep kitchen faucet is available
Silent braided nylon hose reduces friction between pull-down hose and faucet spout for quieter operation
Purchase with confidence knowing that this product is backed by limited lifetime warranty
Ceramic disc cartridge for durability and long-lasting performance
RELATED PRODUCTS",https://cdn11.bigcommerce.com/s-80sqzb3h0c/images/stencil/600x600/products/118632/123082/48fbf0af595afd2c250525682c7564b7a102a995__70979.1779350404.jpg?c=1,"Room
KITCHEN
Warranted Finish
YES
Product Type
PULL-OUT/PULL-DOWN FAUCETS
Style
TRANSITIONAL
Hole Configuration
1
Mounting Location
DECK
Installation Type
SINGLE HOLE
Shape
C-SPOUT"
https://houseofrohl.com/arca-pull-down-kitchen-faucet-with-u-spout-stainless-steel-model-number-aasq201ss/,Arca™ Pull-Down Kitchen Faucet With U-Spout - Stainless Steel | Model Number: AASQ201SS,AASQ201SS,883186558202,"FEATURES
Boomerang™ pull-down technology seamlessly integrates sprayer into the spout while returning it quickly and easily to the sprayer's original position
Dual-spray functionality with ability to toggle between stream and spray settings
Integrated swivel is attached to the pull-down hose with a pivotable ball joint that makes it easy to direct water to all corners of your sink
Retractable pull-down metal handspray with secure docking system
Swivel spout rotates for greater sink accessibility
Flow rate of 1.8 GPM/6.8 LPM at 60 PSI for effective cleaning while optimizing water usage
Matching Bar/Food Prep kitchen faucet is available
Purchase with confidence knowing that this product is backed by limited lifetime warranty
Ceramic disc cartridge for durability and long-lasting performance
RELATED PRODUCTS",https://cdn11.bigcommerce.com/s-80sqzb3h0c/images/stencil/600x600/products/118666/124217/a8a5c33dbbf516d584d0c2c2a790901e45e8a889__50042.1779351771.jpg?c=1,"Room
KITCHEN
Warranted Finish
YES
Product Type
PULL-OUT/PULL-DOWN FAUCETS
Style
TRANSITIONAL
Hole Configuration
1
Mounting Location
DECK
Installation Type
SINGLE HOLE
Shape
U-SPOUT"
https://houseofrohl.com/arca-pull-down-kitchen-faucet-with-c-spout-stainless-steel-model-number-aa201ss/,Arca™ Pull-Down Kitchen Faucet With C-Spout - Stainless Steel | Model Number: AA201SS,AA201SS,883186558103,"FEATURES
Boomerang™ pull-down technology seamlessly integrates sprayer into the spout while returning it quickly and easily to the sprayer's original position
Dual-spray functionality with ability to toggle between stream and spray settings
Integrated swivel is attached to the pull-down hose with a pivotable ball joint that makes it easy to direct water to all corners of your sink
Retractable pull-down metal handspray with secure docking system
Swivel spout rotates for greater sink accessibility
Flow rate of 1.8 GPM/6.8 LPM at 60 PSI for effective cleaning while optimizing water usage
Matching Bar/Food Prep kitchen faucet is available
Purchase with confidence knowing that this product is backed by limited lifetime warranty
Ceramic disc cartridge for durability and long-lasting performance
RELATED PRODUCTS",https://cdn11.bigcommerce.com/s-80sqzb3h0c/images/stencil/600x600/products/118672/124320/2509366e5595d42e464fb802bf9f0325d2de9cc7__48127.1779351879.jpg?c=1,"Room
KITCHEN
Warranted Finish
YES
Product Type
PULL-OUT/PULL-DOWN FAUCETS
Style
TRANSITIONAL
Hole Configuration
1
Mounting Location
DECK
Installation Type
SINGLE HOLE
Shape
C-SPOUT"
https://houseofrohl.com/arca-pull-down-kitchen-faucet-with-single-spray-chrome-model-number-aa101c/,Arca™ Pull-Down Kitchen Faucet With Single Spray - Chrome | Model Number: AA101C,AA101C,883186558035,"FEATURES
Retractable pull-down metal handspray with secure docking system
Integrated swivel is attached to the pull-down hose with a pivotable ball joint that makes it easy to direct water to all corners of your sink
Swivel spout rotates for greater sink accessibility
Flow rate of 1.8 GPM/6.8 LPM at 60 PSI for effective cleaning
Matching Bar/Food Prep kitchen faucet is available
Silent braided nylon hose reduces friction between pull-down hose and faucet spout for quieter operation
Purchase with confidence knowing that this product is backed by limited lifetime warranty
Ceramic disc cartridge for durability and long-lasting performance
RELATED PRODUCTS",https://cdn11.bigcommerce.com/s-80sqzb3h0c/images/stencil/600x600/products/118676/124435/154717935d384e9407718ef2e37f0efa5d1b3667__97928.1779351994.jpg?c=1,"Room
KITCHEN
Warranted Finish
YES
Product Type
PULL-OUT/PULL-DOWN FAUCETS
Style
TRANSITIONAL
Hole Configuration
1
Mounting Location
DECK
Installation Type
SINGLE HOLE
Shape
C-SPOUT"
https://houseofrohl.com/arca-bar-food-prep-kitchen-faucet-with-c-spout-chrome-model-number-aa601c/,Arca™ Bar/Food Prep Kitchen Faucet With C-Spout - Chrome | Model Number: AA601C,AA601C,883186558134,"FEATURES
Swivel spout rotates for greater sink accessibility
Flow rate of 1.8 GPM/6.8 LPM at 60 PSI for effective cleaning
Solid brass construction delivers the utmost in beauty, durability and long-lasting performance
Ceramic disc cartridge for durability and long-lasting performance
All necessary mounting hardware included
Purchase with confidence knowing that this product is backed by limited lifetime warranty
RELATED PRODUCTS",https://cdn11.bigcommerce.com/s-80sqzb3h0c/images/stencil/600x600/products/118703/125510/52ba4d7953596d051eed3d5efb3a62e191fe9e7e__31008.1779357414.jpg?c=1,"Room
KITCHEN
Warranted Finish
YES
Product Type
BAR/FOOD PREP FAUCETS
Style
TRANSITIONAL
Hole Configuration
1
Mounting Location
DECK
Installation Type
SINGLE HOLE
Shape
C-SPOUT"
https://houseofrohl.com/arca-pull-down-touchless-kitchen-faucet-with-c-spout-stainless-model-number-aa211ss/,Arca™ Pull-Down Touchless Kitchen Faucet With C-Spout - Stainless Steel | Model Number: AA211SS,AA211SS,883186564456,"FEATURES
The Riobel® touchless technology allows you to turn water on and off with the motion of your hand. Touchless activation minimizes cross-contamination, improving the overall wellness of the kitchen. In addition, the peripheral position of the sensor minimizes false starts and optimizes water usage.
Boomerang™ pull-down technology seamlessly integrates sprayer into the spout while returning it quickly and easily to the sprayer's original position
Dual-spray functionality with ability to toggle between stream and spray settings
Flow rate of 1.5 GPM/5.69 LPM at 60 PSI for effective cleaning while optimizing water usage
Swivel spout rotates for greater sink accessibility
Matching Bar/Food Prep kitchen faucet is available
Nylon braided hose delivers quieter functionality
Ceramic disc cartridge for durability and long-lasting performance
Solid brass construction delivers the utmost in beauty, durability and long-lasting performance
Purchase with confidence knowing that this product is backed by limited lifetime warranty
3"" (7.62 cm) activation range and 2 minute auto shut-off
Requires 8"" (20.3 cm) clearance from sensor
RELATED PRODUCTS",https://cdn11.bigcommerce.com/s-80sqzb3h0c/images/stencil/600x600/products/118741/126724/be643405fe5185aa1ce97626d77c11803a334741__00363.1779364086.jpg?c=1,"Room
KITCHEN
Warranted Finish
YES
Product Type
PULL-OUT/PULL-DOWN FAUCETS
Style
TRANSITIONAL
Hole Configuration
1
Mounting Location
DECK
Installation Type
SINGLE HOLE
Shape
C-SPOUT"
https://houseofrohl.com/arca-filter-kitchen-faucet-chrome-model-number-aa701c/,Arca™ Filter Kitchen Faucet - Chrome | Model Number: AA701C,AA701C,883186558226,"FEATURES
Enjoy clean filtered water next to your primary kitchen faucet for a trusted source of drinking water
Spout swivels for easy access
Filtered water 1.2 GPM/4.5 LPM
Filtration system sold separately
Ceramic disc cartridge for durability and long-lasting performance
Purchase with confidence knowing that this product is backed by limited lifetime warranty
Not suitable for R.O. systems or instant hot systems
RELATED PRODUCTS",https://cdn11.bigcommerce.com/s-80sqzb3h0c/images/stencil/600x600/products/118751/127204/a3e89f1779ba6a491f21e14a3da1d4fe7bcdc4fb__94484.1779364596.jpg?c=1,"Room
KITCHEN
Warranted Finish
YES
Product Type
FILTRATION
Style
TRANSITIONAL
Hole Configuration
1
Mounting Location
DECK
Installation Type
DECK
Shape
C-SPOUT"
https://houseofrohl.com/arca-pull-down-kitchen-faucet-with-u-spout-chrome-model-number-aasq201c/,Arca™ Pull-Down Kitchen Faucet With U-Spout - Chrome | Model Number: AASQ201C,AASQ201C,883186558189,"FEATURES
Boomerang™ pull-down technology seamlessly integrates sprayer into the spout while returning it quickly and easily to the sprayer's original position
Dual-spray functionality with ability to toggle between stream and spray settings
Integrated swivel is attached to the pull-down hose with a pivotable ball joint that makes it easy to direct water to all corners of your sink
Retractable pull-down metal handspray with secure docking system
Swivel spout rotates for greater sink accessibility
Flow rate of 1.8 GPM/6.8 LPM at 60 PSI for effective cleaning while optimizing water usage
Matching Bar/Food Prep kitchen faucet is available
Purchase with confidence knowing that this product is backed by limited lifetime warranty
Ceramic disc cartridge for durability and long-lasting performance
RELATED PRODUCTS",https://cdn11.bigcommerce.com/s-80sqzb3h0c/images/stencil/600x600/products/118771/127772/7d2a22131807f9a0d454d5ec1f2a6dfe20ecbf40__23900.1779365271.jpg?c=1,"Room
KITCHEN
Warranted Finish
YES
Product Type
PULL-OUT/PULL-DOWN FAUCETS
Style
TRANSITIONAL
Hole Configuration
1
Mounting Location
DECK
Installation Type
SINGLE HOLE
Shape
U-SPOUT"
https://houseofrohl.com/arca-pull-down-kitchen-faucet-with-c-spout-chrome-model-number-aa201c/,Arca™ Pull-Down Kitchen Faucet With C-Spout - Chrome | Model Number: AA201C,AA201C,883186558080,"FEATURES
Boomerang™ pull-down technology seamlessly integrates sprayer into the spout while returning it quickly and easily to the sprayer's original position
Dual-spray functionality with ability to toggle between stream and spray settings
Integrated swivel is attached to the pull-down hose with a pivotable ball joint that makes it easy to direct water to all corners of your sink
Retractable pull-down metal handspray with secure docking system
Swivel spout rotates for greater sink accessibility
Flow rate of 1.8 GPM/6.8 LPM at 60 PSI for effective cleaning while optimizing water usage
Matching Bar/Food Prep kitchen faucet is available
Purchase with confidence knowing that this product is backed by limited lifetime warranty
Ceramic disc cartridge for durability and long-lasting performance
RELATED PRODUCTS",https://cdn11.bigcommerce.com/s-80sqzb3h0c/images/stencil/600x600/products/118795/128583/819a6159592e8b964133fc576a9cc5209f2b050f__53980.1779366201.jpg?c=1,"Room
KITCHEN
Warranted Finish
YES
Product Type
PULL-OUT/PULL-DOWN FAUCETS
Style
TRANSITIONAL
Hole Configuration
1
Mounting Location
DECK
Installation Type
SINGLE HOLE
Shape
C-SPOUT"
https://houseofrohl.com/arca-bar-food-prep-kitchen-faucet-with-c-spout-stainless-steel-model-number-aa601ss/,Arca™ Bar/Food Prep Kitchen Faucet With C-Spout - Stainless Steel | Model Number: AA601SS,AA601SS,883186558158,"FEATURES
Swivel spout rotates for greater sink accessibility
Flow rate of 1.8 GPM/6.8 LPM at 60 PSI for effective cleaning
Solid brass construction delivers the utmost in beauty, durability and long-lasting performance
Ceramic disc cartridge for durability and long-lasting performance
All necessary mounting hardware included
Purchase with confidence knowing that this product is backed by limited lifetime warranty
RELATED PRODUCTS",https://cdn11.bigcommerce.com/s-80sqzb3h0c/images/stencil/600x600/products/118803/128984/50ba6e2a22571fc35e259640d19d45d0daf580ee__88625.1779366668.jpg?c=1,"Room
KITCHEN
Warranted Finish
YES
Product Type
BAR/FOOD PREP FAUCETS
Style
TRANSITIONAL
Hole Configuration
1
Mounting Location
DECK
Installation Type
SINGLE HOLE
Shape
C-SPOUT"
https://houseofrohl.com/arca-pull-down-touchless-kitchen-faucet-with-c-spout-chrome-model-number-aa211c/,Arca™ Pull-Down Touchless Kitchen Faucet With C-Spout - Chrome | Model Number: AA211C,AA211C,883186564432,"FEATURES
The Riobel® touchless technology allows you to turn water on and off with the motion of your hand. Touchless activation minimizes cross-contamination, improving the overall wellness of the kitchen. In addition, the peripheral position of the sensor minimizes false starts and optimizes water usage.
Boomerang™ pull-down technology seamlessly integrates sprayer into the spout while returning it quickly and easily to the sprayer's original position
Dual-spray functionality with ability to toggle between stream and spray settings
Flow rate of 1.5 GPM/5.69 LPM at 60 PSI for effective cleaning while optimizing water usage
Swivel spout rotates for greater sink accessibility
Matching Bar/Food Prep kitchen faucet is available
Nylon braided hose delivers quieter functionality
Ceramic disc cartridge for durability and long-lasting performance
Solid brass construction delivers the utmost in beauty, durability and long-lasting performance
Purchase with confidence knowing that this product is backed by limited lifetime warranty
3"" (7.62 cm) activation range and 2 minute auto shut-off
Requires 8"" (20.3 cm) clearance from sensor
RELATED PRODUCTS",https://cdn11.bigcommerce.com/s-80sqzb3h0c/images/stencil/600x600/products/118837/129949/5b451be8a7def22e9b3bb1fbc511865f5042f82d__51069.1779367723.jpg?c=1,"Room
KITCHEN
Warranted Finish
YES
Product Type
PULL-OUT/PULL-DOWN FAUCETS
Style
TRANSITIONAL
Hole Configuration
1
Mounting Location
DECK
Installation Type
SINGLE HOLE
Shape
C-SPOUT"
https://houseofrohl.com/authentica-bar-food-prep-kitchen-faucet-with-c-spout-stainless-steel-model-number-au601ss/,Authentica™ Bar/Food Prep Kitchen Faucet With C-Spout - Stainless Steel | Model Number: AU601SS,AU601SS,883186549392,"FEATURES
Swivel spout rotates for greater sink accessibility
Flow rate of 1.8 GPM/6.8 LPM at 60 PSI for effective cleaning
Solid brass construction delivers the utmost in beauty, durability and long-lasting performance
Ceramic disc cartridge for durability and long-lasting performance
All necessary mounting hardware included
Purchase with confidence knowing that this product is backed by limited lifetime warranty
RELATED PRODUCTS",https://cdn11.bigcommerce.com/s-80sqzb3h0c/images/stencil/600x600/products/119037/126959/2d35d2016df9968ffc071c1cb2f726980eebc15c__34407.1779364342.jpg?c=1,"Room
KITCHEN
Warranted Finish
YES
Product Type
BAR/FOOD PREP FAUCETS
Style
TRANSITIONAL
Hole Configuration
1
Mounting Location
DECK
Installation Type
SINGLE HOLE
Shape
C-SPOUT"
