2026-09-22 12:21:57,469 - INFO - Total product URLs loaded: 251
2026-09-22 12:21:57,469 - INFO - Opening URL: https://houseofrohl.com/holborn-c-spout-hot-water-faucet-tank-and-filter-kit-polished-chrome-with-metal-lever-handle-u-kit1347ls-apc-2/
2026-09-22 12:22:12,252 - INFO - Product scraped successfully: https://houseofrohl.com/holborn-c-spout-hot-water-faucet-tank-and-filter-kit-polished-chrome-with-metal-lever-handle-u-kit1347ls-apc-2/
2026-09-22 12:22:12,252 - INFO - Opening URL: https://houseofrohl.com/holborn-c-spout-filter-faucet-polished-chrome-with-metal-lever-handle-u-1601l-apc-2/
2026-09-22 12:22:16,137 - INFO - Product scraped successfully: https://houseofrohl.com/holborn-c-spout-filter-faucet-polished-chrome-with-metal-lever-handle-u-1601l-apc-2/
2026-09-22 12:22:16,139 - INFO - Opening URL: https://houseofrohl.com/holborn-c-spout-filter-faucet-polished-chrome-with-metal-lever-handle-u-kit1601l-apc-2/
2026-09-22 12:22:20,655 - INFO - Product scraped successfully: https://houseofrohl.com/holborn-c-spout-filter-faucet-polished-chrome-with-metal-lever-handle-u-kit1601l-apc-2/
2026-09-22 12:22:20,655 - INFO - Opening URL: https://houseofrohl.com/holborn-u-spout-bridge-kitchen-faucet-with-sidespray-polished-chrome-with-metal-lever-handle-u-4279ls-apc-2/
2026-09-22 12:22:24,080 - INFO - Product scraped successfully: https://houseofrohl.com/holborn-u-spout-bridge-kitchen-faucet-with-sidespray-polished-chrome-with-metal-lever-handle-u-4279ls-apc-2/
2026-09-22 12:22:24,080 - INFO - Opening URL: https://houseofrohl.com/holborn-c-spout-hot-water-faucet-polished-chrome-with-metal-lever-handle-u-1347ls-apc-2/
2026-09-22 12:22:27,259 - INFO - Product scraped successfully: https://houseofrohl.com/holborn-c-spout-hot-water-faucet-polished-chrome-with-metal-lever-handle-u-1347ls-apc-2/
2026-09-22 12:22:27,259 - INFO - Opening URL: https://houseofrohl.com/holborn-u-spout-bridge-kitchen-faucet-with-sidespray-polished-chrome-with-cross-handle-u-4278x-apc-2/
2026-09-22 12:22:30,707 - INFO - Product scraped successfully: https://houseofrohl.com/holborn-u-spout-bridge-kitchen-faucet-with-sidespray-polished-chrome-with-cross-handle-u-4278x-apc-2/
2026-09-22 12:22:30,707 - INFO - Opening URL: https://houseofrohl.com/holborn-bridge-kitchen-faucet-with-sidespray-polished-chrome-with-metal-lever-handle-u-4273ls-apc-2/
2026-09-22 12:22:34,424 - INFO - Product scraped successfully: https://houseofrohl.com/holborn-bridge-kitchen-faucet-with-sidespray-polished-chrome-with-metal-lever-handle-u-4273ls-apc-2/
2026-09-22 12:22:34,424 - INFO - Opening URL: https://houseofrohl.com/holborn-single-hole-bar-and-food-prep-faucet-with-round-body-and-c-spout-polished-chrome-with-metal-lever-handle-u-4213ls-apc-2/
2026-09-22 12:22:38,767 - INFO - Product scraped successfully: https://houseofrohl.com/holborn-single-hole-bar-and-food-prep-faucet-with-round-body-and-c-spout-polished-chrome-with-metal-lever-handle-u-4213ls-apc-2/
2026-09-22 12:22:38,767 - INFO - Opening URL: https://houseofrohl.com/holborn-single-hole-bar-and-food-prep-faucet-with-c-spout-polished-chrome-with-metal-lever-handle-u-4842ls-apc-2/
2026-09-22 12:22:42,830 - INFO - Product scraped successfully: https://houseofrohl.com/holborn-single-hole-bar-and-food-prep-faucet-with-c-spout-polished-chrome-with-metal-lever-handle-u-4842ls-apc-2/
2026-09-22 12:22:42,831 - INFO - Opening URL: https://houseofrohl.com/holborn-single-hole-c-spout-kitchen-faucet-with-round-body-and-sidespray-polished-chrome-with-metal-lever-handle-u-4312ls-apc-2/
2026-09-22 12:22:50,405 - INFO - Product scraped successfully: https://houseofrohl.com/holborn-single-hole-c-spout-kitchen-faucet-with-round-body-and-sidespray-polished-chrome-with-metal-lever-handle-u-4312ls-apc-2/
2026-09-22 12:22:50,405 - INFO - Opening URL: https://houseofrohl.com/holborn-single-hole-kitchen-faucet-with-c-spout-and-sidespray-polished-chrome-with-metal-lever-handle-u-4846ls-apc-2/
2026-09-22 12:22:55,199 - INFO - Product scraped successfully: https://houseofrohl.com/holborn-single-hole-kitchen-faucet-with-c-spout-and-sidespray-polished-chrome-with-metal-lever-handle-u-4846ls-apc-2/
2026-09-22 12:22:55,305 - INFO - Opening URL: https://houseofrohl.com/lux-contemporary-c-spout-hot-water-faucet-tank-and-filter-kit-polished-chrome-with-metal-lever-handle-gkit7545lmapc-2/
2026-09-22 12:22:59,774 - INFO - Product scraped successfully: https://houseofrohl.com/lux-contemporary-c-spout-hot-water-faucet-tank-and-filter-kit-polished-chrome-with-metal-lever-handle-gkit7545lmapc-2/
2026-09-22 12:22:59,776 - INFO - Opening URL: https://houseofrohl.com/lux-c-spout-filter-faucet-polished-chrome-with-metal-lever-handle-r7517apc/
2026-09-22 12:23:07,351 - INFO - Product scraped successfully: https://houseofrohl.com/lux-c-spout-filter-faucet-polished-chrome-with-metal-lever-handle-r7517apc/
2026-09-22 12:23:07,351 - INFO - Opening URL: https://houseofrohl.com/lux-c-spout-filter-faucet-polished-chrome-with-metal-lever-handle-rkit7517apc/
2026-09-22 12:23:10,583 - INFO - Product scraped successfully: https://houseofrohl.com/lux-c-spout-filter-faucet-polished-chrome-with-metal-lever-handle-rkit7517apc/
2026-09-22 12:23:10,583 - INFO - Opening URL: https://houseofrohl.com/lux-pulldown-bar-and-food-prep-faucet-polished-chrome-with-metal-lever-handle-r7515slmapc-2/
2026-09-22 12:23:14,464 - INFO - Product scraped successfully: https://houseofrohl.com/lux-pulldown-bar-and-food-prep-faucet-polished-chrome-with-metal-lever-handle-r7515slmapc-2/
2026-09-22 12:23:14,464 - INFO - Opening URL: https://houseofrohl.com/modern-lux-pulldown-bar-and-food-prep-faucet-polished-chrome-with-metal-lever-handle-r7581slmapc-2/
2026-09-22 12:23:18,416 - INFO - Product scraped successfully: https://houseofrohl.com/modern-lux-pulldown-bar-and-food-prep-faucet-polished-chrome-with-metal-lever-handle-r7581slmapc-2/
2026-09-22 12:23:18,416 - INFO - Opening URL: https://houseofrohl.com/modern-lux-pulldown-bar-and-food-prep-faucet-stainless-steel-with-metal-lever-handle-r7581slmss-2/
2026-09-22 12:23:20,752 - INFO - Product scraped successfully: https://houseofrohl.com/modern-lux-pulldown-bar-and-food-prep-faucet-stainless-steel-with-metal-lever-handle-r7581slmss-2/
2026-09-22 12:23:20,752 - INFO - Opening URL: https://houseofrohl.com/lux-contemporary-c-spout-hot-water-faucet-polished-chrome-with-metal-lever-handle-g7545lmapc-2/
2026-09-22 12:23:26,528 - INFO - Product scraped successfully: https://houseofrohl.com/lux-contemporary-c-spout-hot-water-faucet-polished-chrome-with-metal-lever-handle-g7545lmapc-2/
2026-09-22 12:23:26,528 - INFO - Opening URL: https://houseofrohl.com/pirellone-side-lever-bar-and-food-prep-faucet-polished-chrome-with-metal-lever-handle-ls53l-apc-2/
2026-09-22 12:23:43,748 - INFO - Product scraped successfully: https://houseofrohl.com/pirellone-side-lever-bar-and-food-prep-faucet-polished-chrome-with-metal-lever-handle-ls53l-apc-2/
2026-09-22 12:23:43,748 - INFO - Opening URL: https://houseofrohl.com/pirellone-side-lever-pro-pulldown-kitchen-faucet-polished-chrome-with-metal-lever-handle-ls64l-apc-2/
2026-09-22 12:23:48,454 - INFO - Product scraped successfully: https://houseofrohl.com/pirellone-side-lever-pro-pulldown-kitchen-faucet-polished-chrome-with-metal-lever-handle-ls64l-apc-2/
2026-09-22 12:23:48,455 - INFO - Opening URL: https://houseofrohl.com/pirellone-side-lever-pulldown-high-spout-kitchen-faucet-polished-chrome-with-metal-lever-handle-ls57l-apc-2/
2026-09-22 12:23:59,630 - INFO - Product scraped successfully: https://houseofrohl.com/pirellone-side-lever-pulldown-high-spout-kitchen-faucet-polished-chrome-with-metal-lever-handle-ls57l-apc-2/
2026-09-22 12:23:59,630 - INFO - Opening URL: https://houseofrohl.com/modern-lux-pulldown-kitchen-faucet-stainless-steel-with-metal-lever-handle-r7581lmss-2/
2026-09-22 12:24:10,196 - INFO - Product scraped successfully: https://houseofrohl.com/modern-lux-pulldown-kitchen-faucet-stainless-steel-with-metal-lever-handle-r7581lmss-2/
2026-09-22 12:24:10,197 - INFO - Opening URL: https://houseofrohl.com/modern-lux-pulldown-kitchen-faucet-polished-chrome-with-metal-lever-handle-r7581lmapc-2/
2026-09-22 12:24:24,214 - INFO - Product scraped successfully: https://houseofrohl.com/modern-lux-pulldown-kitchen-faucet-polished-chrome-with-metal-lever-handle-r7581lmapc-2/
2026-09-22 12:24:24,214 - INFO - Opening URL: https://houseofrohl.com/pirellone-pulldown-side-lever-kitchen-faucet-polished-chrome-with-metal-lever-handle-cy57l-apc-2/
2026-09-22 12:24:35,865 - INFO - Product scraped successfully: https://houseofrohl.com/pirellone-pulldown-side-lever-kitchen-faucet-polished-chrome-with-metal-lever-handle-cy57l-apc-2/
2026-09-22 12:24:35,865 - INFO - Opening URL: https://houseofrohl.com/pirellone-2-lever-pulldown-kitchen-faucet-polished-chrome-with-metal-lever-handle-cy657l-apc-2/
2026-09-22 12:24:47,644 - INFO - Product scraped successfully: https://houseofrohl.com/pirellone-2-lever-pulldown-kitchen-faucet-polished-chrome-with-metal-lever-handle-cy657l-apc-2/
2026-09-22 12:24:47,644 - INFO - Opening URL: https://houseofrohl.com/lombardia-pulldown-bar-and-food-prep-faucet-polished-chrome-with-metal-lever-handle-a3430slmapc-2/
2026-09-22 12:24:53,178 - INFO - Product scraped successfully: https://houseofrohl.com/lombardia-pulldown-bar-and-food-prep-faucet-polished-chrome-with-metal-lever-handle-a3430slmapc-2/
2026-09-22 12:24:53,178 - INFO - Opening URL: https://houseofrohl.com/lombardia-pulldown-kitchen-faucet-polished-chrome-with-metal-lever-handle-a3430lmapc-2/
2026-09-22 12:24:57,043 - INFO - Product scraped successfully: https://houseofrohl.com/lombardia-pulldown-kitchen-faucet-polished-chrome-with-metal-lever-handle-a3430lmapc-2/
2026-09-22 12:24:57,043 - INFO - Opening URL: https://houseofrohl.com/edwardian-column-spout-hot-water-faucet-tank-and-filter-kit-polished-chrome-with-metal-lever-handle-u-kit1323ls-apc-2/
2026-09-22 12:25:03,224 - INFO - Product scraped successfully: https://houseofrohl.com/edwardian-column-spout-hot-water-faucet-tank-and-filter-kit-polished-chrome-with-metal-lever-handle-u-kit1323ls-apc-2/
2026-09-22 12:25:03,224 - INFO - Opening URL: https://houseofrohl.com/georgian-era-c-spout-hot-water-faucet-tank-and-filter-kit-polished-chrome-with-metal-lever-handle-u-kit1307ls-apc-2/
2026-09-22 12:25:14,864 - INFO - Product scraped successfully: https://houseofrohl.com/georgian-era-c-spout-hot-water-faucet-tank-and-filter-kit-polished-chrome-with-metal-lever-handle-u-kit1307ls-apc-2/
2026-09-22 12:25:14,866 - INFO - Opening URL: https://houseofrohl.com/edwardian-column-spout-filter-faucet-polished-chrome-with-metal-lever-handle-u-1621l-apc-2/
2026-09-22 12:25:38,547 - INFO - Product scraped successfully: https://houseofrohl.com/edwardian-column-spout-filter-faucet-polished-chrome-with-metal-lever-handle-u-1621l-apc-2/
2026-09-22 12:25:38,548 - INFO - Opening URL: https://houseofrohl.com/edwardian-column-spout-filter-faucet-polished-chrome-with-metal-lever-handle-u-kit1621l-apc-2/
2026-09-22 12:25:43,109 - INFO - Product scraped successfully: https://houseofrohl.com/edwardian-column-spout-filter-faucet-polished-chrome-with-metal-lever-handle-u-kit1621l-apc-2/
2026-09-22 12:25:43,109 - INFO - Opening URL: https://houseofrohl.com/georgian-era-filtration-3-lever-bar-and-food-prep-faucet-polished-chrome-with-metal-lever-handle-u-1220ls-apc-2/
2026-09-22 12:25:47,369 - INFO - Product scraped successfully: https://houseofrohl.com/georgian-era-filtration-3-lever-bar-and-food-prep-faucet-polished-chrome-with-metal-lever-handle-u-1220ls-apc-2/
2026-09-22 12:25:47,369 - INFO - Opening URL: https://houseofrohl.com/georgian-era-filtration-3-lever-bar-and-food-prep-faucet-polished-chrome-with-metal-lever-handle-u-kit1220ls-apc-2/
2026-09-22 12:26:02,001 - INFO - Product scraped successfully: https://houseofrohl.com/georgian-era-filtration-3-lever-bar-and-food-prep-faucet-polished-chrome-with-metal-lever-handle-u-kit1220ls-apc-2/
2026-09-22 12:26:02,002 - INFO - Opening URL: https://houseofrohl.com/georgian-era-c-spout-filter-faucet-polished-chrome-with-metal-lever-handle-u-kit1625l-apc-2/
2026-09-22 12:26:09,542 - INFO - Product scraped successfully: https://houseofrohl.com/georgian-era-c-spout-filter-faucet-polished-chrome-with-metal-lever-handle-u-kit1625l-apc-2/
2026-09-22 12:26:09,542 - INFO - Opening URL: https://houseofrohl.com/georgian-era-c-spout-filter-faucet-polished-chrome-with-metal-lever-handle-u-1625l-apc-2/
2026-09-22 12:26:15,096 - INFO - Product scraped successfully: https://houseofrohl.com/georgian-era-c-spout-filter-faucet-polished-chrome-with-metal-lever-handle-u-1625l-apc-2/
2026-09-22 12:26:15,096 - INFO - Opening URL: https://houseofrohl.com/edwardian-column-spout-hot-water-faucet-polished-chrome-with-metal-lever-handle-u-1323ls-apc-2/
2026-09-22 12:26:18,916 - INFO - Product scraped successfully: https://houseofrohl.com/edwardian-column-spout-hot-water-faucet-polished-chrome-with-metal-lever-handle-u-1323ls-apc-2/
2026-09-22 12:26:18,916 - INFO - Opening URL: https://houseofrohl.com/georgian-era-c-spout-hot-water-faucet-polished-chrome-with-metal-lever-handle-u-1307ls-apc-2/
2026-09-22 12:26:22,648 - INFO - Product scraped successfully: https://houseofrohl.com/georgian-era-c-spout-hot-water-faucet-polished-chrome-with-metal-lever-handle-u-1307ls-apc-2/
2026-09-22 12:26:22,648 - INFO - Opening URL: https://houseofrohl.com/edwardian-single-hole-bar-and-food-prep-faucet-with-lever-handles-polished-chrome-with-metal-lever-handle-u-4759apc-2/
2026-09-22 12:26:25,815 - INFO - Product scraped successfully: https://houseofrohl.com/edwardian-single-hole-bar-and-food-prep-faucet-with-lever-handles-polished-chrome-with-metal-lever-handle-u-4759apc-2/
2026-09-22 12:26:25,815 - INFO - Opening URL: https://houseofrohl.com/edwardian-single-lever-single-hole-bar-and-food-prep-faucet-polished-chrome-with-metal-lever-handle-u-4739apc-2/
2026-09-22 12:26:31,456 - INFO - Product scraped successfully: https://houseofrohl.com/edwardian-single-lever-single-hole-bar-and-food-prep-faucet-polished-chrome-with-metal-lever-handle-u-4739apc-2/
2026-09-22 12:26:31,456 - INFO - Opening URL: https://houseofrohl.com/edwardian-single-hole-kitchen-faucet-with-lever-handles-and-sidespray-polished-chrome-with-metal-lever-handle-u-4766apc-2/
2026-09-22 12:26:35,811 - INFO - Product scraped successfully: https://houseofrohl.com/edwardian-single-hole-kitchen-faucet-with-lever-handles-and-sidespray-polished-chrome-with-metal-lever-handle-u-4766apc-2/
2026-09-22 12:26:35,811 - INFO - Opening URL: https://houseofrohl.com/edwardian-bridge-kitchen-faucet-with-sidespray-polished-chrome-with-metal-lever-handle-u-4756l-apc-2/
2026-09-22 12:26:39,101 - INFO - Product scraped successfully: https://houseofrohl.com/edwardian-bridge-kitchen-faucet-with-sidespray-polished-chrome-with-metal-lever-handle-u-4756l-apc-2/
2026-09-22 12:26:39,101 - INFO - Opening URL: https://houseofrohl.com/edwardian-single-lever-single-hole-kitchen-faucet-with-sidespray-polished-chrome-with-metal-lever-handle-u-4746apc-2/
2026-09-22 12:26:43,110 - INFO - Product scraped successfully: https://houseofrohl.com/edwardian-single-lever-single-hole-kitchen-faucet-with-sidespray-polished-chrome-with-metal-lever-handle-u-4746apc-2/
2026-09-22 12:26:43,111 - INFO - Opening URL: https://houseofrohl.com/edwardian-bridge-kitchen-faucet-with-sidespray-polished-chrome-with-cross-handle-u-4755x-apc-2/
2026-09-22 12:26:58,191 - INFO - Product scraped successfully: https://houseofrohl.com/edwardian-bridge-kitchen-faucet-with-sidespray-polished-chrome-with-cross-handle-u-4755x-apc-2/
2026-09-22 12:26:58,191 - INFO - Opening URL: https://houseofrohl.com/edwardian-4-hole-kitchen-faucet-with-sidespray-polished-chrome-with-metal-lever-handle-u-4776l-apc-2/
2026-09-22 12:27:04,543 - INFO - Product scraped successfully: https://houseofrohl.com/edwardian-4-hole-kitchen-faucet-with-sidespray-polished-chrome-with-metal-lever-handle-u-4776l-apc-2/
2026-09-22 12:27:04,543 - INFO - Opening URL: https://houseofrohl.com/edwardian-bridge-kitchen-faucet-with-sidespray-polished-chrome-with-cross-handle-u-4763x-apc-2/
2026-09-22 12:27:08,710 - INFO - Product scraped successfully: https://houseofrohl.com/edwardian-bridge-kitchen-faucet-with-sidespray-polished-chrome-with-cross-handle-u-4763x-apc-2/
2026-09-22 12:27:08,710 - INFO - Opening URL: https://houseofrohl.com/georgian-era-bridge-kitchen-faucet-polished-chrome-with-metal-lever-handle-u-4791l-apc-2/
2026-09-22 12:27:13,161 - INFO - Product scraped successfully: https://houseofrohl.com/georgian-era-bridge-kitchen-faucet-polished-chrome-with-metal-lever-handle-u-4791l-apc-2/
2026-09-22 12:27:13,161 - INFO - Opening URL: https://houseofrohl.com/georgian-era-bridge-kitchen-faucet-with-sidespray-polished-chrome-with-metal-lever-handle-u-4719l-apc-2/
2026-09-22 12:27:17,736 - INFO - Product scraped successfully: https://houseofrohl.com/georgian-era-bridge-kitchen-faucet-with-sidespray-polished-chrome-with-metal-lever-handle-u-4719l-apc-2/
2026-09-22 12:27:17,737 - INFO - Opening URL: https://houseofrohl.com/georgian-era-4-hole-c-spout-kitchen-faucet-with-sidespray-polished-chrome-with-metal-lever-handle-u-4736l-apc-2/
2026-09-22 12:27:22,761 - INFO - Product scraped successfully: https://houseofrohl.com/georgian-era-4-hole-c-spout-kitchen-faucet-with-sidespray-polished-chrome-with-metal-lever-handle-u-4736l-apc-2/
2026-09-22 12:27:22,761 - INFO - Opening URL: https://houseofrohl.com/georgian-era-4-hole-c-spout-kitchen-faucet-with-sidespray-polished-chrome-with-cross-handle-u-4735x-apc-2/
2026-09-22 12:27:27,833 - INFO - Product scraped successfully: https://houseofrohl.com/georgian-era-4-hole-c-spout-kitchen-faucet-with-sidespray-polished-chrome-with-cross-handle-u-4735x-apc-2/
2026-09-22 12:27:27,833 - INFO - Opening URL: https://houseofrohl.com/georgian-era-bridge-kitchen-faucet-with-sidespray-polished-chrome-with-cross-handle-u-4718x-apc-2/
2026-09-22 12:27:32,532 - INFO - Product scraped successfully: https://houseofrohl.com/georgian-era-bridge-kitchen-faucet-with-sidespray-polished-chrome-with-cross-handle-u-4718x-apc-2/
2026-09-22 12:27:32,532 - INFO - Opening URL: https://houseofrohl.com/georgian-era-single-lever-single-hole-bar-and-food-prep-faucet-polished-chrome-with-metal-lever-handle-u-4700apc-2/
2026-09-22 12:27:37,078 - INFO - Product scraped successfully: https://houseofrohl.com/georgian-era-single-lever-single-hole-bar-and-food-prep-faucet-polished-chrome-with-metal-lever-handle-u-4700apc-2/
2026-09-22 12:27:37,078 - INFO - Opening URL: https://houseofrohl.com/georgian-era-single-hole-bar-and-food-prep-faucet-polished-chrome-with-metal-lever-handle-u-4711apc-2/
2026-09-22 12:27:41,460 - INFO - Product scraped successfully: https://houseofrohl.com/georgian-era-single-hole-bar-and-food-prep-faucet-polished-chrome-with-metal-lever-handle-u-4711apc-2/
2026-09-22 12:27:41,460 - INFO - Opening URL: https://houseofrohl.com/georgian-era-pulldown-bar-and-food-prep-faucet-polished-chrome-with-metal-lever-handle-u-4743apc-2/
2026-09-22 12:27:45,520 - INFO - Product scraped successfully: https://houseofrohl.com/georgian-era-pulldown-bar-and-food-prep-faucet-polished-chrome-with-metal-lever-handle-u-4743apc-2/
2026-09-22 12:27:45,520 - INFO - Opening URL: https://houseofrohl.com/georgian-era-traditional-pulldown-faucet-polished-chrome-with-metal-lever-handle-u-4744apc-2/
2026-09-22 12:27:49,821 - INFO - Product scraped successfully: https://houseofrohl.com/georgian-era-traditional-pulldown-faucet-polished-chrome-with-metal-lever-handle-u-4744apc-2/
2026-09-22 12:27:49,822 - INFO - Opening URL: https://houseofrohl.com/georgian-era-single-lever-single-hole-kitchen-faucet-with-sidespray-polished-chrome-with-metal-lever-handle-u-4702apc-2/
2026-09-22 12:27:54,379 - INFO - Product scraped successfully: https://houseofrohl.com/georgian-era-single-lever-single-hole-kitchen-faucet-with-sidespray-polished-chrome-with-metal-lever-handle-u-4702apc-2/
2026-09-22 12:27:54,379 - INFO - Opening URL: https://houseofrohl.com/georgian-era-single-hole-kitchen-faucet-with-sidespray-polished-chrome-with-metal-lever-handle-u-4710apc-2/
2026-09-22 12:27:59,621 - INFO - Product scraped successfully: https://houseofrohl.com/georgian-era-single-hole-kitchen-faucet-with-sidespray-polished-chrome-with-metal-lever-handle-u-4710apc-2/
2026-09-22 12:27:59,621 - INFO - Opening URL: https://houseofrohl.com/san-julio-deck-mount-c-spout-3-leg-bridge-kitchen-faucet-with-sidespray-polished-chrome-with-white-porcelain-lever-handle-a1461lpwsapc-2/
2026-09-22 12:28:05,208 - INFO - Product scraped successfully: https://houseofrohl.com/san-julio-deck-mount-c-spout-3-leg-bridge-kitchen-faucet-with-sidespray-polished-chrome-with-white-porcelain-lever-handle-a1461lpwsapc-2/
2026-09-22 12:28:05,208 - INFO - Opening URL: https://houseofrohl.com/san-julio-deck-mount-c-spout-3-leg-bridge-kitchen-faucet-with-sidespray-polished-chrome-with-five-spoke-cross-handle-a1461xwsapc-2/
2026-09-22 12:28:11,865 - INFO - Product scraped successfully: https://houseofrohl.com/san-julio-deck-mount-c-spout-3-leg-bridge-kitchen-faucet-with-sidespray-polished-chrome-with-five-spoke-cross-handle-a1461xwsapc-2/
2026-09-22 12:28:11,865 - INFO - Opening URL: https://houseofrohl.com/san-julio-deck-mount-c-spout-3-leg-bridge-kitchen-faucet-with-sidespray-polished-chrome-with-cross-handle-a1461xmwsapc-2/
2026-09-22 12:28:16,238 - INFO - Product scraped successfully: https://houseofrohl.com/san-julio-deck-mount-c-spout-3-leg-bridge-kitchen-faucet-with-sidespray-polished-chrome-with-cross-handle-a1461xmwsapc-2/
2026-09-22 12:28:16,238 - INFO - Opening URL: https://houseofrohl.com/san-julio-deck-mount-c-spout-3-leg-bridge-kitchen-faucet-with-sidespray-polished-chrome-with-metal-lever-handle-a1461lmwsapc-2/
2026-09-22 12:28:20,327 - INFO - Product scraped successfully: https://houseofrohl.com/san-julio-deck-mount-c-spout-3-leg-bridge-kitchen-faucet-with-sidespray-polished-chrome-with-metal-lever-handle-a1461lmwsapc-2/
2026-09-22 12:28:20,327 - INFO - Opening URL: https://houseofrohl.com/cinquanta-single-hole-column-spout-bar-and-food-prep-faucet-with-sidespray-polished-chrome-with-metal-lever-handle-a3650-6-5lmwsapc-2/
2026-09-22 12:28:24,681 - INFO - Product scraped successfully: https://houseofrohl.com/cinquanta-single-hole-column-spout-bar-and-food-prep-faucet-with-sidespray-polished-chrome-with-metal-lever-handle-a3650-6-5lmwsapc-2/
2026-09-22 12:28:24,681 - INFO - Opening URL: https://houseofrohl.com/cinquanta-single-hole-column-spout-bar-and-food-prep-faucet-polished-chrome-with-white-porcelain-lever-handle-a3650-6-5lpapc-2/
2026-09-22 12:28:28,206 - INFO - Product scraped successfully: https://houseofrohl.com/cinquanta-single-hole-column-spout-bar-and-food-prep-faucet-polished-chrome-with-white-porcelain-lever-handle-a3650-6-5lpapc-2/
2026-09-22 12:28:28,206 - INFO - Opening URL: https://houseofrohl.com/cinquanta-single-hole-column-spout-bar-and-food-prep-faucet-with-sidespray-polished-chrome-with-white-porcelain-lever-handle-a3650-6-5lpwsapc-2/
2026-09-22 12:28:33,960 - INFO - Product scraped successfully: https://houseofrohl.com/cinquanta-single-hole-column-spout-bar-and-food-prep-faucet-with-sidespray-polished-chrome-with-white-porcelain-lever-handle-a3650-6-5lpwsapc-2/
2026-09-22 12:28:33,960 - INFO - Opening URL: https://houseofrohl.com/cinquanta-single-hole-column-spout-bar-and-food-prep-faucet-polished-chrome-with-metal-lever-handle-a3650-6-5lmapc-2/
2026-09-22 12:28:37,518 - INFO - Product scraped successfully: https://houseofrohl.com/cinquanta-single-hole-column-spout-bar-and-food-prep-faucet-polished-chrome-with-metal-lever-handle-a3650-6-5lmapc-2/
2026-09-22 12:28:37,518 - INFO - Opening URL: https://houseofrohl.com/cinquanta-single-hole-column-spout-kitchen-faucet-with-sidespray-and-extended-spout-polished-chrome-with-metal-lever-handle-a3650-11lmwsapc-2/
2026-09-22 12:28:40,841 - INFO - Product scraped successfully: https://houseofrohl.com/cinquanta-single-hole-column-spout-kitchen-faucet-with-sidespray-and-extended-spout-polished-chrome-with-metal-lever-handle-a3650-11lmwsapc-2/
2026-09-22 12:28:40,841 - INFO - Opening URL: https://houseofrohl.com/san-julio-c-spout-filter-faucet-polished-chrome-with-metal-lever-handle-akit1635lmapc-2/
2026-09-22 12:28:45,709 - INFO - Product scraped successfully: https://houseofrohl.com/san-julio-c-spout-filter-faucet-polished-chrome-with-metal-lever-handle-akit1635lmapc-2/
2026-09-22 12:28:45,709 - INFO - Opening URL: https://houseofrohl.com/san-julio-c-spout-filter-faucet-polished-chrome-with-metal-lever-handle-a1635lmapc-2/
2026-09-22 12:28:50,797 - INFO - Product scraped successfully: https://houseofrohl.com/san-julio-c-spout-filter-faucet-polished-chrome-with-metal-lever-handle-a1635lmapc-2/
2026-09-22 12:28:50,797 - INFO - Opening URL: https://houseofrohl.com/san-julio-traditional-c-spout-hot-water-faucet-polished-chrome-with-metal-lever-handle-g1655lmapc-2/
2026-09-22 12:28:57,872 - INFO - Product scraped successfully: https://houseofrohl.com/san-julio-traditional-c-spout-hot-water-faucet-polished-chrome-with-metal-lever-handle-g1655lmapc-2/
2026-09-22 12:28:57,873 - INFO - Opening URL: https://houseofrohl.com/san-julio-traditional-c-spout-hot-water-faucet-tank-and-filter-kit-polished-chrome-with-metal-lever-handle-gkit1655lmapc-2/
2026-09-22 12:29:01,482 - INFO - Product scraped successfully: https://houseofrohl.com/san-julio-traditional-c-spout-hot-water-faucet-tank-and-filter-kit-polished-chrome-with-metal-lever-handle-gkit1655lmapc-2/
2026-09-22 12:29:01,482 - INFO - Opening URL: https://houseofrohl.com/san-julio-single-hole-c-spout-bar-and-food-prep-faucet-polished-chrome-with-metal-lever-handle-a1667lmapc-2/
2026-09-22 12:29:05,338 - INFO - Product scraped successfully: https://houseofrohl.com/san-julio-single-hole-c-spout-bar-and-food-prep-faucet-polished-chrome-with-metal-lever-handle-a1667lmapc-2/
2026-09-22 12:29:05,338 - INFO - Opening URL: https://houseofrohl.com/san-julio-single-hole-c-spout-bar-and-food-prep-faucet-polished-chrome-with-white-porcelain-lever-handle-a1667lpapc-2/
2026-09-22 12:29:09,584 - INFO - Product scraped successfully: https://houseofrohl.com/san-julio-single-hole-c-spout-bar-and-food-prep-faucet-polished-chrome-with-white-porcelain-lever-handle-a1667lpapc-2/
2026-09-22 12:29:09,584 - INFO - Opening URL: https://houseofrohl.com/patrizia-pulldown-bar-and-food-prep-faucet-polished-chrome-with-metal-lever-handle-a3420slmapc-2/
2026-09-22 12:29:13,324 - INFO - Product scraped successfully: https://houseofrohl.com/patrizia-pulldown-bar-and-food-prep-faucet-polished-chrome-with-metal-lever-handle-a3420slmapc-2/
2026-09-22 12:29:13,324 - INFO - Opening URL: https://houseofrohl.com/1983-pulldown-bar-and-food-prep-faucet-stainless-steel-with-metal-lever-handle-r7514slmss-2/
2026-09-22 12:29:17,396 - INFO - Product scraped successfully: https://houseofrohl.com/1983-pulldown-bar-and-food-prep-faucet-stainless-steel-with-metal-lever-handle-r7514slmss-2/
2026-09-22 12:29:17,396 - INFO - Opening URL: https://houseofrohl.com/patrizia-pulldown-faucet-polished-chrome-with-metal-lever-handle-a3420lmapc-2/
2026-09-22 12:29:22,156 - INFO - Product scraped successfully: https://houseofrohl.com/patrizia-pulldown-faucet-polished-chrome-with-metal-lever-handle-a3420lmapc-2/
2026-09-22 12:29:22,156 - INFO - Opening URL: https://houseofrohl.com/1983-pulldown-kitchen-faucet-stainless-steel-with-metal-lever-handle-r7514lmss-2/
2026-09-22 12:29:25,795 - INFO - Product scraped successfully: https://houseofrohl.com/1983-pulldown-kitchen-faucet-stainless-steel-with-metal-lever-handle-r7514lmss-2/
2026-09-22 12:29:25,795 - INFO - Opening URL: https://houseofrohl.com/1983-pulldown-kitchen-faucet-polished-chrome-with-metal-lever-handle-r7514lmapc-2/
2026-09-22 12:29:30,637 - INFO - Product scraped successfully: https://houseofrohl.com/1983-pulldown-kitchen-faucet-polished-chrome-with-metal-lever-handle-r7514lmapc-2/
2026-09-22 12:29:30,637 - INFO - Opening URL: https://houseofrohl.com/1983-pullout-kitchen-faucet-polished-chrome-with-metal-lever-handle-r77v3apc/
2026-09-22 12:29:35,630 - INFO - Product scraped successfully: https://houseofrohl.com/1983-pullout-kitchen-faucet-polished-chrome-with-metal-lever-handle-r77v3apc/
2026-09-22 12:29:35,630 - INFO - Opening URL: https://houseofrohl.com/san-julio-single-hole-c-spout-kitchen-faucet-with-sidespray-polished-chrome-with-metal-lever-handle-a1676lmwsapc-2/
2026-09-22 12:29:40,629 - INFO - Product scraped successfully: https://houseofrohl.com/san-julio-single-hole-c-spout-kitchen-faucet-with-sidespray-polished-chrome-with-metal-lever-handle-a1676lmwsapc-2/
2026-09-22 12:29:40,630 - INFO - Opening URL: https://houseofrohl.com/acqui-wall-mount-column-spout-bridge-kitchen-faucet-polished-chrome-with-metal-lever-handle-a1456lmapc-2/
2026-09-22 12:29:44,622 - INFO - Product scraped successfully: https://houseofrohl.com/acqui-wall-mount-column-spout-bridge-kitchen-faucet-polished-chrome-with-metal-lever-handle-a1456lmapc-2/
2026-09-22 12:29:44,622 - INFO - Opening URL: https://houseofrohl.com/acqui-wall-mount-column-spout-bridge-kitchen-faucet-polished-chrome-with-cross-handle-a1456xmapc-2/
2026-09-22 12:29:49,546 - INFO - Product scraped successfully: https://houseofrohl.com/acqui-wall-mount-column-spout-bridge-kitchen-faucet-polished-chrome-with-cross-handle-a1456xmapc-2/
2026-09-22 12:29:49,546 - INFO - Opening URL: https://houseofrohl.com/acqui-wall-mount-column-spout-bridge-kitchen-faucet-with-sidespray-polished-chrome-with-metal-lever-handle-a1456lmwsapc-2/
2026-09-22 12:29:53,087 - INFO - Product scraped successfully: https://houseofrohl.com/acqui-wall-mount-column-spout-bridge-kitchen-faucet-with-sidespray-polished-chrome-with-metal-lever-handle-a1456lmwsapc-2/
2026-09-22 12:29:53,087 - INFO - Opening URL: https://houseofrohl.com/acqui-wall-mount-column-spout-bridge-kitchen-faucet-polished-chrome-with-white-porcelain-lever-handle-a1456lpapc-2/
2026-09-22 12:29:56,975 - INFO - Product scraped successfully: https://houseofrohl.com/acqui-wall-mount-column-spout-bridge-kitchen-faucet-polished-chrome-with-white-porcelain-lever-handle-a1456lpapc-2/
2026-09-22 12:29:56,975 - INFO - Opening URL: https://houseofrohl.com/acqui-wall-mount-column-spout-bridge-kitchen-faucet-with-sidespray-polished-chrome-with-cross-handle-a1456xmwsapc-2/
2026-09-22 12:30:05,553 - INFO - Product scraped successfully: https://houseofrohl.com/acqui-wall-mount-column-spout-bridge-kitchen-faucet-with-sidespray-polished-chrome-with-cross-handle-a1456xmwsapc-2/
2026-09-22 12:30:05,553 - INFO - Opening URL: https://houseofrohl.com/acqui-wall-mount-column-spout-bridge-kitchen-faucet-with-sidespray-polished-chrome-with-white-porcelain-lever-handle-a1456lpwsapc-2/
2026-09-22 12:30:09,562 - INFO - Product scraped successfully: https://houseofrohl.com/acqui-wall-mount-column-spout-bridge-kitchen-faucet-with-sidespray-polished-chrome-with-white-porcelain-lever-handle-a1456lpwsapc-2/
2026-09-22 12:30:09,562 - INFO - Opening URL: https://houseofrohl.com/acqui-deck-mount-column-spout-3-leg-bridge-kitchen-faucet-with-sidespray-polished-chrome-with-metal-lever-handle-a1458lmwsapc-2/
2026-09-22 12:30:13,165 - INFO - Product scraped successfully: https://houseofrohl.com/acqui-deck-mount-column-spout-3-leg-bridge-kitchen-faucet-with-sidespray-polished-chrome-with-metal-lever-handle-a1458lmwsapc-2/
2026-09-22 12:30:13,165 - INFO - Opening URL: https://houseofrohl.com/acqui-deck-mount-column-spout-3-leg-bridge-kitchen-faucet-with-sidespray-polished-chrome-with-white-porcelain-lever-handle-a1458lpwsapc-2/
2026-09-22 12:30:16,955 - INFO - Product scraped successfully: https://houseofrohl.com/acqui-deck-mount-column-spout-3-leg-bridge-kitchen-faucet-with-sidespray-polished-chrome-with-white-porcelain-lever-handle-a1458lpwsapc-2/
2026-09-22 12:30:16,957 - INFO - Opening URL: https://houseofrohl.com/acqui-deck-mount-column-spout-3-leg-bridge-kitchen-faucet-with-sidespray-polished-chrome-with-cross-handle-a1458xmwsapc-2/
2026-09-22 12:30:20,885 - INFO - Product scraped successfully: https://houseofrohl.com/acqui-deck-mount-column-spout-3-leg-bridge-kitchen-faucet-with-sidespray-polished-chrome-with-cross-handle-a1458xmwsapc-2/
2026-09-22 12:30:20,885 - INFO - Opening URL: https://houseofrohl.com/acqui-column-spout-filter-faucet-polished-chrome-with-white-porcelain-lever-handle-a1435lpapc-2/
2026-09-22 12:30:25,307 - INFO - Product scraped successfully: https://houseofrohl.com/acqui-column-spout-filter-faucet-polished-chrome-with-white-porcelain-lever-handle-a1435lpapc-2/
2026-09-22 12:30:25,307 - INFO - Opening URL: https://houseofrohl.com/acqui-column-spout-filter-faucet-polished-chrome-with-metal-lever-handle-akit1435lmapc-2/
2026-09-22 12:30:29,243 - INFO - Product scraped successfully: https://houseofrohl.com/acqui-column-spout-filter-faucet-polished-chrome-with-metal-lever-handle-akit1435lmapc-2/
2026-09-22 12:30:29,243 - INFO - Opening URL: https://houseofrohl.com/acqui-column-spout-filter-faucet-polished-chrome-with-cross-handle-akit1435xmapc-2/
2026-09-22 12:30:32,846 - INFO - Product scraped successfully: https://houseofrohl.com/acqui-column-spout-filter-faucet-polished-chrome-with-cross-handle-akit1435xmapc-2/
2026-09-22 12:30:32,847 - INFO - Opening URL: https://houseofrohl.com/acqui-column-spout-filter-faucet-polished-chrome-with-metal-lever-handle-a1435lmapc-2/
2026-09-22 12:30:37,180 - INFO - Product scraped successfully: https://houseofrohl.com/acqui-column-spout-filter-faucet-polished-chrome-with-metal-lever-handle-a1435lmapc-2/
2026-09-22 12:30:37,180 - INFO - Opening URL: https://houseofrohl.com/acqui-column-spout-filter-faucet-polished-chrome-with-cross-handle-a1435xmapc-2/
2026-09-22 12:30:43,120 - INFO - Product scraped successfully: https://houseofrohl.com/acqui-column-spout-filter-faucet-polished-chrome-with-cross-handle-a1435xmapc-2/
2026-09-22 12:30:43,120 - INFO - Opening URL: https://houseofrohl.com/acqui-column-spout-filter-faucet-polished-chrome-with-white-porcelain-lever-handle-akit1435lpapc-2/
2026-09-22 12:30:46,380 - INFO - Product scraped successfully: https://houseofrohl.com/acqui-column-spout-filter-faucet-polished-chrome-with-white-porcelain-lever-handle-akit1435lpapc-2/
2026-09-22 12:30:46,380 - INFO - Opening URL: https://houseofrohl.com/acqui-column-spout-hot-water-faucet-tank-and-filter-kit-polished-chrome-with-metal-lever-handle-gkit1445lmapc-2/
2026-09-22 12:30:50,323 - INFO - Product scraped successfully: https://houseofrohl.com/acqui-column-spout-hot-water-faucet-tank-and-filter-kit-polished-chrome-with-metal-lever-handle-gkit1445lmapc-2/
2026-09-22 12:30:50,323 - INFO - Opening URL: https://houseofrohl.com/acqui-column-spout-hot-water-faucet-polished-chrome-with-metal-lever-handle-g1445lmapc-2/
2026-09-22 12:30:54,129 - INFO - Product scraped successfully: https://houseofrohl.com/acqui-column-spout-hot-water-faucet-polished-chrome-with-metal-lever-handle-g1445lmapc-2/
2026-09-22 12:30:54,129 - INFO - Opening URL: https://houseofrohl.com/acqui-single-hole-column-spout-bar-food-prep-faucet-polished-chrome-with-metal-lever-handle-a1680lmapc-2/
2026-09-22 12:30:57,266 - INFO - Product scraped successfully: https://houseofrohl.com/acqui-single-hole-column-spout-bar-food-prep-faucet-polished-chrome-with-metal-lever-handle-a1680lmapc-2/
2026-09-22 12:30:57,266 - INFO - Opening URL: https://houseofrohl.com/acqui-single-hole-column-spout-bar-food-prep-faucet-polished-chrome-with-white-porcelain-lever-handle-a1680lpapc-2/
2026-09-22 12:31:02,059 - INFO - Product scraped successfully: https://houseofrohl.com/acqui-single-hole-column-spout-bar-food-prep-faucet-polished-chrome-with-white-porcelain-lever-handle-a1680lpapc-2/
2026-09-22 12:31:02,059 - INFO - Opening URL: https://houseofrohl.com/acqui-single-hole-column-spout-kitchen-faucet-with-sidespray-polished-chrome-with-white-porcelain-lever-handle-a1679lpwsapc-2/
2026-09-22 12:31:05,327 - INFO - Product scraped successfully: https://houseofrohl.com/acqui-single-hole-column-spout-kitchen-faucet-with-sidespray-polished-chrome-with-white-porcelain-lever-handle-a1679lpwsapc-2/
2026-09-22 12:31:05,329 - INFO - Opening URL: https://houseofrohl.com/acqui-single-hole-column-spout-kitchen-faucet-with-sidespray-polished-chrome-with-metal-lever-handle-a1679lmwsapc-2/
2026-09-22 12:31:09,510 - INFO - Product scraped successfully: https://houseofrohl.com/acqui-single-hole-column-spout-kitchen-faucet-with-sidespray-polished-chrome-with-metal-lever-handle-a1679lmwsapc-2/
2026-09-22 12:31:09,510 - INFO - Opening URL: https://houseofrohl.com/acqui-single-hole-column-spout-kitchen-faucet-with-sidespray-polished-chrome-with-metal-lever-handle-a3608lmwsapc-2/
2026-09-22 12:31:13,002 - INFO - Product scraped successfully: https://houseofrohl.com/acqui-single-hole-column-spout-kitchen-faucet-with-sidespray-polished-chrome-with-metal-lever-handle-a3608lmwsapc-2/
2026-09-22 12:31:13,003 - INFO - Opening URL: https://houseofrohl.com/acqui-single-hole-column-spout-kitchen-faucet-with-sidespray-polished-chrome-with-white-porcelain-lever-handle-a3608lpwsapc-2/
2026-09-22 12:31:17,070 - INFO - Product scraped successfully: https://houseofrohl.com/acqui-single-hole-column-spout-kitchen-faucet-with-sidespray-polished-chrome-with-white-porcelain-lever-handle-a3608lpwsapc-2/
2026-09-22 12:31:17,070 - INFO - Opening URL: https://houseofrohl.com/acqui-single-hole-column-spout-kitchen-faucet-with-sidespray-and-extended-spout-polished-chrome-with-white-porcelain-lever-handle-a3608-11lpwsapc-2/
2026-09-22 12:31:21,383 - INFO - Product scraped successfully: https://houseofrohl.com/acqui-single-hole-column-spout-kitchen-faucet-with-sidespray-and-extended-spout-polished-chrome-with-white-porcelain-lever-handle-a3608-11lpwsapc-2/
2026-09-22 12:31:21,383 - INFO - Opening URL: https://houseofrohl.com/holborn-pulldown-kitchen-faucet-polished-chrome-with-metal-lever-handle-u-4044apc-2/
2026-09-22 12:31:24,431 - INFO - Product scraped successfully: https://houseofrohl.com/holborn-pulldown-kitchen-faucet-polished-chrome-with-metal-lever-handle-u-4044apc-2/
2026-09-22 12:31:24,431 - INFO - Opening URL: https://houseofrohl.com/holborn-pulldown-bar-and-food-prep-faucet-polished-chrome-with-metal-lever-handle-u-4043apc-2/
2026-09-22 12:31:28,415 - INFO - Product scraped successfully: https://houseofrohl.com/holborn-pulldown-bar-and-food-prep-faucet-polished-chrome-with-metal-lever-handle-u-4043apc-2/
2026-09-22 12:31:28,415 - INFO - Opening URL: https://houseofrohl.com/armstrong-pulldown-bar-and-food-prep-faucet-polished-chrome-with-metal-lever-handle-u-4543ht-apc-2/
2026-09-22 12:31:31,390 - INFO - Product scraped successfully: https://houseofrohl.com/armstrong-pulldown-bar-and-food-prep-faucet-polished-chrome-with-metal-lever-handle-u-4543ht-apc-2/
2026-09-22 12:31:31,390 - INFO - Opening URL: https://houseofrohl.com/armstrong-pulldown-touchless-kitchen-faucet-polished-chrome-with-metal-lever-handle-u-4534ht-apc-2/
2026-09-22 12:31:34,369 - INFO - Product scraped successfully: https://houseofrohl.com/armstrong-pulldown-touchless-kitchen-faucet-polished-chrome-with-metal-lever-handle-u-4534ht-apc-2/
2026-09-22 12:31:34,369 - INFO - Opening URL: https://houseofrohl.com/armstrong-bar-and-food-prep-faucet-polished-chrome-with-metal-lever-handle-u-4513ht-apc-2/
2026-09-22 12:31:37,616 - INFO - Product scraped successfully: https://houseofrohl.com/armstrong-bar-and-food-prep-faucet-polished-chrome-with-metal-lever-handle-u-4513ht-apc-2/
2026-09-22 12:31:37,618 - INFO - Opening URL: https://houseofrohl.com/armstrong-bridge-kitchen-faucet-polished-chrome-with-metal-lever-handle-u-4549ht-apc-2/
2026-09-22 12:31:40,568 - INFO - Product scraped successfully: https://houseofrohl.com/armstrong-bridge-kitchen-faucet-polished-chrome-with-metal-lever-handle-u-4549ht-apc-2/
2026-09-22 12:31:40,568 - INFO - Opening URL: https://houseofrohl.com/armstrong-pulldown-kitchen-faucet-polished-chrome-with-metal-lever-handle-u-4544ht-apc-2/
2026-09-22 12:31:43,897 - INFO - Product scraped successfully: https://houseofrohl.com/armstrong-pulldown-kitchen-faucet-polished-chrome-with-metal-lever-handle-u-4544ht-apc-2/
2026-09-22 12:31:43,897 - INFO - Opening URL: https://houseofrohl.com/campo-deck-mount-u-spout-3-leg-bridge-faucet-with-sidespray-polished-chrome-with-industrial-metal-wheel-handle-a3358iwwsapc-2/
2026-09-22 12:31:46,777 - INFO - Product scraped successfully: https://houseofrohl.com/campo-deck-mount-u-spout-3-leg-bridge-faucet-with-sidespray-polished-chrome-with-industrial-metal-wheel-handle-a3358iwwsapc-2/
2026-09-22 12:31:46,777 - INFO - Opening URL: https://houseofrohl.com/campo-deck-mount-u-spout-3-leg-bridge-faucet-with-sidespray-polished-chrome-with-industrial-metal-lever-handle-a3358ilwsapc-2/
2026-09-22 12:31:50,111 - INFO - Product scraped successfully: https://houseofrohl.com/campo-deck-mount-u-spout-3-leg-bridge-faucet-with-sidespray-polished-chrome-with-industrial-metal-lever-handle-a3358ilwsapc-2/
2026-09-22 12:31:50,111 - INFO - Opening URL: https://houseofrohl.com/gotham-c-spout-hot-water-faucet-tank-and-filter-kit-polished-chrome-with-metal-lever-handle-mbkit7945lmapc-2/
2026-09-22 12:31:53,170 - INFO - Product scraped successfully: https://houseofrohl.com/gotham-c-spout-hot-water-faucet-tank-and-filter-kit-polished-chrome-with-metal-lever-handle-mbkit7945lmapc-2/
2026-09-22 12:31:53,170 - INFO - Opening URL: https://houseofrohl.com/gotham-c-spout-filter-faucet-polished-chrome-with-metal-lever-handle-mbkit7917lmapc-2/
2026-09-22 12:31:56,233 - INFO - Product scraped successfully: https://houseofrohl.com/gotham-c-spout-filter-faucet-polished-chrome-with-metal-lever-handle-mbkit7917lmapc-2/
2026-09-22 12:31:56,233 - INFO - Opening URL: https://houseofrohl.com/gotham-c-spout-filter-faucet-polished-chrome-with-metal-lever-handle-mb7917lmapc-2/
2026-09-22 12:31:59,598 - INFO - Product scraped successfully: https://houseofrohl.com/gotham-c-spout-filter-faucet-polished-chrome-with-metal-lever-handle-mb7917lmapc-2/
2026-09-22 12:31:59,598 - INFO - Opening URL: https://houseofrohl.com/campo-side-lever-pulldown-faucet-polished-chrome-with-industrial-metal-lever-handle-a3431ilapc-2/
2026-09-22 12:32:02,951 - INFO - Product scraped successfully: https://houseofrohl.com/campo-side-lever-pulldown-faucet-polished-chrome-with-industrial-metal-lever-handle-a3431ilapc-2/
2026-09-22 12:32:02,952 - INFO - Opening URL: https://houseofrohl.com/gotham-c-spout-hot-water-faucet-polished-chrome-with-metal-lever-handle-mb7945lmapc-2/
2026-09-22 12:32:06,298 - INFO - Product scraped successfully: https://houseofrohl.com/gotham-c-spout-hot-water-faucet-polished-chrome-with-metal-lever-handle-mb7945lmapc-2/
2026-09-22 12:32:06,298 - INFO - Opening URL: https://houseofrohl.com/graceline-pulldown-bar-and-food-prep-faucet-polished-chrome-with-metal-lever-handle-mb7930slmapc-2/
2026-09-22 12:32:09,748 - INFO - Product scraped successfully: https://houseofrohl.com/graceline-pulldown-bar-and-food-prep-faucet-polished-chrome-with-metal-lever-handle-mb7930slmapc-2/
2026-09-22 12:32:09,748 - INFO - Opening URL: https://houseofrohl.com/graceline-pulldown-kitchen-faucet-polished-chrome-with-metal-lever-handle-mb7930lmapc-2/
2026-09-22 12:32:12,848 - INFO - Product scraped successfully: https://houseofrohl.com/graceline-pulldown-kitchen-faucet-polished-chrome-with-metal-lever-handle-mb7930lmapc-2/
2026-09-22 12:32:12,848 - INFO - Opening URL: https://houseofrohl.com/arolla-inline-filter-system-complete-with-cartridge-hrk-2000/
2026-09-22 12:32:16,462 - INFO - Product scraped successfully: https://houseofrohl.com/arolla-inline-filter-system-complete-with-cartridge-hrk-2000/
2026-09-22 12:32:16,462 - INFO - Opening URL: https://houseofrohl.com/1-function-kitchen-handspray-for-series-az-unfinished-4401/
2026-09-22 12:32:19,899 - INFO - Product scraped successfully: https://houseofrohl.com/1-function-kitchen-handspray-for-series-az-unfinished-4401/
2026-09-22 12:32:19,899 - INFO - Opening URL: https://houseofrohl.com/2-function-kitchen-handspray-for-series-az-lk-ttrd-ttsq-unfinished-4381/
2026-09-22 12:32:23,088 - INFO - Product scraped successfully: https://houseofrohl.com/2-function-kitchen-handspray-for-series-az-lk-ttrd-ttsq-unfinished-4381/
2026-09-22 12:32:23,088 - INFO - Opening URL: https://houseofrohl.com/azure-pulldown-kitchen-faucet-chrome-az201c/
2026-09-22 12:32:26,417 - INFO - Product scraped successfully: https://houseofrohl.com/azure-pulldown-kitchen-faucet-chrome-az201c/
2026-09-22 12:32:26,417 - INFO - Opening URL: https://houseofrohl.com/azure-pulldown-kitchen-faucet-stainless-steel-finish-az101ss/
2026-09-22 12:32:31,222 - INFO - Product scraped successfully: https://houseofrohl.com/azure-pulldown-kitchen-faucet-stainless-steel-finish-az101ss/
2026-09-22 12:32:31,222 - INFO - Opening URL: https://houseofrohl.com/azure-pulldown-kitchen-faucet-chrome-az101c/
2026-09-22 12:32:33,614 - INFO - Product scraped successfully: https://houseofrohl.com/azure-pulldown-kitchen-faucet-chrome-az101c/
2026-09-22 12:32:33,614 - INFO - Opening URL: https://houseofrohl.com/azure-bridge-pulldown-kitchen-faucet-stainless-steel-finish-az400ss/
2026-09-22 12:32:37,104 - INFO - Product scraped successfully: https://houseofrohl.com/azure-bridge-pulldown-kitchen-faucet-stainless-steel-finish-az400ss/
2026-09-22 12:32:37,104 - INFO - Opening URL: https://houseofrohl.com/azure-bridge-pulldown-kitchen-faucet-chrome-az400c/
2026-09-22 12:32:40,255 - INFO - Product scraped successfully: https://houseofrohl.com/azure-bridge-pulldown-kitchen-faucet-chrome-az400c/
2026-09-22 12:32:40,255 - INFO - Opening URL: https://houseofrohl.com/azure-pulldown-kitchen-faucet-stainless-steel-finish-az201ss/
2026-09-22 12:32:43,225 - INFO - Product scraped successfully: https://houseofrohl.com/azure-pulldown-kitchen-faucet-stainless-steel-finish-az201ss/
2026-09-22 12:32:43,225 - INFO - Opening URL: https://houseofrohl.com/azure-bar-and-food-prep-kitchen-faucet-stainless-steel-finish-az601ss/
2026-09-22 12:32:46,690 - INFO - Product scraped successfully: https://houseofrohl.com/azure-bar-and-food-prep-kitchen-faucet-stainless-steel-finish-az601ss/
2026-09-22 12:32:46,690 - INFO - Opening URL: https://houseofrohl.com/azure-bar-and-food-prep-kitchen-faucet-chrome-az601c/
2026-09-22 12:32:49,034 - INFO - Product scraped successfully: https://houseofrohl.com/azure-bar-and-food-prep-kitchen-faucet-chrome-az601c/
2026-09-22 12:32:49,034 - INFO - Opening URL: https://houseofrohl.com/azure-filter-kitchen-faucet-chrome-az701c/
2026-09-22 12:32:52,293 - INFO - Product scraped successfully: https://houseofrohl.com/azure-filter-kitchen-faucet-chrome-az701c/
2026-09-22 12:32:52,293 - INFO - Opening URL: https://houseofrohl.com/azure-two-handle-pulldown-kitchen-faucet-stainless-steel-finish-az801ss/
2026-09-22 12:32:55,403 - INFO - Product scraped successfully: https://houseofrohl.com/azure-two-handle-pulldown-kitchen-faucet-stainless-steel-finish-az801ss/
2026-09-22 12:32:55,403 - INFO - Opening URL: https://houseofrohl.com/azure-two-handle-pulldown-kitchen-faucet-chrome-az801c/
2026-09-22 12:32:57,749 - INFO - Product scraped successfully: https://houseofrohl.com/azure-two-handle-pulldown-kitchen-faucet-chrome-az801c/
2026-09-22 12:32:57,749 - INFO - Opening URL: https://houseofrohl.com/azure-filter-kitchen-faucet-stainless-steel-finish-az701ss/
2026-09-22 12:33:00,755 - INFO - Product scraped successfully: https://houseofrohl.com/azure-filter-kitchen-faucet-stainless-steel-finish-az701ss/
2026-09-22 12:33:00,757 - INFO - Opening URL: https://houseofrohl.com/bistro-pulldown-kitchen-faucet-chrome-bi201c/
2026-09-22 12:33:03,943 - INFO - Product scraped successfully: https://houseofrohl.com/bistro-pulldown-kitchen-faucet-chrome-bi201c/
2026-09-22 12:33:03,943 - INFO - Opening URL: https://houseofrohl.com/cayo-pullout-kitchen-faucet-stainless-steel-finish-cy101ss/
2026-09-22 12:33:06,920 - INFO - Product scraped successfully: https://houseofrohl.com/cayo-pullout-kitchen-faucet-stainless-steel-finish-cy101ss/
2026-09-22 12:33:06,920 - INFO - Opening URL: https://houseofrohl.com/cayo-pullout-kitchen-faucet-chrome-cy101c/
2026-09-22 12:33:09,241 - INFO - Product scraped successfully: https://houseofrohl.com/cayo-pullout-kitchen-faucet-chrome-cy101c/
2026-09-22 12:33:09,241 - INFO - Opening URL: https://houseofrohl.com/cayo-pullout-bar-and-food-prep-kitchen-faucet-stainless-steel-finish-cy601ss/
2026-09-22 12:33:12,846 - INFO - Product scraped successfully: https://houseofrohl.com/cayo-pullout-bar-and-food-prep-kitchen-faucet-stainless-steel-finish-cy601ss/
2026-09-22 12:33:12,846 - INFO - Opening URL: https://houseofrohl.com/cayo-pullout-bar-and-food-prep-kitchen-faucet-chrome-cy601c/
2026-09-22 12:33:16,182 - INFO - Product scraped successfully: https://houseofrohl.com/cayo-pullout-bar-and-food-prep-kitchen-faucet-chrome-cy601c/
2026-09-22 12:33:16,182 - INFO - Opening URL: https://houseofrohl.com/ludik-pulldown-kitchen-faucet-stainless-steel-finish-lk101ss/
2026-09-22 12:33:19,289 - INFO - Product scraped successfully: https://houseofrohl.com/ludik-pulldown-kitchen-faucet-stainless-steel-finish-lk101ss/
2026-09-22 12:33:19,289 - INFO - Opening URL: https://houseofrohl.com/mythic-pulldown-kitchen-faucet-stainless-steel-finish-my101ss/
2026-09-22 12:33:22,339 - INFO - Product scraped successfully: https://houseofrohl.com/mythic-pulldown-kitchen-faucet-stainless-steel-finish-my101ss/
2026-09-22 12:33:22,339 - INFO - Opening URL: https://houseofrohl.com/mythic-pulldown-kitchen-faucet-chrome-my101c/
2026-09-22 12:33:25,198 - INFO - Product scraped successfully: https://houseofrohl.com/mythic-pulldown-kitchen-faucet-chrome-my101c/
2026-09-22 12:33:25,198 - INFO - Opening URL: https://houseofrohl.com/trattoria-pulldown-kitchen-faucet-with-c-spout-chrome-ttrd101c/
2026-09-22 12:33:28,920 - INFO - Product scraped successfully: https://houseofrohl.com/trattoria-pulldown-kitchen-faucet-with-c-spout-chrome-ttrd101c/
2026-09-22 12:33:28,920 - INFO - Opening URL: https://houseofrohl.com/trattoria-pulldown-kitchen-faucet-with-u-spout-chrome-ttsq101c/
2026-09-22 12:33:31,859 - INFO - Product scraped successfully: https://houseofrohl.com/trattoria-pulldown-kitchen-faucet-with-u-spout-chrome-ttsq101c/
2026-09-22 12:33:31,859 - INFO - Opening URL: https://houseofrohl.com/trattoria-pulldown-kitchen-faucet-with-c-spout-stainless-steel-finish-ttrd101ss/
2026-09-22 12:33:34,835 - INFO - Product scraped successfully: https://houseofrohl.com/trattoria-pulldown-kitchen-faucet-with-c-spout-stainless-steel-finish-ttrd101ss/
2026-09-22 12:33:34,835 - INFO - Opening URL: https://houseofrohl.com/trattoria-pulldown-kitchen-faucet-with-u-spout-stainless-steel-finish-ttsq101ss/
2026-09-22 12:33:38,114 - INFO - Product scraped successfully: https://houseofrohl.com/trattoria-pulldown-kitchen-faucet-with-u-spout-stainless-steel-finish-ttsq101ss/
2026-09-22 12:33:38,114 - INFO - Opening URL: https://houseofrohl.com/georgian-era-pulldown-touchless-faucet-polished-chrome-u-4734apc-2/
2026-09-22 12:33:41,373 - INFO - Product scraped successfully: https://houseofrohl.com/georgian-era-pulldown-touchless-faucet-polished-chrome-u-4734apc-2/
2026-09-22 12:33:41,373 - INFO - Opening URL: https://houseofrohl.com/holborn-pulldown-touchless-faucet-polished-chrome-with-lever-handle-u-4034ls-apc-2/
2026-09-22 12:33:44,476 - INFO - Product scraped successfully: https://houseofrohl.com/holborn-pulldown-touchless-faucet-polished-chrome-with-lever-handle-u-4034ls-apc-2/
2026-09-22 12:33:44,476 - INFO - Opening URL: https://houseofrohl.com/lux-side-handle-bar-and-food-prep-stainless-steel-pulldown-faucet-polished-chrome-with-lever-handle-r7519apc/
2026-09-22 12:33:47,862 - INFO - Product scraped successfully: https://houseofrohl.com/lux-side-handle-bar-and-food-prep-stainless-steel-pulldown-faucet-polished-chrome-with-lever-handle-r7519apc/
2026-09-22 12:33:47,862 - INFO - Opening URL: https://houseofrohl.com/lux-side-handle-stainless-steel-pulldown-kitchen-faucet-polished-chrome-with-lever-handle-r7520apc/
2026-09-22 12:33:52,213 - INFO - Product scraped successfully: https://houseofrohl.com/lux-side-handle-stainless-steel-pulldown-kitchen-faucet-polished-chrome-with-lever-handle-r7520apc/
2026-09-22 12:33:52,213 - INFO - Opening URL: https://houseofrohl.com/lux-side-handle-stainless-steel-pro-pulldown-kitchen-faucet-polished-chrome-with-lever-handle-r7521apc/
2026-09-22 12:33:55,459 - INFO - Product scraped successfully: https://houseofrohl.com/lux-side-handle-stainless-steel-pro-pulldown-kitchen-faucet-polished-chrome-with-lever-handle-r7521apc/
2026-09-22 12:33:55,459 - INFO - Opening URL: https://houseofrohl.com/tuario-pulldown-faucet-c-spout-polished-chrome-with-matte-black-accents-with-lever-handle-tr55d1lbapc/
2026-09-22 12:33:58,544 - INFO - Product scraped successfully: https://houseofrohl.com/tuario-pulldown-faucet-c-spout-polished-chrome-with-matte-black-accents-with-lever-handle-tr55d1lbapc/
2026-09-22 12:33:58,544 - INFO - Opening URL: https://houseofrohl.com/tuario-bar-and-food-prep-faucet-u-spout-polished-chrome-with-matte-black-accents-with-lever-handle-tr61d1lbapc/
2026-09-22 12:34:01,703 - INFO - Product scraped successfully: https://houseofrohl.com/tuario-bar-and-food-prep-faucet-u-spout-polished-chrome-with-matte-black-accents-with-lever-handle-tr61d1lbapc/
2026-09-22 12:34:01,703 - INFO - Opening URL: https://houseofrohl.com/tuario-pulldown-bar-and-food-prep-faucet-c-spout-polished-chrome-with-matte-black-accents-with-lever-handle-tr65d1lbapc/
2026-09-22 12:34:04,720 - INFO - Product scraped successfully: https://houseofrohl.com/tuario-pulldown-bar-and-food-prep-faucet-c-spout-polished-chrome-with-matte-black-accents-with-lever-handle-tr65d1lbapc/
2026-09-22 12:34:04,720 - INFO - Opening URL: https://houseofrohl.com/azure-pull-down-touchless-kitchen-faucet-with-c-spout-chrome-model-number-az211c/
2026-09-22 12:34:08,896 - INFO - Product scraped successfully: https://houseofrohl.com/azure-pull-down-touchless-kitchen-faucet-with-c-spout-chrome-model-number-az211c/
2026-09-22 12:34:08,896 - INFO - Opening URL: https://houseofrohl.com/azure-pull-down-touchless-kitchen-faucet-with-c-spout-stainless-steel-model-number-az211ss/
2026-09-22 12:34:12,421 - INFO - Product scraped successfully: https://houseofrohl.com/azure-pull-down-touchless-kitchen-faucet-with-c-spout-stainless-steel-model-number-az211ss/
2026-09-22 12:34:12,421 - INFO - Opening URL: https://houseofrohl.com/campo-pull-down-kitchen-faucet-polished-chrome-model-number-cp56d1iwapc/
2026-09-22 12:34:15,417 - INFO - Product scraped successfully: https://houseofrohl.com/campo-pull-down-kitchen-faucet-polished-chrome-model-number-cp56d1iwapc/
2026-09-22 12:34:15,417 - INFO - Opening URL: https://houseofrohl.com/eclissi-pull-down-kitchen-faucet-with-c-spout-less-handle-polished-chrome-model-number-ec55d1apc/
2026-09-22 12:34:18,971 - INFO - Product scraped successfully: https://houseofrohl.com/eclissi-pull-down-kitchen-faucet-with-c-spout-less-handle-polished-chrome-model-number-ec55d1apc/
2026-09-22 12:34:18,971 - INFO - Opening URL: https://houseofrohl.com/eclissi-pull-down-kitchen-faucet-with-u-spout-less-handle-polished-chrome-model-number-ec56d1apc/
2026-09-22 12:34:22,087 - INFO - Product scraped successfully: https://houseofrohl.com/eclissi-pull-down-kitchen-faucet-with-u-spout-less-handle-polished-chrome-model-number-ec56d1apc/
2026-09-22 12:34:22,087 - INFO - Opening URL: https://houseofrohl.com/eclissi-bar-and-food-prep-kitchen-faucet-with-u-spout-less-handle-polished-chrome-model-number-ec60d1apc/
2026-09-22 12:34:25,021 - INFO - Product scraped successfully: https://houseofrohl.com/eclissi-bar-and-food-prep-kitchen-faucet-with-u-spout-less-handle-polished-chrome-model-number-ec60d1apc/
2026-09-22 12:34:25,021 - INFO - Opening URL: https://houseofrohl.com/eclissi-pull-down-bar-and-food-prep-kitchen-faucet-with-c-spout-less-handle-polished-chrome-model-number-ec65d1apc/
2026-09-22 12:34:28,707 - INFO - Product scraped successfully: https://houseofrohl.com/eclissi-pull-down-bar-and-food-prep-kitchen-faucet-with-c-spout-less-handle-polished-chrome-model-number-ec65d1apc/
2026-09-22 12:34:28,707 - INFO - Opening URL: https://houseofrohl.com/graceline-pull-down-kitchen-faucet-with-u-spout-polished-chrome-model-number-mb7956lmapc/
2026-09-22 12:34:31,796 - INFO - Product scraped successfully: https://houseofrohl.com/graceline-pull-down-kitchen-faucet-with-u-spout-polished-chrome-model-number-mb7956lmapc/
2026-09-22 12:34:31,796 - INFO - Opening URL: https://houseofrohl.com/graceline-bar-and-food-prep-kitchen-faucet-with-c-spout-polished-chrome-model-number-mb7960lmapc/
2026-09-22 12:34:34,944 - INFO - Product scraped successfully: https://houseofrohl.com/graceline-bar-and-food-prep-kitchen-faucet-with-c-spout-polished-chrome-model-number-mb7960lmapc/
2026-09-22 12:34:34,944 - INFO - Opening URL: https://houseofrohl.com/myrina-pull-down-kitchen-faucet-with-u-spout-polished-chrome-model-number-my56d1lmapc/
2026-09-22 12:34:38,258 - INFO - Product scraped successfully: https://houseofrohl.com/myrina-pull-down-kitchen-faucet-with-u-spout-polished-chrome-model-number-my56d1lmapc/
2026-09-22 12:34:38,258 - INFO - Opening URL: https://houseofrohl.com/myrina-pull-down-bar-and-food-prep-kitchen-faucet-with-c-spout-polished-chrome-model-number-my65d1lmapc/
2026-09-22 12:34:41,355 - INFO - Product scraped successfully: https://houseofrohl.com/myrina-pull-down-bar-and-food-prep-kitchen-faucet-with-c-spout-polished-chrome-model-number-my65d1lmapc/
2026-09-22 12:34:41,355 - INFO - Opening URL: https://houseofrohl.com/tenerife-pull-down-kitchen-faucet-with-c-spout-polished-chrome-model-number-te55d1lmapc/
2026-09-22 12:34:44,351 - INFO - Product scraped successfully: https://houseofrohl.com/tenerife-pull-down-kitchen-faucet-with-c-spout-polished-chrome-model-number-te55d1lmapc/
2026-09-22 12:34:44,351 - INFO - Opening URL: https://houseofrohl.com/tenerife-pull-down-kitchen-faucet-with-u-spout-polished-chrome-model-number-te56d1lmapc/
2026-09-22 12:34:47,543 - INFO - Product scraped successfully: https://houseofrohl.com/tenerife-pull-down-kitchen-faucet-with-u-spout-polished-chrome-model-number-te56d1lmapc/
2026-09-22 12:34:47,543 - INFO - Opening URL: https://houseofrohl.com/tenerife-pull-down-bar-and-food-prep-kitchen-faucet-with-c-spout-polished-chrome-model-number-te65d1lmapc/
2026-09-22 12:34:50,538 - INFO - Product scraped successfully: https://houseofrohl.com/tenerife-pull-down-bar-and-food-prep-kitchen-faucet-with-c-spout-polished-chrome-model-number-te65d1lmapc/
2026-09-22 12:34:50,538 - INFO - Opening URL: https://houseofrohl.com/trattoria-pull-down-touchless-kitchen-faucet-with-c-spout-chrome-model-number-ttrd111c/
2026-09-22 12:34:53,521 - INFO - Product scraped successfully: https://houseofrohl.com/trattoria-pull-down-touchless-kitchen-faucet-with-c-spout-chrome-model-number-ttrd111c/
2026-09-22 12:34:53,521 - INFO - Opening URL: https://houseofrohl.com/trattoria-pull-down-touchless-kitchen-faucet-with-c-spout-stainless-steel-model-number-ttrd111ss/
2026-09-22 12:34:56,417 - INFO - Product scraped successfully: https://houseofrohl.com/trattoria-pull-down-touchless-kitchen-faucet-with-c-spout-stainless-steel-model-number-ttrd111ss/
2026-09-22 12:34:56,417 - INFO - Opening URL: https://houseofrohl.com/trattoria-pull-down-touchless-kitchen-faucet-with-u-spout-chrome-model-number-ttsq111c/
2026-09-22 12:34:59,360 - INFO - Product scraped successfully: https://houseofrohl.com/trattoria-pull-down-touchless-kitchen-faucet-with-u-spout-chrome-model-number-ttsq111c/
2026-09-22 12:34:59,360 - INFO - Opening URL: https://houseofrohl.com/trattoria-pull-down-touchless-kitchen-faucet-with-u-spout-stainless-steel-model-number-ttsq111ss/
2026-09-22 12:35:01,658 - INFO - Product scraped successfully: https://houseofrohl.com/trattoria-pull-down-touchless-kitchen-faucet-with-u-spout-stainless-steel-model-number-ttsq111ss/
2026-09-22 12:35:01,658 - INFO - Opening URL: https://houseofrohl.com/filtration-system-for-hot-water-and-kitchen-filter-faucets-model-number-u-1408/
2026-09-22 12:35:09,978 - INFO - Product scraped successfully: https://houseofrohl.com/filtration-system-for-hot-water-and-kitchen-filter-faucets-model-number-u-1408/
2026-09-22 12:35:09,978 - INFO - Opening URL: https://houseofrohl.com/armstrong-filter-kitchen-faucet-polished-chrome-model-number-u-1633ht-apc-2/
2026-09-22 12:35:12,998 - INFO - Product scraped successfully: https://houseofrohl.com/armstrong-filter-kitchen-faucet-polished-chrome-model-number-u-1633ht-apc-2/
2026-09-22 12:35:12,999 - INFO - Opening URL: https://houseofrohl.com/armstrong-hot-water-and-kitchen-filter-faucet-polished-chrome-model-number-u-1833ht-apc-2/
2026-09-22 12:35:16,324 - INFO - Product scraped successfully: https://houseofrohl.com/armstrong-hot-water-and-kitchen-filter-faucet-polished-chrome-model-number-u-1833ht-apc-2/
2026-09-22 12:35:16,324 - INFO - Opening URL: https://houseofrohl.com/holborn-pull-down-kitchen-faucet-with-u-spout-polished-chrome-model-number-u-4046l-apc-2/
2026-09-22 12:35:19,355 - INFO - Product scraped successfully: https://houseofrohl.com/holborn-pull-down-kitchen-faucet-with-u-spout-polished-chrome-model-number-u-4046l-apc-2/
2026-09-22 12:35:19,355 - INFO - Opening URL: https://houseofrohl.com/armstrong-pull-down-kitchen-faucet-with-u-spout-polished-chrome-model-number-u-4546ht-apc-2/
2026-09-22 12:35:22,474 - INFO - Product scraped successfully: https://houseofrohl.com/armstrong-pull-down-kitchen-faucet-with-u-spout-polished-chrome-model-number-u-4546ht-apc-2/
2026-09-22 12:35:22,474 - INFO - Opening URL: https://houseofrohl.com/armstrong-pull-down-bridge-kitchen-faucet-with-u-spout-polished-chrome-model-number-u-4551ht-apc-2/
2026-09-22 12:35:25,744 - INFO - Product scraped successfully: https://houseofrohl.com/armstrong-pull-down-bridge-kitchen-faucet-with-u-spout-polished-chrome-model-number-u-4551ht-apc-2/
2026-09-22 12:35:25,744 - INFO - Opening URL: https://houseofrohl.com/lux-c-spout-filter-faucet-brushed-stainless-steel-with-metal-lever-handle-r7517sb
2026-09-22 12:35:28,755 - INFO - Product scraped successfully: https://houseofrohl.com/lux-c-spout-filter-faucet-brushed-stainless-steel-with-metal-lever-handle-r7517sb
2026-09-22 12:35:28,755 - INFO - Opening URL: https://houseofrohl.com/lux-side-handle-stainless-steel-pulldown-kitchen-faucet-brushed-stainless-steel-with-lever-handle-r7520sb
2026-09-22 12:35:31,781 - INFO - Product scraped successfully: https://houseofrohl.com/lux-side-handle-stainless-steel-pulldown-kitchen-faucet-brushed-stainless-steel-with-lever-handle-r7520sb
2026-09-22 12:35:31,781 - INFO - Opening URL: https://houseofrohl.com/lux-side-handle-bar-and-food-prep-stainless-steel-pulldown-faucet-brushed-stainless-steel-with-lever-handle-r7519sb
2026-09-22 12:35:35,127 - INFO - Product scraped successfully: https://houseofrohl.com/lux-side-handle-bar-and-food-prep-stainless-steel-pulldown-faucet-brushed-stainless-steel-with-lever-handle-r7519sb
2026-09-22 12:35:35,129 - INFO - Opening URL: https://houseofrohl.com/lux-side-handle-stainless-steel-pro-pulldown-kitchen-faucet-brushed-stainless-steel-with-lever-handle-r7521sb
2026-09-22 12:35:38,310 - INFO - Product scraped successfully: https://houseofrohl.com/lux-side-handle-stainless-steel-pro-pulldown-kitchen-faucet-brushed-stainless-steel-with-lever-handle-r7521sb
2026-09-22 12:35:38,310 - INFO - Opening URL: https://houseofrohl.com/lux-c-spout-filter-faucet-brushed-stainless-steel-with-metal-lever-handle-rkit7517sb
2026-09-22 12:35:43,366 - INFO - Product scraped successfully: https://houseofrohl.com/lux-c-spout-filter-faucet-brushed-stainless-steel-with-metal-lever-handle-rkit7517sb
2026-09-22 12:35:43,366 - INFO - Opening URL: https://houseofrohl.com/apothecary-pull-down-touchless-kitchen-faucet-polished-chrome-ap53d1lmapc/
2026-09-22 12:35:50,506 - INFO - Product scraped successfully: https://houseofrohl.com/apothecary-pull-down-touchless-kitchen-faucet-polished-chrome-ap53d1lmapc/
2026-09-22 12:35:50,506 - INFO - Opening URL: https://houseofrohl.com/apothecary-pull-down-kitchen-faucet-with-c-spout-polished-chrome-ap55d1lmapc/
2026-09-22 12:35:53,547 - INFO - Product scraped successfully: https://houseofrohl.com/apothecary-pull-down-kitchen-faucet-with-c-spout-polished-chrome-ap55d1lmapc/
2026-09-22 12:35:53,547 - INFO - Opening URL: https://houseofrohl.com/apothecary-pull-down-kitchen-faucet-with-u-spout-polished-chrome-ap56d1lmapc/
2026-09-22 12:35:56,850 - INFO - Product scraped successfully: https://houseofrohl.com/apothecary-pull-down-kitchen-faucet-with-u-spout-polished-chrome-ap56d1lmapc/
2026-09-22 12:35:56,850 - INFO - Opening URL: https://houseofrohl.com/apothecary-pre-rinse-infinite-control-kitchen-faucet-polished-chrome-ap59d1lmapc/
2026-09-22 12:35:59,984 - INFO - Product scraped successfully: https://houseofrohl.com/apothecary-pre-rinse-infinite-control-kitchen-faucet-polished-chrome-ap59d1lmapc/
2026-09-22 12:35:59,984 - INFO - Opening URL: https://houseofrohl.com/apothecary-bar-food-prep-kitchen-faucet-polished-chrome-ap60d1lmapc/
2026-09-22 12:36:04,525 - INFO - Product scraped successfully: https://houseofrohl.com/apothecary-bar-food-prep-kitchen-faucet-polished-chrome-ap60d1lmapc/
2026-09-22 12:36:04,525 - INFO - Opening URL: https://houseofrohl.com/apothecary-pull-down-bar-food-prep-kitchen-faucet-polished-chrome-ap65d1lmapc/
2026-09-22 12:36:11,337 - INFO - Product scraped successfully: https://houseofrohl.com/apothecary-pull-down-bar-food-prep-kitchen-faucet-polished-chrome-ap65d1lmapc/
2026-09-22 12:36:11,337 - INFO - Opening URL: https://houseofrohl.com/apothecary-filter-kitchen-faucet-polished-chrome-ap70d1lmapc/
2026-09-22 12:36:14,650 - INFO - Product scraped successfully: https://houseofrohl.com/apothecary-filter-kitchen-faucet-polished-chrome-ap70d1lmapc/
2026-09-22 12:36:14,650 - INFO - Opening URL: https://houseofrohl.com/azure-pull-down-kitchen-faucet-with-u-spout-chrome-azsq201c/
2026-09-22 12:36:17,681 - INFO - Product scraped successfully: https://houseofrohl.com/azure-pull-down-kitchen-faucet-with-u-spout-chrome-azsq201c/
2026-09-22 12:36:17,681 - INFO - Opening URL: https://houseofrohl.com/azure-pull-down-kitchen-faucet-with-u-spout-stainless-steel-azsq201ss/
2026-09-22 12:36:20,580 - INFO - Product scraped successfully: https://houseofrohl.com/azure-pull-down-kitchen-faucet-with-u-spout-stainless-steel-azsq201ss/
2026-09-22 12:36:20,580 - INFO - Opening URL: https://houseofrohl.com/campo-filter-kitchen-faucet-polished-chrome-cp70d1lmapc/
2026-09-22 12:36:23,970 - INFO - Product scraped successfully: https://houseofrohl.com/campo-filter-kitchen-faucet-polished-chrome-cp70d1lmapc/
2026-09-22 12:36:23,976 - INFO - Opening URL: https://houseofrohl.com/lombardia-filter-kitchen-faucet-polished-chrome-lb70d1lmapc/
2026-09-22 12:36:27,043 - INFO - Product scraped successfully: https://houseofrohl.com/lombardia-filter-kitchen-faucet-polished-chrome-lb70d1lmapc/
2026-09-22 12:36:27,043 - INFO - Opening URL: https://houseofrohl.com/lateral-pull-down-kitchen-faucet-with-single-spray-chrome-lt101c/
2026-09-22 12:36:30,042 - INFO - Product scraped successfully: https://houseofrohl.com/lateral-pull-down-kitchen-faucet-with-single-spray-chrome-lt101c/
2026-09-22 12:36:30,042 - INFO - Opening URL: https://houseofrohl.com/lateral-pull-down-kitchen-faucet-with-single-spray-stainless-steel-lt101ss/
2026-09-22 12:36:33,045 - INFO - Product scraped successfully: https://houseofrohl.com/lateral-pull-down-kitchen-faucet-with-single-spray-stainless-steel-lt101ss/
2026-09-22 12:36:33,046 - INFO - Opening URL: https://houseofrohl.com/lateral-pull-down-kitchen-faucet-with-c-spout-chrome-lt201c/
2026-09-22 12:36:35,946 - INFO - Product scraped successfully: https://houseofrohl.com/lateral-pull-down-kitchen-faucet-with-c-spout-chrome-lt201c/
2026-09-22 12:36:35,946 - INFO - Opening URL: https://houseofrohl.com/lateral-pull-down-kitchen-faucet-with-c-spout-stainless-steel-lt201ss/
2026-09-22 12:36:38,294 - INFO - Product scraped successfully: https://houseofrohl.com/lateral-pull-down-kitchen-faucet-with-c-spout-stainless-steel-lt201ss/
2026-09-22 12:36:38,295 - INFO - Opening URL: https://houseofrohl.com/lateral-pull-down-touchless-kitchen-faucet-with-c-spout-chrome-lt211c/
2026-09-22 12:36:41,874 - INFO - Product scraped successfully: https://houseofrohl.com/lateral-pull-down-touchless-kitchen-faucet-with-c-spout-chrome-lt211c/
2026-09-22 12:36:41,875 - INFO - Opening URL: https://houseofrohl.com/lateral-pull-down-touchless-kitchen-faucet-with-c-spout-stainless-steel-lt211ss/
2026-09-22 12:36:44,303 - INFO - Product scraped successfully: https://houseofrohl.com/lateral-pull-down-touchless-kitchen-faucet-with-c-spout-stainless-steel-lt211ss/
2026-09-22 12:36:44,303 - INFO - Opening URL: https://houseofrohl.com/lateral-bridge-pull-down-kitchen-faucet-with-c-spout-chrome-lt400c/
2026-09-22 12:36:47,794 - INFO - Product scraped successfully: https://houseofrohl.com/lateral-bridge-pull-down-kitchen-faucet-with-c-spout-chrome-lt400c/
2026-09-22 12:36:47,794 - INFO - Opening URL: https://houseofrohl.com/lateral-bridge-pull-down-kitchen-faucet-with-c-spout-stainless-steel-lt400ss/
2026-09-22 12:36:50,186 - INFO - Product scraped successfully: https://houseofrohl.com/lateral-bridge-pull-down-kitchen-faucet-with-c-spout-stainless-steel-lt400ss/
2026-09-22 12:36:50,186 - INFO - Opening URL: https://houseofrohl.com/lateral-bar-food-prep-kitchen-faucet-with-c-spout-chrome-lt601c/
2026-09-22 12:36:53,432 - INFO - Product scraped successfully: https://houseofrohl.com/lateral-bar-food-prep-kitchen-faucet-with-c-spout-chrome-lt601c/
2026-09-22 12:36:53,432 - INFO - Opening URL: https://houseofrohl.com/lateral-bar-food-prep-kitchen-faucet-with-c-spout-stainless-steel-lt601ss/
2026-09-22 12:36:56,485 - INFO - Product scraped successfully: https://houseofrohl.com/lateral-bar-food-prep-kitchen-faucet-with-c-spout-stainless-steel-lt601ss/
2026-09-22 12:36:56,485 - INFO - Opening URL: https://houseofrohl.com/lateral-two-handle-pull-down-kitchen-faucet-with-c-spout-chrome-lt801c/
2026-09-22 12:36:59,514 - INFO - Product scraped successfully: https://houseofrohl.com/lateral-two-handle-pull-down-kitchen-faucet-with-c-spout-chrome-lt801c/
2026-09-22 12:36:59,514 - INFO - Opening URL: https://houseofrohl.com/lateral-two-handle-pull-down-kitchen-faucet-with-c-spout-stainless-steel-lt801ss/
2026-09-22 12:37:02,463 - INFO - Product scraped successfully: https://houseofrohl.com/lateral-two-handle-pull-down-kitchen-faucet-with-c-spout-stainless-steel-lt801ss/
2026-09-22 12:37:02,463 - INFO - Opening URL: https://houseofrohl.com/lateral-pull-down-kitchen-faucet-with-u-spout-chrome-ltsq201c/
2026-09-22 12:37:05,601 - INFO - Product scraped successfully: https://houseofrohl.com/lateral-pull-down-kitchen-faucet-with-u-spout-chrome-ltsq201c/
2026-09-22 12:37:05,601 - INFO - Opening URL: https://houseofrohl.com/lateral-pull-down-kitchen-faucet-with-u-spout-stainless-steel-ltsq201ss/
2026-09-22 12:37:08,501 - INFO - Product scraped successfully: https://houseofrohl.com/lateral-pull-down-kitchen-faucet-with-u-spout-stainless-steel-ltsq201ss/
2026-09-22 12:37:08,501 - INFO - Opening URL: https://houseofrohl.com/graceline-filter-kitchen-faucet-polished-chrome-mb70d1lmapc/
2026-09-22 12:37:11,504 - INFO - Product scraped successfully: https://houseofrohl.com/graceline-filter-kitchen-faucet-polished-chrome-mb70d1lmapc/
2026-09-22 12:37:11,504 - INFO - Opening URL: https://houseofrohl.com/pirellone-filter-kitchen-faucet-polished-chrome-pi70d1lmapc/
2026-09-22 12:37:14,550 - INFO - Product scraped successfully: https://houseofrohl.com/pirellone-filter-kitchen-faucet-polished-chrome-pi70d1lmapc/
2026-09-22 12:37:14,550 - INFO - Opening URL: https://houseofrohl.com/tenerife-filter-kitchen-faucet-polished-chrome-te70d1lmapc/
2026-09-22 12:37:24,741 - INFO - Product scraped successfully: https://houseofrohl.com/tenerife-filter-kitchen-faucet-polished-chrome-te70d1lmapc/
2026-09-22 12:37:24,742 - INFO - Opening URL: https://houseofrohl.com/southbank-hot-water-and-kitchen-filter-faucet-kit-polished-chrome-ukitsb72d1lmapc/
2026-09-22 12:37:31,807 - INFO - Product scraped successfully: https://houseofrohl.com/southbank-hot-water-and-kitchen-filter-faucet-kit-polished-chrome-ukitsb72d1lmapc/
2026-09-22 12:37:31,807 - INFO - Opening URL: https://houseofrohl.com/southbank-pull-down-touchless-kitchen-faucet-polished-chrome-usb53d1lmapc/
2026-09-22 12:37:34,924 - INFO - Product scraped successfully: https://houseofrohl.com/southbank-pull-down-touchless-kitchen-faucet-polished-chrome-usb53d1lmapc/
2026-09-22 12:37:34,924 - INFO - Opening URL: https://houseofrohl.com/southbank-pull-down-kitchen-faucet-polished-chrome-usb55d1lmapc/
2026-09-22 12:37:38,383 - INFO - Product scraped successfully: https://houseofrohl.com/southbank-pull-down-kitchen-faucet-polished-chrome-usb55d1lmapc/
2026-09-22 12:37:38,383 - INFO - Opening URL: https://houseofrohl.com/southbank-bridge-kitchen-faucet-with-side-spray-polished-chrome-usb57d3lmapc/
2026-09-22 12:37:41,877 - INFO - Product scraped successfully: https://houseofrohl.com/southbank-bridge-kitchen-faucet-with-side-spray-polished-chrome-usb57d3lmapc/
2026-09-22 12:37:41,879 - INFO - Opening URL: https://houseofrohl.com/southbank-pull-down-bridge-kitchen-faucet-polished-chrome-usb58d3lmapc/
2026-09-22 12:37:45,089 - INFO - Product scraped successfully: https://houseofrohl.com/southbank-pull-down-bridge-kitchen-faucet-polished-chrome-usb58d3lmapc/
2026-09-22 12:37:45,089 - INFO - Opening URL: https://houseofrohl.com/southbank-bar-food-prep-kitchen-faucet-polished-chrome-usb60d1lmapc/
2026-09-22 12:37:48,182 - INFO - Product scraped successfully: https://houseofrohl.com/southbank-bar-food-prep-kitchen-faucet-polished-chrome-usb60d1lmapc/
2026-09-22 12:37:48,182 - INFO - Opening URL: https://houseofrohl.com/southbank-hot-water-and-kitchen-filter-faucet-polished-chrome-with-metal-lever-handle-usb72d1lmapc/
2026-09-22 12:37:51,148 - INFO - Product scraped successfully: https://houseofrohl.com/southbank-hot-water-and-kitchen-filter-faucet-polished-chrome-with-metal-lever-handle-usb72d1lmapc/
2026-09-22 12:37:51,148 - INFO - Opening URL: https://houseofrohl.com/apothecary-bridge-pull-down-kitchen-faucet-polished-chrome-ap58d3lmapc/
2026-09-22 12:37:54,108 - INFO - Product scraped successfully: https://houseofrohl.com/apothecary-bridge-pull-down-kitchen-faucet-polished-chrome-ap58d3lmapc/
2026-09-22 12:37:54,108 - INFO - Opening URL: https://houseofrohl.com/apothecary-bridge-pull-down-kitchen-faucet-polished-chrome-ap58d3xmapc/
2026-09-22 12:37:57,206 - INFO - Product scraped successfully: https://houseofrohl.com/apothecary-bridge-pull-down-kitchen-faucet-polished-chrome-ap58d3xmapc/
2026-09-22 12:37:57,206 - INFO - Opening URL: https://houseofrohl.com/authentica-pull-down-kitchen-faucet-with-single-spray-chrome-au101c/
2026-09-22 12:38:00,992 - INFO - Product scraped successfully: https://houseofrohl.com/authentica-pull-down-kitchen-faucet-with-single-spray-chrome-au101c/
2026-09-22 12:38:00,992 - INFO - Opening URL: https://houseofrohl.com/authentica-pull-down-kitchen-faucet-with-single-spray-stainless-steel-au101ss/
2026-09-22 12:38:03,345 - INFO - Product scraped successfully: https://houseofrohl.com/authentica-pull-down-kitchen-faucet-with-single-spray-stainless-steel-au101ss/
2026-09-22 12:38:03,345 - INFO - Opening URL: https://houseofrohl.com/authentica-pull-down-kitchen-faucet-with-c-spout-stainless-steel-au201ss/
2026-09-22 12:38:06,373 - INFO - Product scraped successfully: https://houseofrohl.com/authentica-pull-down-kitchen-faucet-with-c-spout-stainless-steel-au201ss/
2026-09-22 12:38:06,373 - INFO - Opening URL: https://houseofrohl.com/authentica-pull-down-kitchen-faucet-with-c-spout-chrome-au201c/
2026-09-22 12:38:09,314 - INFO - Product scraped successfully: https://houseofrohl.com/authentica-pull-down-kitchen-faucet-with-c-spout-chrome-au201c/
2026-09-22 12:38:09,314 - INFO - Opening URL: https://houseofrohl.com/authentica-pull-down-touchless-kitchen-faucet-stainless-steel-au211ss/
2026-09-22 12:38:12,535 - INFO - Product scraped successfully: https://houseofrohl.com/authentica-pull-down-touchless-kitchen-faucet-stainless-steel-au211ss/
2026-09-22 12:38:12,535 - INFO - Opening URL: https://houseofrohl.com/authentica-pull-down-touchless-kitchen-faucet-chrome-au211c/
2026-09-22 12:38:15,719 - INFO - Product scraped successfully: https://houseofrohl.com/authentica-pull-down-touchless-kitchen-faucet-chrome-au211c/
2026-09-22 12:38:15,719 - INFO - Opening URL: https://houseofrohl.com/authentica-pre-rinse-pull-down-kitchen-faucet-chrome-au221c/
2026-09-22 12:38:18,697 - INFO - Product scraped successfully: https://houseofrohl.com/authentica-pre-rinse-pull-down-kitchen-faucet-chrome-au221c/
2026-09-22 12:38:18,698 - INFO - Opening URL: https://houseofrohl.com/authentica-pre-rinse-pull-down-kitchen-faucet-stainless-steel-au221ss/
2026-09-22 12:38:21,762 - INFO - Product scraped successfully: https://houseofrohl.com/authentica-pre-rinse-pull-down-kitchen-faucet-stainless-steel-au221ss/
2026-09-22 12:38:21,762 - INFO - Opening URL: https://houseofrohl.com/authentica-bar-food-prep-kitchen-faucet-with-c-spout-chrome-au601c/
2026-09-22 12:38:25,165 - INFO - Product scraped successfully: https://houseofrohl.com/authentica-bar-food-prep-kitchen-faucet-with-c-spout-chrome-au601c/
2026-09-22 12:38:25,165 - INFO - Opening URL: https://houseofrohl.com/authentica-filter-kitchen-faucet-stainless-steel-au701ss/
2026-09-22 12:38:28,972 - INFO - Product scraped successfully: https://houseofrohl.com/authentica-filter-kitchen-faucet-stainless-steel-au701ss/
2026-09-22 12:38:28,972 - INFO - Opening URL: https://houseofrohl.com/authentica-filter-kitchen-faucet-chrome-au701c/
2026-09-22 12:38:32,459 - INFO - Product scraped successfully: https://houseofrohl.com/authentica-filter-kitchen-faucet-chrome-au701c/
2026-09-22 12:38:32,459 - INFO - Opening URL: https://houseofrohl.com/authentica-two-handle-pull-down-kitchen-faucet-with-c-spout-chrome-au801c/
2026-09-22 12:38:35,555 - INFO - Product scraped successfully: https://houseofrohl.com/authentica-two-handle-pull-down-kitchen-faucet-with-c-spout-chrome-au801c/
2026-09-22 12:38:35,555 - INFO - Opening URL: https://houseofrohl.com/authentica-two-handle-pull-down-kitchen-faucet-with-c-spout-stainless-steel-au801ss/
2026-09-22 12:38:38,549 - INFO - Product scraped successfully: https://houseofrohl.com/authentica-two-handle-pull-down-kitchen-faucet-with-c-spout-stainless-steel-au801ss/
2026-09-22 12:38:38,549 - INFO - Opening URL: https://houseofrohl.com/authentica-pull-down-kitchen-faucet-with-u-spout-chrome-ausq201c/
2026-09-22 12:38:41,501 - INFO - Product scraped successfully: https://houseofrohl.com/authentica-pull-down-kitchen-faucet-with-u-spout-chrome-ausq201c/
2026-09-22 12:38:41,501 - INFO - Opening URL: https://houseofrohl.com/authentica-pull-down-kitchen-faucet-with-u-spout-stainless-steel-ausq201ss/
2026-09-22 12:38:44,732 - INFO - Product scraped successfully: https://houseofrohl.com/authentica-pull-down-kitchen-faucet-with-u-spout-stainless-steel-ausq201ss/
2026-09-22 12:38:44,732 - INFO - Opening URL: https://houseofrohl.com/joli-pull-down-kitchen-faucet-stainless-steel-jl101ss/
2026-09-22 12:38:47,721 - INFO - Product scraped successfully: https://houseofrohl.com/joli-pull-down-kitchen-faucet-stainless-steel-jl101ss/
2026-09-22 12:38:47,721 - INFO - Opening URL: https://houseofrohl.com/joli-pull-down-kitchen-faucet-chrome-jl101c/
2026-09-22 12:38:50,662 - INFO - Product scraped successfully: https://houseofrohl.com/joli-pull-down-kitchen-faucet-chrome-jl101c/
2026-09-22 12:38:50,662 - INFO - Opening URL: https://houseofrohl.com/arca-filter-kitchen-faucet-stainless-steel-model-number-aa701ss/
2026-09-22 12:38:53,744 - INFO - Product scraped successfully: https://houseofrohl.com/arca-filter-kitchen-faucet-stainless-steel-model-number-aa701ss/
2026-09-22 12:38:53,744 - INFO - Opening URL: https://houseofrohl.com/transitional-reverse-osmosis-beverage-faucet-chrome-model-number-tn731c/
2026-09-22 12:38:56,789 - INFO - Product scraped successfully: https://houseofrohl.com/transitional-reverse-osmosis-beverage-faucet-chrome-model-number-tn731c/
2026-09-22 12:38:56,789 - INFO - Opening URL: https://houseofrohl.com/transitional-reverse-osmosis-beverage-faucet-stainless-steel-model-number-tn731ss/
2026-09-22 12:38:59,264 - INFO - Product scraped successfully: https://houseofrohl.com/transitional-reverse-osmosis-beverage-faucet-stainless-steel-model-number-tn731ss/
2026-09-22 12:38:59,264 - INFO - Opening URL: https://houseofrohl.com/arca-pull-down-kitchen-faucet-with-single-spray-stainless-steel-model-number-aa101ss/
2026-09-22 12:39:02,357 - INFO - Product scraped successfully: https://houseofrohl.com/arca-pull-down-kitchen-faucet-with-single-spray-stainless-steel-model-number-aa101ss/
2026-09-22 12:39:02,357 - INFO - Opening URL: https://houseofrohl.com/arca-pull-down-kitchen-faucet-with-u-spout-stainless-steel-model-number-aasq201ss/
2026-09-22 12:39:05,428 - INFO - Product scraped successfully: https://houseofrohl.com/arca-pull-down-kitchen-faucet-with-u-spout-stainless-steel-model-number-aasq201ss/
2026-09-22 12:39:05,428 - INFO - Opening URL: https://houseofrohl.com/arca-pull-down-kitchen-faucet-with-c-spout-stainless-steel-model-number-aa201ss/
2026-09-22 12:39:08,500 - INFO - Product scraped successfully: https://houseofrohl.com/arca-pull-down-kitchen-faucet-with-c-spout-stainless-steel-model-number-aa201ss/
2026-09-22 12:39:08,500 - INFO - Opening URL: https://houseofrohl.com/arca-pull-down-kitchen-faucet-with-single-spray-chrome-model-number-aa101c/
2026-09-22 12:39:11,807 - INFO - Product scraped successfully: https://houseofrohl.com/arca-pull-down-kitchen-faucet-with-single-spray-chrome-model-number-aa101c/
2026-09-22 12:39:11,807 - INFO - Opening URL: https://houseofrohl.com/arca-bar-food-prep-kitchen-faucet-with-c-spout-chrome-model-number-aa601c/
2026-09-22 12:39:14,761 - INFO - Product scraped successfully: https://houseofrohl.com/arca-bar-food-prep-kitchen-faucet-with-c-spout-chrome-model-number-aa601c/
2026-09-22 12:39:14,762 - INFO - Opening URL: https://houseofrohl.com/arca-pull-down-touchless-kitchen-faucet-with-c-spout-stainless-model-number-aa211ss/
2026-09-22 12:39:17,883 - INFO - Product scraped successfully: https://houseofrohl.com/arca-pull-down-touchless-kitchen-faucet-with-c-spout-stainless-model-number-aa211ss/
2026-09-22 12:39:17,883 - INFO - Opening URL: https://houseofrohl.com/arca-filter-kitchen-faucet-chrome-model-number-aa701c/
2026-09-22 12:39:20,971 - INFO - Product scraped successfully: https://houseofrohl.com/arca-filter-kitchen-faucet-chrome-model-number-aa701c/
2026-09-22 12:39:20,971 - INFO - Opening URL: https://houseofrohl.com/arca-pull-down-kitchen-faucet-with-u-spout-chrome-model-number-aasq201c/
2026-09-22 12:39:23,919 - INFO - Product scraped successfully: https://houseofrohl.com/arca-pull-down-kitchen-faucet-with-u-spout-chrome-model-number-aasq201c/
2026-09-22 12:39:23,919 - INFO - Opening URL: https://houseofrohl.com/arca-pull-down-kitchen-faucet-with-c-spout-chrome-model-number-aa201c/
2026-09-22 12:39:26,830 - INFO - Product scraped successfully: https://houseofrohl.com/arca-pull-down-kitchen-faucet-with-c-spout-chrome-model-number-aa201c/
2026-09-22 12:39:26,830 - INFO - Opening URL: https://houseofrohl.com/arca-bar-food-prep-kitchen-faucet-with-c-spout-stainless-steel-model-number-aa601ss/
2026-09-22 12:39:29,764 - INFO - Product scraped successfully: https://houseofrohl.com/arca-bar-food-prep-kitchen-faucet-with-c-spout-stainless-steel-model-number-aa601ss/
2026-09-22 12:39:29,764 - INFO - Opening URL: https://houseofrohl.com/arca-pull-down-touchless-kitchen-faucet-with-c-spout-chrome-model-number-aa211c/
2026-09-22 12:39:32,149 - INFO - Product scraped successfully: https://houseofrohl.com/arca-pull-down-touchless-kitchen-faucet-with-c-spout-chrome-model-number-aa211c/
2026-09-22 12:39:32,149 - INFO - Opening URL: https://houseofrohl.com/authentica-bar-food-prep-kitchen-faucet-with-c-spout-stainless-steel-model-number-au601ss/
2026-09-22 12:39:35,695 - INFO - Product scraped successfully: https://houseofrohl.com/authentica-bar-food-prep-kitchen-faucet-with-c-spout-stainless-steel-model-number-au601ss/
2026-09-22 12:39:38,468 - INFO - Details saved successfully. Total products: 251
2026-09-22 13:06:09,058 - INFO - Total product URLs loaded: 251
2026-09-22 13:06:11,044 - INFO - Opening URL: https://houseofrohl.com/holborn-c-spout-hot-water-faucet-tank-and-filter-kit-polished-chrome-with-metal-lever-handle-u-kit1347ls-apc-2/
2026-09-22 13:06:29,681 - INFO - Product scraped successfully: https://houseofrohl.com/holborn-c-spout-hot-water-faucet-tank-and-filter-kit-polished-chrome-with-metal-lever-handle-u-kit1347ls-apc-2/
2026-09-22 13:06:29,681 - INFO - Opening URL: https://houseofrohl.com/holborn-c-spout-filter-faucet-polished-chrome-with-metal-lever-handle-u-1601l-apc-2/
2026-09-22 13:06:35,023 - INFO - Product scraped successfully: https://houseofrohl.com/holborn-c-spout-filter-faucet-polished-chrome-with-metal-lever-handle-u-1601l-apc-2/
2026-09-22 13:06:35,023 - INFO - Opening URL: https://houseofrohl.com/holborn-c-spout-filter-faucet-polished-chrome-with-metal-lever-handle-u-kit1601l-apc-2/
2026-09-22 13:06:50,177 - INFO - Product scraped successfully: https://houseofrohl.com/holborn-c-spout-filter-faucet-polished-chrome-with-metal-lever-handle-u-kit1601l-apc-2/
2026-09-22 13:06:50,177 - INFO - Opening URL: https://houseofrohl.com/holborn-u-spout-bridge-kitchen-faucet-with-sidespray-polished-chrome-with-metal-lever-handle-u-4279ls-apc-2/
2026-09-22 13:07:11,066 - INFO - Product scraped successfully: https://houseofrohl.com/holborn-u-spout-bridge-kitchen-faucet-with-sidespray-polished-chrome-with-metal-lever-handle-u-4279ls-apc-2/
2026-09-22 13:07:11,066 - INFO - Opening URL: https://houseofrohl.com/holborn-c-spout-hot-water-faucet-polished-chrome-with-metal-lever-handle-u-1347ls-apc-2/
2026-09-22 13:07:14,623 - INFO - Product scraped successfully: https://houseofrohl.com/holborn-c-spout-hot-water-faucet-polished-chrome-with-metal-lever-handle-u-1347ls-apc-2/
2026-09-22 13:07:14,623 - INFO - Opening URL: https://houseofrohl.com/holborn-u-spout-bridge-kitchen-faucet-with-sidespray-polished-chrome-with-cross-handle-u-4278x-apc-2/
2026-09-22 13:07:18,501 - INFO - Product scraped successfully: https://houseofrohl.com/holborn-u-spout-bridge-kitchen-faucet-with-sidespray-polished-chrome-with-cross-handle-u-4278x-apc-2/
2026-09-22 13:07:18,501 - INFO - Opening URL: https://houseofrohl.com/holborn-bridge-kitchen-faucet-with-sidespray-polished-chrome-with-metal-lever-handle-u-4273ls-apc-2/
2026-09-22 13:07:28,130 - INFO - Product scraped successfully: https://houseofrohl.com/holborn-bridge-kitchen-faucet-with-sidespray-polished-chrome-with-metal-lever-handle-u-4273ls-apc-2/
2026-09-22 13:07:28,130 - INFO - Opening URL: https://houseofrohl.com/holborn-single-hole-bar-and-food-prep-faucet-with-round-body-and-c-spout-polished-chrome-with-metal-lever-handle-u-4213ls-apc-2/
2026-09-22 13:07:32,693 - INFO - Product scraped successfully: https://houseofrohl.com/holborn-single-hole-bar-and-food-prep-faucet-with-round-body-and-c-spout-polished-chrome-with-metal-lever-handle-u-4213ls-apc-2/
2026-09-22 13:07:32,693 - INFO - Opening URL: https://houseofrohl.com/holborn-single-hole-bar-and-food-prep-faucet-with-c-spout-polished-chrome-with-metal-lever-handle-u-4842ls-apc-2/
2026-09-22 13:07:35,117 - INFO - Product scraped successfully: https://houseofrohl.com/holborn-single-hole-bar-and-food-prep-faucet-with-c-spout-polished-chrome-with-metal-lever-handle-u-4842ls-apc-2/
2026-09-22 13:07:35,117 - INFO - Opening URL: https://houseofrohl.com/holborn-single-hole-c-spout-kitchen-faucet-with-round-body-and-sidespray-polished-chrome-with-metal-lever-handle-u-4312ls-apc-2/
2026-09-22 13:07:40,865 - INFO - Product scraped successfully: https://houseofrohl.com/holborn-single-hole-c-spout-kitchen-faucet-with-round-body-and-sidespray-polished-chrome-with-metal-lever-handle-u-4312ls-apc-2/
2026-09-22 13:07:40,865 - INFO - Opening URL: https://houseofrohl.com/holborn-single-hole-kitchen-faucet-with-c-spout-and-sidespray-polished-chrome-with-metal-lever-handle-u-4846ls-apc-2/
2026-09-22 13:07:46,198 - INFO - Product scraped successfully: https://houseofrohl.com/holborn-single-hole-kitchen-faucet-with-c-spout-and-sidespray-polished-chrome-with-metal-lever-handle-u-4846ls-apc-2/
2026-09-22 13:07:46,198 - INFO - Opening URL: https://houseofrohl.com/lux-contemporary-c-spout-hot-water-faucet-tank-and-filter-kit-polished-chrome-with-metal-lever-handle-gkit7545lmapc-2/
2026-09-22 13:07:50,327 - INFO - Product scraped successfully: https://houseofrohl.com/lux-contemporary-c-spout-hot-water-faucet-tank-and-filter-kit-polished-chrome-with-metal-lever-handle-gkit7545lmapc-2/
2026-09-22 13:07:50,327 - INFO - Opening URL: https://houseofrohl.com/lux-c-spout-filter-faucet-polished-chrome-with-metal-lever-handle-r7517apc/
2026-09-22 13:07:54,498 - INFO - Product scraped successfully: https://houseofrohl.com/lux-c-spout-filter-faucet-polished-chrome-with-metal-lever-handle-r7517apc/
2026-09-22 13:07:54,498 - INFO - Opening URL: https://houseofrohl.com/lux-c-spout-filter-faucet-polished-chrome-with-metal-lever-handle-rkit7517apc/
2026-09-22 13:07:56,908 - INFO - Product scraped successfully: https://houseofrohl.com/lux-c-spout-filter-faucet-polished-chrome-with-metal-lever-handle-rkit7517apc/
2026-09-22 13:07:56,908 - INFO - Opening URL: https://houseofrohl.com/lux-pulldown-bar-and-food-prep-faucet-polished-chrome-with-metal-lever-handle-r7515slmapc-2/
2026-09-22 13:08:00,523 - INFO - Product scraped successfully: https://houseofrohl.com/lux-pulldown-bar-and-food-prep-faucet-polished-chrome-with-metal-lever-handle-r7515slmapc-2/
2026-09-22 13:08:00,523 - INFO - Opening URL: https://houseofrohl.com/modern-lux-pulldown-bar-and-food-prep-faucet-polished-chrome-with-metal-lever-handle-r7581slmapc-2/
2026-09-22 13:08:02,950 - INFO - Product scraped successfully: https://houseofrohl.com/modern-lux-pulldown-bar-and-food-prep-faucet-polished-chrome-with-metal-lever-handle-r7581slmapc-2/
2026-09-22 13:08:02,950 - INFO - Opening URL: https://houseofrohl.com/modern-lux-pulldown-bar-and-food-prep-faucet-stainless-steel-with-metal-lever-handle-r7581slmss-2/
2026-09-22 13:08:05,135 - INFO - Product scraped successfully: https://houseofrohl.com/modern-lux-pulldown-bar-and-food-prep-faucet-stainless-steel-with-metal-lever-handle-r7581slmss-2/
2026-09-22 13:08:05,135 - INFO - Opening URL: https://houseofrohl.com/lux-contemporary-c-spout-hot-water-faucet-polished-chrome-with-metal-lever-handle-g7545lmapc-2/
2026-09-22 13:08:07,397 - INFO - Product scraped successfully: https://houseofrohl.com/lux-contemporary-c-spout-hot-water-faucet-polished-chrome-with-metal-lever-handle-g7545lmapc-2/
2026-09-22 13:08:07,397 - INFO - Opening URL: https://houseofrohl.com/pirellone-side-lever-bar-and-food-prep-faucet-polished-chrome-with-metal-lever-handle-ls53l-apc-2/
2026-09-22 13:08:09,665 - INFO - Product scraped successfully: https://houseofrohl.com/pirellone-side-lever-bar-and-food-prep-faucet-polished-chrome-with-metal-lever-handle-ls53l-apc-2/
2026-09-22 13:08:09,665 - INFO - Opening URL: https://houseofrohl.com/pirellone-side-lever-pro-pulldown-kitchen-faucet-polished-chrome-with-metal-lever-handle-ls64l-apc-2/
2026-09-22 13:08:19,520 - INFO - Product scraped successfully: https://houseofrohl.com/pirellone-side-lever-pro-pulldown-kitchen-faucet-polished-chrome-with-metal-lever-handle-ls64l-apc-2/
2026-09-22 13:08:19,520 - INFO - Opening URL: https://houseofrohl.com/pirellone-side-lever-pulldown-high-spout-kitchen-faucet-polished-chrome-with-metal-lever-handle-ls57l-apc-2/
2026-09-22 13:08:21,871 - INFO - Product scraped successfully: https://houseofrohl.com/pirellone-side-lever-pulldown-high-spout-kitchen-faucet-polished-chrome-with-metal-lever-handle-ls57l-apc-2/
2026-09-22 13:08:21,871 - INFO - Opening URL: https://houseofrohl.com/modern-lux-pulldown-kitchen-faucet-stainless-steel-with-metal-lever-handle-r7581lmss-2/
2026-09-22 13:08:24,358 - INFO - Product scraped successfully: https://houseofrohl.com/modern-lux-pulldown-kitchen-faucet-stainless-steel-with-metal-lever-handle-r7581lmss-2/
2026-09-22 13:08:24,358 - INFO - Opening URL: https://houseofrohl.com/modern-lux-pulldown-kitchen-faucet-polished-chrome-with-metal-lever-handle-r7581lmapc-2/
2026-09-22 13:08:26,605 - INFO - Product scraped successfully: https://houseofrohl.com/modern-lux-pulldown-kitchen-faucet-polished-chrome-with-metal-lever-handle-r7581lmapc-2/
2026-09-22 13:08:26,605 - INFO - Opening URL: https://houseofrohl.com/pirellone-pulldown-side-lever-kitchen-faucet-polished-chrome-with-metal-lever-handle-cy57l-apc-2/
2026-09-22 13:08:28,927 - INFO - Product scraped successfully: https://houseofrohl.com/pirellone-pulldown-side-lever-kitchen-faucet-polished-chrome-with-metal-lever-handle-cy57l-apc-2/
2026-09-22 13:08:28,928 - INFO - Opening URL: https://houseofrohl.com/pirellone-2-lever-pulldown-kitchen-faucet-polished-chrome-with-metal-lever-handle-cy657l-apc-2/
2026-09-22 13:08:31,419 - INFO - Product scraped successfully: https://houseofrohl.com/pirellone-2-lever-pulldown-kitchen-faucet-polished-chrome-with-metal-lever-handle-cy657l-apc-2/
2026-09-22 13:08:31,419 - INFO - Opening URL: https://houseofrohl.com/lombardia-pulldown-bar-and-food-prep-faucet-polished-chrome-with-metal-lever-handle-a3430slmapc-2/
2026-09-22 13:08:33,862 - INFO - Product scraped successfully: https://houseofrohl.com/lombardia-pulldown-bar-and-food-prep-faucet-polished-chrome-with-metal-lever-handle-a3430slmapc-2/
2026-09-22 13:08:33,862 - INFO - Opening URL: https://houseofrohl.com/lombardia-pulldown-kitchen-faucet-polished-chrome-with-metal-lever-handle-a3430lmapc-2/
2026-09-22 13:08:36,169 - INFO - Product scraped successfully: https://houseofrohl.com/lombardia-pulldown-kitchen-faucet-polished-chrome-with-metal-lever-handle-a3430lmapc-2/
2026-09-22 13:08:36,169 - INFO - Opening URL: https://houseofrohl.com/edwardian-column-spout-hot-water-faucet-tank-and-filter-kit-polished-chrome-with-metal-lever-handle-u-kit1323ls-apc-2/
2026-09-22 13:08:38,508 - INFO - Product scraped successfully: https://houseofrohl.com/edwardian-column-spout-hot-water-faucet-tank-and-filter-kit-polished-chrome-with-metal-lever-handle-u-kit1323ls-apc-2/
2026-09-22 13:08:38,508 - INFO - Opening URL: https://houseofrohl.com/georgian-era-c-spout-hot-water-faucet-tank-and-filter-kit-polished-chrome-with-metal-lever-handle-u-kit1307ls-apc-2/
2026-09-22 13:08:42,369 - INFO - Product scraped successfully: https://houseofrohl.com/georgian-era-c-spout-hot-water-faucet-tank-and-filter-kit-polished-chrome-with-metal-lever-handle-u-kit1307ls-apc-2/
2026-09-22 13:08:42,370 - INFO - Opening URL: https://houseofrohl.com/edwardian-column-spout-filter-faucet-polished-chrome-with-metal-lever-handle-u-1621l-apc-2/
2026-09-22 13:08:46,067 - INFO - Product scraped successfully: https://houseofrohl.com/edwardian-column-spout-filter-faucet-polished-chrome-with-metal-lever-handle-u-1621l-apc-2/
2026-09-22 13:08:46,067 - INFO - Opening URL: https://houseofrohl.com/edwardian-column-spout-filter-faucet-polished-chrome-with-metal-lever-handle-u-kit1621l-apc-2/
2026-09-22 13:08:50,688 - INFO - Product scraped successfully: https://houseofrohl.com/edwardian-column-spout-filter-faucet-polished-chrome-with-metal-lever-handle-u-kit1621l-apc-2/
2026-09-22 13:08:50,688 - INFO - Opening URL: https://houseofrohl.com/georgian-era-filtration-3-lever-bar-and-food-prep-faucet-polished-chrome-with-metal-lever-handle-u-1220ls-apc-2/
2026-09-22 13:08:52,962 - INFO - Product scraped successfully: https://houseofrohl.com/georgian-era-filtration-3-lever-bar-and-food-prep-faucet-polished-chrome-with-metal-lever-handle-u-1220ls-apc-2/
2026-09-22 13:08:52,962 - INFO - Opening URL: https://houseofrohl.com/georgian-era-filtration-3-lever-bar-and-food-prep-faucet-polished-chrome-with-metal-lever-handle-u-kit1220ls-apc-2/
2026-09-22 13:08:55,738 - INFO - Product scraped successfully: https://houseofrohl.com/georgian-era-filtration-3-lever-bar-and-food-prep-faucet-polished-chrome-with-metal-lever-handle-u-kit1220ls-apc-2/
2026-09-22 13:08:55,738 - INFO - Opening URL: https://houseofrohl.com/georgian-era-c-spout-filter-faucet-polished-chrome-with-metal-lever-handle-u-kit1625l-apc-2/
2026-09-22 13:08:59,067 - INFO - Product scraped successfully: https://houseofrohl.com/georgian-era-c-spout-filter-faucet-polished-chrome-with-metal-lever-handle-u-kit1625l-apc-2/
2026-09-22 13:08:59,067 - INFO - Opening URL: https://houseofrohl.com/georgian-era-c-spout-filter-faucet-polished-chrome-with-metal-lever-handle-u-1625l-apc-2/
2026-09-22 13:09:01,524 - INFO - Product scraped successfully: https://houseofrohl.com/georgian-era-c-spout-filter-faucet-polished-chrome-with-metal-lever-handle-u-1625l-apc-2/
2026-09-22 13:09:01,524 - INFO - Opening URL: https://houseofrohl.com/edwardian-column-spout-hot-water-faucet-polished-chrome-with-metal-lever-handle-u-1323ls-apc-2/
2026-09-22 13:09:04,233 - INFO - Product scraped successfully: https://houseofrohl.com/edwardian-column-spout-hot-water-faucet-polished-chrome-with-metal-lever-handle-u-1323ls-apc-2/
2026-09-22 13:09:04,233 - INFO - Opening URL: https://houseofrohl.com/georgian-era-c-spout-hot-water-faucet-polished-chrome-with-metal-lever-handle-u-1307ls-apc-2/
2026-09-22 13:09:06,527 - INFO - Product scraped successfully: https://houseofrohl.com/georgian-era-c-spout-hot-water-faucet-polished-chrome-with-metal-lever-handle-u-1307ls-apc-2/
2026-09-22 13:09:06,527 - INFO - Opening URL: https://houseofrohl.com/edwardian-single-hole-bar-and-food-prep-faucet-with-lever-handles-polished-chrome-with-metal-lever-handle-u-4759apc-2/
2026-09-22 13:09:09,114 - INFO - Product scraped successfully: https://houseofrohl.com/edwardian-single-hole-bar-and-food-prep-faucet-with-lever-handles-polished-chrome-with-metal-lever-handle-u-4759apc-2/
2026-09-22 13:09:09,114 - INFO - Opening URL: https://houseofrohl.com/edwardian-single-lever-single-hole-bar-and-food-prep-faucet-polished-chrome-with-metal-lever-handle-u-4739apc-2/
2026-09-22 13:09:12,671 - INFO - Product scraped successfully: https://houseofrohl.com/edwardian-single-lever-single-hole-bar-and-food-prep-faucet-polished-chrome-with-metal-lever-handle-u-4739apc-2/
2026-09-22 13:09:12,671 - INFO - Opening URL: https://houseofrohl.com/edwardian-single-hole-kitchen-faucet-with-lever-handles-and-sidespray-polished-chrome-with-metal-lever-handle-u-4766apc-2/
2026-09-22 13:09:17,092 - INFO - Product scraped successfully: https://houseofrohl.com/edwardian-single-hole-kitchen-faucet-with-lever-handles-and-sidespray-polished-chrome-with-metal-lever-handle-u-4766apc-2/
2026-09-22 13:09:17,092 - INFO - Opening URL: https://houseofrohl.com/edwardian-bridge-kitchen-faucet-with-sidespray-polished-chrome-with-metal-lever-handle-u-4756l-apc-2/
2026-09-22 13:09:19,716 - INFO - Product scraped successfully: https://houseofrohl.com/edwardian-bridge-kitchen-faucet-with-sidespray-polished-chrome-with-metal-lever-handle-u-4756l-apc-2/
2026-09-22 13:09:19,716 - INFO - Opening URL: https://houseofrohl.com/edwardian-single-lever-single-hole-kitchen-faucet-with-sidespray-polished-chrome-with-metal-lever-handle-u-4746apc-2/
2026-09-22 13:09:25,866 - INFO - Product scraped successfully: https://houseofrohl.com/edwardian-single-lever-single-hole-kitchen-faucet-with-sidespray-polished-chrome-with-metal-lever-handle-u-4746apc-2/
2026-09-22 13:09:25,866 - INFO - Opening URL: https://houseofrohl.com/edwardian-bridge-kitchen-faucet-with-sidespray-polished-chrome-with-cross-handle-u-4755x-apc-2/
2026-09-22 13:09:28,199 - INFO - Product scraped successfully: https://houseofrohl.com/edwardian-bridge-kitchen-faucet-with-sidespray-polished-chrome-with-cross-handle-u-4755x-apc-2/
2026-09-22 13:09:28,199 - INFO - Opening URL: https://houseofrohl.com/edwardian-4-hole-kitchen-faucet-with-sidespray-polished-chrome-with-metal-lever-handle-u-4776l-apc-2/
2026-09-22 13:09:34,434 - INFO - Product scraped successfully: https://houseofrohl.com/edwardian-4-hole-kitchen-faucet-with-sidespray-polished-chrome-with-metal-lever-handle-u-4776l-apc-2/
2026-09-22 13:09:34,434 - INFO - Opening URL: https://houseofrohl.com/edwardian-bridge-kitchen-faucet-with-sidespray-polished-chrome-with-cross-handle-u-4763x-apc-2/
2026-09-22 13:09:37,684 - INFO - Product scraped successfully: https://houseofrohl.com/edwardian-bridge-kitchen-faucet-with-sidespray-polished-chrome-with-cross-handle-u-4763x-apc-2/
2026-09-22 13:09:37,684 - INFO - Opening URL: https://houseofrohl.com/georgian-era-bridge-kitchen-faucet-polished-chrome-with-metal-lever-handle-u-4791l-apc-2/
2026-09-22 13:09:41,960 - INFO - Product scraped successfully: https://houseofrohl.com/georgian-era-bridge-kitchen-faucet-polished-chrome-with-metal-lever-handle-u-4791l-apc-2/
2026-09-22 13:09:41,961 - INFO - Opening URL: https://houseofrohl.com/georgian-era-bridge-kitchen-faucet-with-sidespray-polished-chrome-with-metal-lever-handle-u-4719l-apc-2/
2026-09-22 13:09:47,764 - INFO - Product scraped successfully: https://houseofrohl.com/georgian-era-bridge-kitchen-faucet-with-sidespray-polished-chrome-with-metal-lever-handle-u-4719l-apc-2/
2026-09-22 13:09:47,765 - INFO - Opening URL: https://houseofrohl.com/georgian-era-4-hole-c-spout-kitchen-faucet-with-sidespray-polished-chrome-with-metal-lever-handle-u-4736l-apc-2/
2026-09-22 13:09:50,324 - INFO - Product scraped successfully: https://houseofrohl.com/georgian-era-4-hole-c-spout-kitchen-faucet-with-sidespray-polished-chrome-with-metal-lever-handle-u-4736l-apc-2/
2026-09-22 13:09:50,324 - INFO - Opening URL: https://houseofrohl.com/georgian-era-4-hole-c-spout-kitchen-faucet-with-sidespray-polished-chrome-with-cross-handle-u-4735x-apc-2/
2026-09-22 13:09:54,340 - INFO - Product scraped successfully: https://houseofrohl.com/georgian-era-4-hole-c-spout-kitchen-faucet-with-sidespray-polished-chrome-with-cross-handle-u-4735x-apc-2/
2026-09-22 13:09:54,340 - INFO - Opening URL: https://houseofrohl.com/georgian-era-bridge-kitchen-faucet-with-sidespray-polished-chrome-with-cross-handle-u-4718x-apc-2/
2026-09-22 13:10:01,218 - INFO - Product scraped successfully: https://houseofrohl.com/georgian-era-bridge-kitchen-faucet-with-sidespray-polished-chrome-with-cross-handle-u-4718x-apc-2/
2026-09-22 13:10:01,218 - INFO - Opening URL: https://houseofrohl.com/georgian-era-single-lever-single-hole-bar-and-food-prep-faucet-polished-chrome-with-metal-lever-handle-u-4700apc-2/
2026-09-22 13:10:03,584 - INFO - Product scraped successfully: https://houseofrohl.com/georgian-era-single-lever-single-hole-bar-and-food-prep-faucet-polished-chrome-with-metal-lever-handle-u-4700apc-2/
2026-09-22 13:10:03,584 - INFO - Opening URL: https://houseofrohl.com/georgian-era-single-hole-bar-and-food-prep-faucet-polished-chrome-with-metal-lever-handle-u-4711apc-2/
2026-09-22 13:10:08,123 - INFO - Product scraped successfully: https://houseofrohl.com/georgian-era-single-hole-bar-and-food-prep-faucet-polished-chrome-with-metal-lever-handle-u-4711apc-2/
2026-09-22 13:10:08,123 - INFO - Opening URL: https://houseofrohl.com/georgian-era-pulldown-bar-and-food-prep-faucet-polished-chrome-with-metal-lever-handle-u-4743apc-2/
2026-09-22 13:10:11,950 - INFO - Product scraped successfully: https://houseofrohl.com/georgian-era-pulldown-bar-and-food-prep-faucet-polished-chrome-with-metal-lever-handle-u-4743apc-2/
2026-09-22 13:10:11,950 - INFO - Opening URL: https://houseofrohl.com/georgian-era-traditional-pulldown-faucet-polished-chrome-with-metal-lever-handle-u-4744apc-2/
2026-09-22 13:10:16,011 - INFO - Product scraped successfully: https://houseofrohl.com/georgian-era-traditional-pulldown-faucet-polished-chrome-with-metal-lever-handle-u-4744apc-2/
2026-09-22 13:10:16,011 - INFO - Opening URL: https://houseofrohl.com/georgian-era-single-lever-single-hole-kitchen-faucet-with-sidespray-polished-chrome-with-metal-lever-handle-u-4702apc-2/
2026-09-22 13:10:18,588 - INFO - Product scraped successfully: https://houseofrohl.com/georgian-era-single-lever-single-hole-kitchen-faucet-with-sidespray-polished-chrome-with-metal-lever-handle-u-4702apc-2/
2026-09-22 13:10:18,588 - INFO - Opening URL: https://houseofrohl.com/georgian-era-single-hole-kitchen-faucet-with-sidespray-polished-chrome-with-metal-lever-handle-u-4710apc-2/
2026-09-22 13:10:20,878 - INFO - Product scraped successfully: https://houseofrohl.com/georgian-era-single-hole-kitchen-faucet-with-sidespray-polished-chrome-with-metal-lever-handle-u-4710apc-2/
2026-09-22 13:10:20,878 - INFO - Opening URL: https://houseofrohl.com/san-julio-deck-mount-c-spout-3-leg-bridge-kitchen-faucet-with-sidespray-polished-chrome-with-white-porcelain-lever-handle-a1461lpwsapc-2/
2026-09-22 13:10:23,156 - INFO - Product scraped successfully: https://houseofrohl.com/san-julio-deck-mount-c-spout-3-leg-bridge-kitchen-faucet-with-sidespray-polished-chrome-with-white-porcelain-lever-handle-a1461lpwsapc-2/
2026-09-22 13:10:23,156 - INFO - Opening URL: https://houseofrohl.com/san-julio-deck-mount-c-spout-3-leg-bridge-kitchen-faucet-with-sidespray-polished-chrome-with-five-spoke-cross-handle-a1461xwsapc-2/
2026-09-22 13:10:27,060 - INFO - Product scraped successfully: https://houseofrohl.com/san-julio-deck-mount-c-spout-3-leg-bridge-kitchen-faucet-with-sidespray-polished-chrome-with-five-spoke-cross-handle-a1461xwsapc-2/
2026-09-22 13:10:27,060 - INFO - Opening URL: https://houseofrohl.com/san-julio-deck-mount-c-spout-3-leg-bridge-kitchen-faucet-with-sidespray-polished-chrome-with-cross-handle-a1461xmwsapc-2/
2026-09-22 13:10:29,316 - INFO - Product scraped successfully: https://houseofrohl.com/san-julio-deck-mount-c-spout-3-leg-bridge-kitchen-faucet-with-sidespray-polished-chrome-with-cross-handle-a1461xmwsapc-2/
2026-09-22 13:10:29,316 - INFO - Opening URL: https://houseofrohl.com/san-julio-deck-mount-c-spout-3-leg-bridge-kitchen-faucet-with-sidespray-polished-chrome-with-metal-lever-handle-a1461lmwsapc-2/
2026-09-22 13:10:31,872 - INFO - Product scraped successfully: https://houseofrohl.com/san-julio-deck-mount-c-spout-3-leg-bridge-kitchen-faucet-with-sidespray-polished-chrome-with-metal-lever-handle-a1461lmwsapc-2/
2026-09-22 13:10:31,872 - INFO - Opening URL: https://houseofrohl.com/cinquanta-single-hole-column-spout-bar-and-food-prep-faucet-with-sidespray-polished-chrome-with-metal-lever-handle-a3650-6-5lmwsapc-2/
2026-09-22 13:10:34,288 - INFO - Product scraped successfully: https://houseofrohl.com/cinquanta-single-hole-column-spout-bar-and-food-prep-faucet-with-sidespray-polished-chrome-with-metal-lever-handle-a3650-6-5lmwsapc-2/
2026-09-22 13:10:34,288 - INFO - Opening URL: https://houseofrohl.com/cinquanta-single-hole-column-spout-bar-and-food-prep-faucet-polished-chrome-with-white-porcelain-lever-handle-a3650-6-5lpapc-2/
2026-09-22 13:10:36,555 - INFO - Product scraped successfully: https://houseofrohl.com/cinquanta-single-hole-column-spout-bar-and-food-prep-faucet-polished-chrome-with-white-porcelain-lever-handle-a3650-6-5lpapc-2/
2026-09-22 13:10:36,555 - INFO - Opening URL: https://houseofrohl.com/cinquanta-single-hole-column-spout-bar-and-food-prep-faucet-with-sidespray-polished-chrome-with-white-porcelain-lever-handle-a3650-6-5lpwsapc-2/
2026-09-22 13:10:38,904 - INFO - Product scraped successfully: https://houseofrohl.com/cinquanta-single-hole-column-spout-bar-and-food-prep-faucet-with-sidespray-polished-chrome-with-white-porcelain-lever-handle-a3650-6-5lpwsapc-2/
2026-09-22 13:10:38,904 - INFO - Opening URL: https://houseofrohl.com/cinquanta-single-hole-column-spout-bar-and-food-prep-faucet-polished-chrome-with-metal-lever-handle-a3650-6-5lmapc-2/
2026-09-22 13:10:45,095 - INFO - Product scraped successfully: https://houseofrohl.com/cinquanta-single-hole-column-spout-bar-and-food-prep-faucet-polished-chrome-with-metal-lever-handle-a3650-6-5lmapc-2/
2026-09-22 13:10:45,095 - INFO - Opening URL: https://houseofrohl.com/cinquanta-single-hole-column-spout-kitchen-faucet-with-sidespray-and-extended-spout-polished-chrome-with-metal-lever-handle-a3650-11lmwsapc-2/
2026-09-22 13:10:51,908 - INFO - Product scraped successfully: https://houseofrohl.com/cinquanta-single-hole-column-spout-kitchen-faucet-with-sidespray-and-extended-spout-polished-chrome-with-metal-lever-handle-a3650-11lmwsapc-2/
2026-09-22 13:10:51,908 - INFO - Opening URL: https://houseofrohl.com/san-julio-c-spout-filter-faucet-polished-chrome-with-metal-lever-handle-akit1635lmapc-2/
2026-09-22 13:10:56,317 - INFO - Product scraped successfully: https://houseofrohl.com/san-julio-c-spout-filter-faucet-polished-chrome-with-metal-lever-handle-akit1635lmapc-2/
2026-09-22 13:10:56,317 - INFO - Opening URL: https://houseofrohl.com/san-julio-c-spout-filter-faucet-polished-chrome-with-metal-lever-handle-a1635lmapc-2/
2026-09-22 13:10:58,629 - INFO - Product scraped successfully: https://houseofrohl.com/san-julio-c-spout-filter-faucet-polished-chrome-with-metal-lever-handle-a1635lmapc-2/
2026-09-22 13:10:58,629 - INFO - Opening URL: https://houseofrohl.com/san-julio-traditional-c-spout-hot-water-faucet-polished-chrome-with-metal-lever-handle-g1655lmapc-2/
2026-09-22 13:11:00,844 - INFO - Product scraped successfully: https://houseofrohl.com/san-julio-traditional-c-spout-hot-water-faucet-polished-chrome-with-metal-lever-handle-g1655lmapc-2/
2026-09-22 13:11:00,844 - INFO - Opening URL: https://houseofrohl.com/san-julio-traditional-c-spout-hot-water-faucet-tank-and-filter-kit-polished-chrome-with-metal-lever-handle-gkit1655lmapc-2/
2026-09-22 13:11:05,124 - INFO - Product scraped successfully: https://houseofrohl.com/san-julio-traditional-c-spout-hot-water-faucet-tank-and-filter-kit-polished-chrome-with-metal-lever-handle-gkit1655lmapc-2/
2026-09-22 13:11:05,124 - INFO - Opening URL: https://houseofrohl.com/san-julio-single-hole-c-spout-bar-and-food-prep-faucet-polished-chrome-with-metal-lever-handle-a1667lmapc-2/
2026-09-22 13:11:07,544 - INFO - Product scraped successfully: https://houseofrohl.com/san-julio-single-hole-c-spout-bar-and-food-prep-faucet-polished-chrome-with-metal-lever-handle-a1667lmapc-2/
2026-09-22 13:11:07,544 - INFO - Opening URL: https://houseofrohl.com/san-julio-single-hole-c-spout-bar-and-food-prep-faucet-polished-chrome-with-white-porcelain-lever-handle-a1667lpapc-2/
2026-09-22 13:11:09,759 - INFO - Product scraped successfully: https://houseofrohl.com/san-julio-single-hole-c-spout-bar-and-food-prep-faucet-polished-chrome-with-white-porcelain-lever-handle-a1667lpapc-2/
2026-09-22 13:11:09,759 - INFO - Opening URL: https://houseofrohl.com/patrizia-pulldown-bar-and-food-prep-faucet-polished-chrome-with-metal-lever-handle-a3420slmapc-2/
2026-09-22 13:11:12,046 - INFO - Product scraped successfully: https://houseofrohl.com/patrizia-pulldown-bar-and-food-prep-faucet-polished-chrome-with-metal-lever-handle-a3420slmapc-2/
2026-09-22 13:11:12,046 - INFO - Opening URL: https://houseofrohl.com/1983-pulldown-bar-and-food-prep-faucet-stainless-steel-with-metal-lever-handle-r7514slmss-2/
2026-09-22 13:11:16,804 - INFO - Product scraped successfully: https://houseofrohl.com/1983-pulldown-bar-and-food-prep-faucet-stainless-steel-with-metal-lever-handle-r7514slmss-2/
2026-09-22 13:11:16,804 - INFO - Opening URL: https://houseofrohl.com/patrizia-pulldown-faucet-polished-chrome-with-metal-lever-handle-a3420lmapc-2/
2026-09-22 13:11:22,508 - INFO - Product scraped successfully: https://houseofrohl.com/patrizia-pulldown-faucet-polished-chrome-with-metal-lever-handle-a3420lmapc-2/
2026-09-22 13:11:22,508 - INFO - Opening URL: https://houseofrohl.com/1983-pulldown-kitchen-faucet-stainless-steel-with-metal-lever-handle-r7514lmss-2/
2026-09-22 13:11:25,713 - INFO - Product scraped successfully: https://houseofrohl.com/1983-pulldown-kitchen-faucet-stainless-steel-with-metal-lever-handle-r7514lmss-2/
2026-09-22 13:11:25,715 - INFO - Opening URL: https://houseofrohl.com/1983-pulldown-kitchen-faucet-polished-chrome-with-metal-lever-handle-r7514lmapc-2/
2026-09-22 13:11:29,300 - INFO - Product scraped successfully: https://houseofrohl.com/1983-pulldown-kitchen-faucet-polished-chrome-with-metal-lever-handle-r7514lmapc-2/
2026-09-22 13:11:29,300 - INFO - Opening URL: https://houseofrohl.com/1983-pullout-kitchen-faucet-polished-chrome-with-metal-lever-handle-r77v3apc/
2026-09-22 13:11:31,601 - INFO - Product scraped successfully: https://houseofrohl.com/1983-pullout-kitchen-faucet-polished-chrome-with-metal-lever-handle-r77v3apc/
2026-09-22 13:11:31,601 - INFO - Opening URL: https://houseofrohl.com/san-julio-single-hole-c-spout-kitchen-faucet-with-sidespray-polished-chrome-with-metal-lever-handle-a1676lmwsapc-2/
2026-09-22 13:11:33,893 - INFO - Product scraped successfully: https://houseofrohl.com/san-julio-single-hole-c-spout-kitchen-faucet-with-sidespray-polished-chrome-with-metal-lever-handle-a1676lmwsapc-2/
2026-09-22 13:11:33,893 - INFO - Opening URL: https://houseofrohl.com/acqui-wall-mount-column-spout-bridge-kitchen-faucet-polished-chrome-with-metal-lever-handle-a1456lmapc-2/
2026-09-22 13:11:36,192 - INFO - Product scraped successfully: https://houseofrohl.com/acqui-wall-mount-column-spout-bridge-kitchen-faucet-polished-chrome-with-metal-lever-handle-a1456lmapc-2/
2026-09-22 13:11:36,192 - INFO - Opening URL: https://houseofrohl.com/acqui-wall-mount-column-spout-bridge-kitchen-faucet-polished-chrome-with-cross-handle-a1456xmapc-2/
2026-09-22 13:11:40,590 - INFO - Product scraped successfully: https://houseofrohl.com/acqui-wall-mount-column-spout-bridge-kitchen-faucet-polished-chrome-with-cross-handle-a1456xmapc-2/
2026-09-22 13:11:40,590 - INFO - Opening URL: https://houseofrohl.com/acqui-wall-mount-column-spout-bridge-kitchen-faucet-with-sidespray-polished-chrome-with-metal-lever-handle-a1456lmwsapc-2/
2026-09-22 13:11:42,885 - INFO - Product scraped successfully: https://houseofrohl.com/acqui-wall-mount-column-spout-bridge-kitchen-faucet-with-sidespray-polished-chrome-with-metal-lever-handle-a1456lmwsapc-2/
2026-09-22 13:11:42,885 - INFO - Opening URL: https://houseofrohl.com/acqui-wall-mount-column-spout-bridge-kitchen-faucet-polished-chrome-with-white-porcelain-lever-handle-a1456lpapc-2/
2026-09-22 13:11:47,584 - INFO - Product scraped successfully: https://houseofrohl.com/acqui-wall-mount-column-spout-bridge-kitchen-faucet-polished-chrome-with-white-porcelain-lever-handle-a1456lpapc-2/
2026-09-22 13:11:47,584 - INFO - Opening URL: https://houseofrohl.com/acqui-wall-mount-column-spout-bridge-kitchen-faucet-with-sidespray-polished-chrome-with-cross-handle-a1456xmwsapc-2/
2026-09-22 13:11:49,891 - INFO - Product scraped successfully: https://houseofrohl.com/acqui-wall-mount-column-spout-bridge-kitchen-faucet-with-sidespray-polished-chrome-with-cross-handle-a1456xmwsapc-2/
2026-09-22 13:11:49,891 - INFO - Opening URL: https://houseofrohl.com/acqui-wall-mount-column-spout-bridge-kitchen-faucet-with-sidespray-polished-chrome-with-white-porcelain-lever-handle-a1456lpwsapc-2/
2026-09-22 13:11:52,266 - INFO - Product scraped successfully: https://houseofrohl.com/acqui-wall-mount-column-spout-bridge-kitchen-faucet-with-sidespray-polished-chrome-with-white-porcelain-lever-handle-a1456lpwsapc-2/
2026-09-22 13:11:52,266 - INFO - Opening URL: https://houseofrohl.com/acqui-deck-mount-column-spout-3-leg-bridge-kitchen-faucet-with-sidespray-polished-chrome-with-metal-lever-handle-a1458lmwsapc-2/
2026-09-22 13:11:54,571 - INFO - Product scraped successfully: https://houseofrohl.com/acqui-deck-mount-column-spout-3-leg-bridge-kitchen-faucet-with-sidespray-polished-chrome-with-metal-lever-handle-a1458lmwsapc-2/
2026-09-22 13:11:54,571 - INFO - Opening URL: https://houseofrohl.com/acqui-deck-mount-column-spout-3-leg-bridge-kitchen-faucet-with-sidespray-polished-chrome-with-white-porcelain-lever-handle-a1458lpwsapc-2/
2026-09-22 13:11:59,020 - INFO - Product scraped successfully: https://houseofrohl.com/acqui-deck-mount-column-spout-3-leg-bridge-kitchen-faucet-with-sidespray-polished-chrome-with-white-porcelain-lever-handle-a1458lpwsapc-2/
2026-09-22 13:11:59,020 - INFO - Opening URL: https://houseofrohl.com/acqui-deck-mount-column-spout-3-leg-bridge-kitchen-faucet-with-sidespray-polished-chrome-with-cross-handle-a1458xmwsapc-2/
2026-09-22 13:12:01,326 - INFO - Product scraped successfully: https://houseofrohl.com/acqui-deck-mount-column-spout-3-leg-bridge-kitchen-faucet-with-sidespray-polished-chrome-with-cross-handle-a1458xmwsapc-2/
2026-09-22 13:12:01,326 - INFO - Opening URL: https://houseofrohl.com/acqui-column-spout-filter-faucet-polished-chrome-with-white-porcelain-lever-handle-a1435lpapc-2/
2026-09-22 13:12:04,276 - INFO - Product scraped successfully: https://houseofrohl.com/acqui-column-spout-filter-faucet-polished-chrome-with-white-porcelain-lever-handle-a1435lpapc-2/
2026-09-22 13:12:04,276 - INFO - Opening URL: https://houseofrohl.com/acqui-column-spout-filter-faucet-polished-chrome-with-metal-lever-handle-akit1435lmapc-2/
2026-09-22 13:12:08,417 - INFO - Product scraped successfully: https://houseofrohl.com/acqui-column-spout-filter-faucet-polished-chrome-with-metal-lever-handle-akit1435lmapc-2/
2026-09-22 13:12:08,417 - INFO - Opening URL: https://houseofrohl.com/acqui-column-spout-filter-faucet-polished-chrome-with-cross-handle-akit1435xmapc-2/
2026-09-22 13:12:11,786 - INFO - Product scraped successfully: https://houseofrohl.com/acqui-column-spout-filter-faucet-polished-chrome-with-cross-handle-akit1435xmapc-2/
2026-09-22 13:12:11,786 - INFO - Opening URL: https://houseofrohl.com/acqui-column-spout-filter-faucet-polished-chrome-with-metal-lever-handle-a1435lmapc-2/
2026-09-22 13:12:14,177 - INFO - Product scraped successfully: https://houseofrohl.com/acqui-column-spout-filter-faucet-polished-chrome-with-metal-lever-handle-a1435lmapc-2/
2026-09-22 13:12:14,177 - INFO - Opening URL: https://houseofrohl.com/acqui-column-spout-filter-faucet-polished-chrome-with-cross-handle-a1435xmapc-2/
2026-09-22 13:12:16,547 - INFO - Product scraped successfully: https://houseofrohl.com/acqui-column-spout-filter-faucet-polished-chrome-with-cross-handle-a1435xmapc-2/
2026-09-22 13:12:16,547 - INFO - Opening URL: https://houseofrohl.com/acqui-column-spout-filter-faucet-polished-chrome-with-white-porcelain-lever-handle-akit1435lpapc-2/
2026-09-22 13:12:18,846 - INFO - Product scraped successfully: https://houseofrohl.com/acqui-column-spout-filter-faucet-polished-chrome-with-white-porcelain-lever-handle-akit1435lpapc-2/
2026-09-22 13:12:18,846 - INFO - Opening URL: https://houseofrohl.com/acqui-column-spout-hot-water-faucet-tank-and-filter-kit-polished-chrome-with-metal-lever-handle-gkit1445lmapc-2/
2026-09-22 13:12:21,330 - INFO - Product scraped successfully: https://houseofrohl.com/acqui-column-spout-hot-water-faucet-tank-and-filter-kit-polished-chrome-with-metal-lever-handle-gkit1445lmapc-2/
2026-09-22 13:12:21,331 - INFO - Opening URL: https://houseofrohl.com/acqui-column-spout-hot-water-faucet-polished-chrome-with-metal-lever-handle-g1445lmapc-2/
2026-09-22 13:12:23,791 - INFO - Product scraped successfully: https://houseofrohl.com/acqui-column-spout-hot-water-faucet-polished-chrome-with-metal-lever-handle-g1445lmapc-2/
2026-09-22 13:12:23,791 - INFO - Opening URL: https://houseofrohl.com/acqui-single-hole-column-spout-bar-food-prep-faucet-polished-chrome-with-metal-lever-handle-a1680lmapc-2/
2026-09-22 13:12:26,089 - INFO - Product scraped successfully: https://houseofrohl.com/acqui-single-hole-column-spout-bar-food-prep-faucet-polished-chrome-with-metal-lever-handle-a1680lmapc-2/
2026-09-22 13:12:26,089 - INFO - Opening URL: https://houseofrohl.com/acqui-single-hole-column-spout-bar-food-prep-faucet-polished-chrome-with-white-porcelain-lever-handle-a1680lpapc-2/
2026-09-22 13:12:28,457 - INFO - Product scraped successfully: https://houseofrohl.com/acqui-single-hole-column-spout-bar-food-prep-faucet-polished-chrome-with-white-porcelain-lever-handle-a1680lpapc-2/
2026-09-22 13:12:28,457 - INFO - Opening URL: https://houseofrohl.com/acqui-single-hole-column-spout-kitchen-faucet-with-sidespray-polished-chrome-with-white-porcelain-lever-handle-a1679lpwsapc-2/
2026-09-22 13:12:34,396 - INFO - Product scraped successfully: https://houseofrohl.com/acqui-single-hole-column-spout-kitchen-faucet-with-sidespray-polished-chrome-with-white-porcelain-lever-handle-a1679lpwsapc-2/
2026-09-22 13:12:34,396 - INFO - Opening URL: https://houseofrohl.com/acqui-single-hole-column-spout-kitchen-faucet-with-sidespray-polished-chrome-with-metal-lever-handle-a1679lmwsapc-2/
2026-09-22 13:12:36,756 - INFO - Product scraped successfully: https://houseofrohl.com/acqui-single-hole-column-spout-kitchen-faucet-with-sidespray-polished-chrome-with-metal-lever-handle-a1679lmwsapc-2/
2026-09-22 13:12:36,756 - INFO - Opening URL: https://houseofrohl.com/acqui-single-hole-column-spout-kitchen-faucet-with-sidespray-polished-chrome-with-metal-lever-handle-a3608lmwsapc-2/
2026-09-22 13:12:39,134 - INFO - Product scraped successfully: https://houseofrohl.com/acqui-single-hole-column-spout-kitchen-faucet-with-sidespray-polished-chrome-with-metal-lever-handle-a3608lmwsapc-2/
2026-09-22 13:12:39,134 - INFO - Opening URL: https://houseofrohl.com/acqui-single-hole-column-spout-kitchen-faucet-with-sidespray-polished-chrome-with-white-porcelain-lever-handle-a3608lpwsapc-2/
2026-09-22 13:12:44,757 - INFO - Product scraped successfully: https://houseofrohl.com/acqui-single-hole-column-spout-kitchen-faucet-with-sidespray-polished-chrome-with-white-porcelain-lever-handle-a3608lpwsapc-2/
2026-09-22 13:12:44,757 - INFO - Opening URL: https://houseofrohl.com/acqui-single-hole-column-spout-kitchen-faucet-with-sidespray-and-extended-spout-polished-chrome-with-white-porcelain-lever-handle-a3608-11lpwsapc-2/
2026-09-22 13:12:47,052 - INFO - Product scraped successfully: https://houseofrohl.com/acqui-single-hole-column-spout-kitchen-faucet-with-sidespray-and-extended-spout-polished-chrome-with-white-porcelain-lever-handle-a3608-11lpwsapc-2/
2026-09-22 13:12:47,052 - INFO - Opening URL: https://houseofrohl.com/holborn-pulldown-kitchen-faucet-polished-chrome-with-metal-lever-handle-u-4044apc-2/
2026-09-22 13:12:49,445 - INFO - Product scraped successfully: https://houseofrohl.com/holborn-pulldown-kitchen-faucet-polished-chrome-with-metal-lever-handle-u-4044apc-2/
2026-09-22 13:12:49,445 - INFO - Opening URL: https://houseofrohl.com/holborn-pulldown-bar-and-food-prep-faucet-polished-chrome-with-metal-lever-handle-u-4043apc-2/
2026-09-22 13:12:53,727 - INFO - Product scraped successfully: https://houseofrohl.com/holborn-pulldown-bar-and-food-prep-faucet-polished-chrome-with-metal-lever-handle-u-4043apc-2/
2026-09-22 13:12:53,727 - INFO - Opening URL: https://houseofrohl.com/armstrong-pulldown-bar-and-food-prep-faucet-polished-chrome-with-metal-lever-handle-u-4543ht-apc-2/
2026-09-22 13:12:56,036 - INFO - Product scraped successfully: https://houseofrohl.com/armstrong-pulldown-bar-and-food-prep-faucet-polished-chrome-with-metal-lever-handle-u-4543ht-apc-2/
2026-09-22 13:12:56,036 - INFO - Opening URL: https://houseofrohl.com/armstrong-pulldown-touchless-kitchen-faucet-polished-chrome-with-metal-lever-handle-u-4534ht-apc-2/
2026-09-22 13:12:58,434 - INFO - Product scraped successfully: https://houseofrohl.com/armstrong-pulldown-touchless-kitchen-faucet-polished-chrome-with-metal-lever-handle-u-4534ht-apc-2/
2026-09-22 13:12:58,434 - INFO - Opening URL: https://houseofrohl.com/armstrong-bar-and-food-prep-faucet-polished-chrome-with-metal-lever-handle-u-4513ht-apc-2/
2026-09-22 13:13:03,066 - INFO - Product scraped successfully: https://houseofrohl.com/armstrong-bar-and-food-prep-faucet-polished-chrome-with-metal-lever-handle-u-4513ht-apc-2/
2026-09-22 13:13:03,066 - INFO - Opening URL: https://houseofrohl.com/armstrong-bridge-kitchen-faucet-polished-chrome-with-metal-lever-handle-u-4549ht-apc-2/
2026-09-22 13:13:05,356 - INFO - Product scraped successfully: https://houseofrohl.com/armstrong-bridge-kitchen-faucet-polished-chrome-with-metal-lever-handle-u-4549ht-apc-2/
2026-09-22 13:13:05,356 - INFO - Opening URL: https://houseofrohl.com/armstrong-pulldown-kitchen-faucet-polished-chrome-with-metal-lever-handle-u-4544ht-apc-2/
2026-09-22 13:13:07,675 - INFO - Product scraped successfully: https://houseofrohl.com/armstrong-pulldown-kitchen-faucet-polished-chrome-with-metal-lever-handle-u-4544ht-apc-2/
2026-09-22 13:13:07,675 - INFO - Opening URL: https://houseofrohl.com/campo-deck-mount-u-spout-3-leg-bridge-faucet-with-sidespray-polished-chrome-with-industrial-metal-wheel-handle-a3358iwwsapc-2/
2026-09-22 13:13:10,795 - INFO - Product scraped successfully: https://houseofrohl.com/campo-deck-mount-u-spout-3-leg-bridge-faucet-with-sidespray-polished-chrome-with-industrial-metal-wheel-handle-a3358iwwsapc-2/
2026-09-22 13:13:10,796 - INFO - Opening URL: https://houseofrohl.com/campo-deck-mount-u-spout-3-leg-bridge-faucet-with-sidespray-polished-chrome-with-industrial-metal-lever-handle-a3358ilwsapc-2/
2026-09-22 13:13:13,093 - INFO - Product scraped successfully: https://houseofrohl.com/campo-deck-mount-u-spout-3-leg-bridge-faucet-with-sidespray-polished-chrome-with-industrial-metal-lever-handle-a3358ilwsapc-2/
2026-09-22 13:13:13,093 - INFO - Opening URL: https://houseofrohl.com/gotham-c-spout-hot-water-faucet-tank-and-filter-kit-polished-chrome-with-metal-lever-handle-mbkit7945lmapc-2/
2026-09-22 13:13:15,368 - INFO - Product scraped successfully: https://houseofrohl.com/gotham-c-spout-hot-water-faucet-tank-and-filter-kit-polished-chrome-with-metal-lever-handle-mbkit7945lmapc-2/
2026-09-22 13:13:15,368 - INFO - Opening URL: https://houseofrohl.com/gotham-c-spout-filter-faucet-polished-chrome-with-metal-lever-handle-mbkit7917lmapc-2/
2026-09-22 13:13:28,467 - INFO - Product scraped successfully: https://houseofrohl.com/gotham-c-spout-filter-faucet-polished-chrome-with-metal-lever-handle-mbkit7917lmapc-2/
2026-09-22 13:13:28,467 - INFO - Opening URL: https://houseofrohl.com/gotham-c-spout-filter-faucet-polished-chrome-with-metal-lever-handle-mb7917lmapc-2/
2026-09-22 13:13:30,729 - INFO - Product scraped successfully: https://houseofrohl.com/gotham-c-spout-filter-faucet-polished-chrome-with-metal-lever-handle-mb7917lmapc-2/
2026-09-22 13:13:30,729 - INFO - Opening URL: https://houseofrohl.com/campo-side-lever-pulldown-faucet-polished-chrome-with-industrial-metal-lever-handle-a3431ilapc-2/
2026-09-22 13:13:33,129 - INFO - Product scraped successfully: https://houseofrohl.com/campo-side-lever-pulldown-faucet-polished-chrome-with-industrial-metal-lever-handle-a3431ilapc-2/
2026-09-22 13:13:33,129 - INFO - Opening URL: https://houseofrohl.com/gotham-c-spout-hot-water-faucet-polished-chrome-with-metal-lever-handle-mb7945lmapc-2/
2026-09-22 13:13:35,426 - INFO - Product scraped successfully: https://houseofrohl.com/gotham-c-spout-hot-water-faucet-polished-chrome-with-metal-lever-handle-mb7945lmapc-2/
2026-09-22 13:13:35,426 - INFO - Opening URL: https://houseofrohl.com/graceline-pulldown-bar-and-food-prep-faucet-polished-chrome-with-metal-lever-handle-mb7930slmapc-2/
2026-09-22 13:13:37,830 - INFO - Product scraped successfully: https://houseofrohl.com/graceline-pulldown-bar-and-food-prep-faucet-polished-chrome-with-metal-lever-handle-mb7930slmapc-2/
2026-09-22 13:13:37,832 - INFO - Opening URL: https://houseofrohl.com/graceline-pulldown-kitchen-faucet-polished-chrome-with-metal-lever-handle-mb7930lmapc-2/
2026-09-22 13:13:40,164 - INFO - Product scraped successfully: https://houseofrohl.com/graceline-pulldown-kitchen-faucet-polished-chrome-with-metal-lever-handle-mb7930lmapc-2/
2026-09-22 13:13:40,164 - INFO - Opening URL: https://houseofrohl.com/arolla-inline-filter-system-complete-with-cartridge-hrk-2000/
2026-09-22 13:13:42,537 - INFO - Product scraped successfully: https://houseofrohl.com/arolla-inline-filter-system-complete-with-cartridge-hrk-2000/
2026-09-22 13:13:42,537 - INFO - Opening URL: https://houseofrohl.com/1-function-kitchen-handspray-for-series-az-unfinished-4401/
2026-09-22 13:13:44,854 - INFO - Product scraped successfully: https://houseofrohl.com/1-function-kitchen-handspray-for-series-az-unfinished-4401/
2026-09-22 13:13:44,854 - INFO - Opening URL: https://houseofrohl.com/2-function-kitchen-handspray-for-series-az-lk-ttrd-ttsq-unfinished-4381/
2026-09-22 13:13:47,120 - INFO - Product scraped successfully: https://houseofrohl.com/2-function-kitchen-handspray-for-series-az-lk-ttrd-ttsq-unfinished-4381/
2026-09-22 13:13:47,120 - INFO - Opening URL: https://houseofrohl.com/azure-pulldown-kitchen-faucet-chrome-az201c/
2026-09-22 13:13:49,433 - INFO - Product scraped successfully: https://houseofrohl.com/azure-pulldown-kitchen-faucet-chrome-az201c/
2026-09-22 13:13:49,433 - INFO - Opening URL: https://houseofrohl.com/azure-pulldown-kitchen-faucet-stainless-steel-finish-az101ss/
2026-09-22 13:13:51,791 - INFO - Product scraped successfully: https://houseofrohl.com/azure-pulldown-kitchen-faucet-stainless-steel-finish-az101ss/
2026-09-22 13:13:51,791 - INFO - Opening URL: https://houseofrohl.com/azure-pulldown-kitchen-faucet-chrome-az101c/
2026-09-22 13:13:54,007 - INFO - Product scraped successfully: https://houseofrohl.com/azure-pulldown-kitchen-faucet-chrome-az101c/
2026-09-22 13:13:54,007 - INFO - Opening URL: https://houseofrohl.com/azure-bridge-pulldown-kitchen-faucet-stainless-steel-finish-az400ss/
2026-09-22 13:13:56,318 - INFO - Product scraped successfully: https://houseofrohl.com/azure-bridge-pulldown-kitchen-faucet-stainless-steel-finish-az400ss/
2026-09-22 13:13:56,318 - INFO - Opening URL: https://houseofrohl.com/azure-bridge-pulldown-kitchen-faucet-chrome-az400c/
2026-09-22 13:13:58,720 - INFO - Product scraped successfully: https://houseofrohl.com/azure-bridge-pulldown-kitchen-faucet-chrome-az400c/
2026-09-22 13:13:58,822 - INFO - Opening URL: https://houseofrohl.com/azure-pulldown-kitchen-faucet-stainless-steel-finish-az201ss/
2026-09-22 13:14:01,075 - INFO - Product scraped successfully: https://houseofrohl.com/azure-pulldown-kitchen-faucet-stainless-steel-finish-az201ss/
2026-09-22 13:14:01,075 - INFO - Opening URL: https://houseofrohl.com/azure-bar-and-food-prep-kitchen-faucet-stainless-steel-finish-az601ss/
2026-09-22 13:14:03,485 - INFO - Product scraped successfully: https://houseofrohl.com/azure-bar-and-food-prep-kitchen-faucet-stainless-steel-finish-az601ss/
2026-09-22 13:14:03,485 - INFO - Opening URL: https://houseofrohl.com/azure-bar-and-food-prep-kitchen-faucet-chrome-az601c/
2026-09-22 13:14:05,687 - INFO - Product scraped successfully: https://houseofrohl.com/azure-bar-and-food-prep-kitchen-faucet-chrome-az601c/
2026-09-22 13:14:05,687 - INFO - Opening URL: https://houseofrohl.com/azure-filter-kitchen-faucet-chrome-az701c/
2026-09-22 13:14:08,658 - INFO - Product scraped successfully: https://houseofrohl.com/azure-filter-kitchen-faucet-chrome-az701c/
2026-09-22 13:14:08,658 - INFO - Opening URL: https://houseofrohl.com/azure-two-handle-pulldown-kitchen-faucet-stainless-steel-finish-az801ss/
2026-09-22 13:14:11,010 - INFO - Product scraped successfully: https://houseofrohl.com/azure-two-handle-pulldown-kitchen-faucet-stainless-steel-finish-az801ss/
2026-09-22 13:14:11,010 - INFO - Opening URL: https://houseofrohl.com/azure-two-handle-pulldown-kitchen-faucet-chrome-az801c/
2026-09-22 13:14:13,289 - INFO - Product scraped successfully: https://houseofrohl.com/azure-two-handle-pulldown-kitchen-faucet-chrome-az801c/
2026-09-22 13:14:13,289 - INFO - Opening URL: https://houseofrohl.com/azure-filter-kitchen-faucet-stainless-steel-finish-az701ss/
2026-09-22 13:14:15,470 - INFO - Product scraped successfully: https://houseofrohl.com/azure-filter-kitchen-faucet-stainless-steel-finish-az701ss/
2026-09-22 13:14:15,470 - INFO - Opening URL: https://houseofrohl.com/bistro-pulldown-kitchen-faucet-chrome-bi201c/
2026-09-22 13:14:18,286 - INFO - Product scraped successfully: https://houseofrohl.com/bistro-pulldown-kitchen-faucet-chrome-bi201c/
2026-09-22 13:14:18,286 - INFO - Opening URL: https://houseofrohl.com/cayo-pullout-kitchen-faucet-stainless-steel-finish-cy101ss/
2026-09-22 13:14:20,643 - INFO - Product scraped successfully: https://houseofrohl.com/cayo-pullout-kitchen-faucet-stainless-steel-finish-cy101ss/
2026-09-22 13:14:20,643 - INFO - Opening URL: https://houseofrohl.com/cayo-pullout-kitchen-faucet-chrome-cy101c/
2026-09-22 13:14:22,772 - INFO - Product scraped successfully: https://houseofrohl.com/cayo-pullout-kitchen-faucet-chrome-cy101c/
2026-09-22 13:14:22,772 - INFO - Opening URL: https://houseofrohl.com/cayo-pullout-bar-and-food-prep-kitchen-faucet-stainless-steel-finish-cy601ss/
2026-09-22 13:14:25,053 - INFO - Product scraped successfully: https://houseofrohl.com/cayo-pullout-bar-and-food-prep-kitchen-faucet-stainless-steel-finish-cy601ss/
2026-09-22 13:14:25,053 - INFO - Opening URL: https://houseofrohl.com/cayo-pullout-bar-and-food-prep-kitchen-faucet-chrome-cy601c/
2026-09-22 13:14:27,236 - INFO - Product scraped successfully: https://houseofrohl.com/cayo-pullout-bar-and-food-prep-kitchen-faucet-chrome-cy601c/
2026-09-22 13:14:27,237 - INFO - Opening URL: https://houseofrohl.com/ludik-pulldown-kitchen-faucet-stainless-steel-finish-lk101ss/
2026-09-22 13:14:29,533 - INFO - Product scraped successfully: https://houseofrohl.com/ludik-pulldown-kitchen-faucet-stainless-steel-finish-lk101ss/
2026-09-22 13:14:29,533 - INFO - Opening URL: https://houseofrohl.com/mythic-pulldown-kitchen-faucet-stainless-steel-finish-my101ss/
2026-09-22 13:14:31,744 - INFO - Product scraped successfully: https://houseofrohl.com/mythic-pulldown-kitchen-faucet-stainless-steel-finish-my101ss/
2026-09-22 13:14:31,744 - INFO - Opening URL: https://houseofrohl.com/mythic-pulldown-kitchen-faucet-chrome-my101c/
2026-09-22 13:14:33,993 - INFO - Product scraped successfully: https://houseofrohl.com/mythic-pulldown-kitchen-faucet-chrome-my101c/
2026-09-22 13:14:33,993 - INFO - Opening URL: https://houseofrohl.com/trattoria-pulldown-kitchen-faucet-with-c-spout-chrome-ttrd101c/
2026-09-22 13:14:36,371 - INFO - Product scraped successfully: https://houseofrohl.com/trattoria-pulldown-kitchen-faucet-with-c-spout-chrome-ttrd101c/
2026-09-22 13:14:36,371 - INFO - Opening URL: https://houseofrohl.com/trattoria-pulldown-kitchen-faucet-with-u-spout-chrome-ttsq101c/
2026-09-22 13:14:38,789 - INFO - Product scraped successfully: https://houseofrohl.com/trattoria-pulldown-kitchen-faucet-with-u-spout-chrome-ttsq101c/
2026-09-22 13:14:38,789 - INFO - Opening URL: https://houseofrohl.com/trattoria-pulldown-kitchen-faucet-with-c-spout-stainless-steel-finish-ttrd101ss/
2026-09-22 13:14:40,990 - INFO - Product scraped successfully: https://houseofrohl.com/trattoria-pulldown-kitchen-faucet-with-c-spout-stainless-steel-finish-ttrd101ss/
2026-09-22 13:14:40,990 - INFO - Opening URL: https://houseofrohl.com/trattoria-pulldown-kitchen-faucet-with-u-spout-stainless-steel-finish-ttsq101ss/
2026-09-22 13:14:43,208 - INFO - Product scraped successfully: https://houseofrohl.com/trattoria-pulldown-kitchen-faucet-with-u-spout-stainless-steel-finish-ttsq101ss/
2026-09-22 13:14:43,208 - INFO - Opening URL: https://houseofrohl.com/georgian-era-pulldown-touchless-faucet-polished-chrome-u-4734apc-2/
2026-09-22 13:14:45,540 - INFO - Product scraped successfully: https://houseofrohl.com/georgian-era-pulldown-touchless-faucet-polished-chrome-u-4734apc-2/
2026-09-22 13:14:45,540 - INFO - Opening URL: https://houseofrohl.com/holborn-pulldown-touchless-faucet-polished-chrome-with-lever-handle-u-4034ls-apc-2/
2026-09-22 13:14:47,943 - INFO - Product scraped successfully: https://houseofrohl.com/holborn-pulldown-touchless-faucet-polished-chrome-with-lever-handle-u-4034ls-apc-2/
2026-09-22 13:14:47,943 - INFO - Opening URL: https://houseofrohl.com/lux-side-handle-bar-and-food-prep-stainless-steel-pulldown-faucet-polished-chrome-with-lever-handle-r7519apc/
2026-09-22 13:14:50,385 - INFO - Product scraped successfully: https://houseofrohl.com/lux-side-handle-bar-and-food-prep-stainless-steel-pulldown-faucet-polished-chrome-with-lever-handle-r7519apc/
2026-09-22 13:14:50,385 - INFO - Opening URL: https://houseofrohl.com/lux-side-handle-stainless-steel-pulldown-kitchen-faucet-polished-chrome-with-lever-handle-r7520apc/
2026-09-22 13:14:52,713 - INFO - Product scraped successfully: https://houseofrohl.com/lux-side-handle-stainless-steel-pulldown-kitchen-faucet-polished-chrome-with-lever-handle-r7520apc/
2026-09-22 13:14:52,713 - INFO - Opening URL: https://houseofrohl.com/lux-side-handle-stainless-steel-pro-pulldown-kitchen-faucet-polished-chrome-with-lever-handle-r7521apc/
2026-09-22 13:14:55,041 - INFO - Product scraped successfully: https://houseofrohl.com/lux-side-handle-stainless-steel-pro-pulldown-kitchen-faucet-polished-chrome-with-lever-handle-r7521apc/
2026-09-22 13:14:55,041 - INFO - Opening URL: https://houseofrohl.com/tuario-pulldown-faucet-c-spout-polished-chrome-with-matte-black-accents-with-lever-handle-tr55d1lbapc/
2026-09-22 13:14:57,262 - INFO - Product scraped successfully: https://houseofrohl.com/tuario-pulldown-faucet-c-spout-polished-chrome-with-matte-black-accents-with-lever-handle-tr55d1lbapc/
2026-09-22 13:14:57,262 - INFO - Opening URL: https://houseofrohl.com/tuario-bar-and-food-prep-faucet-u-spout-polished-chrome-with-matte-black-accents-with-lever-handle-tr61d1lbapc/
2026-09-22 13:14:59,662 - INFO - Product scraped successfully: https://houseofrohl.com/tuario-bar-and-food-prep-faucet-u-spout-polished-chrome-with-matte-black-accents-with-lever-handle-tr61d1lbapc/
2026-09-22 13:14:59,662 - INFO - Opening URL: https://houseofrohl.com/tuario-pulldown-bar-and-food-prep-faucet-c-spout-polished-chrome-with-matte-black-accents-with-lever-handle-tr65d1lbapc/
2026-09-22 13:15:01,961 - INFO - Product scraped successfully: https://houseofrohl.com/tuario-pulldown-bar-and-food-prep-faucet-c-spout-polished-chrome-with-matte-black-accents-with-lever-handle-tr65d1lbapc/
2026-09-22 13:15:01,961 - INFO - Opening URL: https://houseofrohl.com/azure-pull-down-touchless-kitchen-faucet-with-c-spout-chrome-model-number-az211c/
2026-09-22 13:15:04,266 - INFO - Product scraped successfully: https://houseofrohl.com/azure-pull-down-touchless-kitchen-faucet-with-c-spout-chrome-model-number-az211c/
2026-09-22 13:15:04,266 - INFO - Opening URL: https://houseofrohl.com/azure-pull-down-touchless-kitchen-faucet-with-c-spout-stainless-steel-model-number-az211ss/
2026-09-22 13:15:06,438 - INFO - Product scraped successfully: https://houseofrohl.com/azure-pull-down-touchless-kitchen-faucet-with-c-spout-stainless-steel-model-number-az211ss/
2026-09-22 13:15:06,438 - INFO - Opening URL: https://houseofrohl.com/campo-pull-down-kitchen-faucet-polished-chrome-model-number-cp56d1iwapc/
2026-09-22 13:15:08,830 - INFO - Product scraped successfully: https://houseofrohl.com/campo-pull-down-kitchen-faucet-polished-chrome-model-number-cp56d1iwapc/
2026-09-22 13:15:08,830 - INFO - Opening URL: https://houseofrohl.com/eclissi-pull-down-kitchen-faucet-with-c-spout-less-handle-polished-chrome-model-number-ec55d1apc/
2026-09-22 13:15:11,363 - INFO - Product scraped successfully: https://houseofrohl.com/eclissi-pull-down-kitchen-faucet-with-c-spout-less-handle-polished-chrome-model-number-ec55d1apc/
2026-09-22 13:15:11,363 - INFO - Opening URL: https://houseofrohl.com/eclissi-pull-down-kitchen-faucet-with-u-spout-less-handle-polished-chrome-model-number-ec56d1apc/
2026-09-22 13:15:13,634 - INFO - Product scraped successfully: https://houseofrohl.com/eclissi-pull-down-kitchen-faucet-with-u-spout-less-handle-polished-chrome-model-number-ec56d1apc/
2026-09-22 13:15:13,634 - INFO - Opening URL: https://houseofrohl.com/eclissi-bar-and-food-prep-kitchen-faucet-with-u-spout-less-handle-polished-chrome-model-number-ec60d1apc/
2026-09-22 13:15:16,625 - INFO - Product scraped successfully: https://houseofrohl.com/eclissi-bar-and-food-prep-kitchen-faucet-with-u-spout-less-handle-polished-chrome-model-number-ec60d1apc/
2026-09-22 13:15:16,625 - INFO - Opening URL: https://houseofrohl.com/eclissi-pull-down-bar-and-food-prep-kitchen-faucet-with-c-spout-less-handle-polished-chrome-model-number-ec65d1apc/
2026-09-22 13:15:18,989 - INFO - Product scraped successfully: https://houseofrohl.com/eclissi-pull-down-bar-and-food-prep-kitchen-faucet-with-c-spout-less-handle-polished-chrome-model-number-ec65d1apc/
2026-09-22 13:15:18,989 - INFO - Opening URL: https://houseofrohl.com/graceline-pull-down-kitchen-faucet-with-u-spout-polished-chrome-model-number-mb7956lmapc/
2026-09-22 13:15:21,325 - INFO - Product scraped successfully: https://houseofrohl.com/graceline-pull-down-kitchen-faucet-with-u-spout-polished-chrome-model-number-mb7956lmapc/
2026-09-22 13:15:21,325 - INFO - Opening URL: https://houseofrohl.com/graceline-bar-and-food-prep-kitchen-faucet-with-c-spout-polished-chrome-model-number-mb7960lmapc/
2026-09-22 13:15:28,542 - INFO - Product scraped successfully: https://houseofrohl.com/graceline-bar-and-food-prep-kitchen-faucet-with-c-spout-polished-chrome-model-number-mb7960lmapc/
2026-09-22 13:15:28,542 - INFO - Opening URL: https://houseofrohl.com/myrina-pull-down-kitchen-faucet-with-u-spout-polished-chrome-model-number-my56d1lmapc/
2026-09-22 13:15:30,993 - INFO - Product scraped successfully: https://houseofrohl.com/myrina-pull-down-kitchen-faucet-with-u-spout-polished-chrome-model-number-my56d1lmapc/
2026-09-22 13:15:30,993 - INFO - Opening URL: https://houseofrohl.com/myrina-pull-down-bar-and-food-prep-kitchen-faucet-with-c-spout-polished-chrome-model-number-my65d1lmapc/
2026-09-22 13:15:33,486 - INFO - Product scraped successfully: https://houseofrohl.com/myrina-pull-down-bar-and-food-prep-kitchen-faucet-with-c-spout-polished-chrome-model-number-my65d1lmapc/
2026-09-22 13:15:33,486 - INFO - Opening URL: https://houseofrohl.com/tenerife-pull-down-kitchen-faucet-with-c-spout-polished-chrome-model-number-te55d1lmapc/
2026-09-22 13:15:35,871 - INFO - Product scraped successfully: https://houseofrohl.com/tenerife-pull-down-kitchen-faucet-with-c-spout-polished-chrome-model-number-te55d1lmapc/
2026-09-22 13:15:35,871 - INFO - Opening URL: https://houseofrohl.com/tenerife-pull-down-kitchen-faucet-with-u-spout-polished-chrome-model-number-te56d1lmapc/
2026-09-22 13:15:38,273 - INFO - Product scraped successfully: https://houseofrohl.com/tenerife-pull-down-kitchen-faucet-with-u-spout-polished-chrome-model-number-te56d1lmapc/
2026-09-22 13:15:38,273 - INFO - Opening URL: https://houseofrohl.com/tenerife-pull-down-bar-and-food-prep-kitchen-faucet-with-c-spout-polished-chrome-model-number-te65d1lmapc/
2026-09-22 13:15:40,591 - INFO - Product scraped successfully: https://houseofrohl.com/tenerife-pull-down-bar-and-food-prep-kitchen-faucet-with-c-spout-polished-chrome-model-number-te65d1lmapc/
2026-09-22 13:15:40,591 - INFO - Opening URL: https://houseofrohl.com/trattoria-pull-down-touchless-kitchen-faucet-with-c-spout-chrome-model-number-ttrd111c/
2026-09-22 13:15:42,989 - INFO - Product scraped successfully: https://houseofrohl.com/trattoria-pull-down-touchless-kitchen-faucet-with-c-spout-chrome-model-number-ttrd111c/
2026-09-22 13:15:42,990 - INFO - Opening URL: https://houseofrohl.com/trattoria-pull-down-touchless-kitchen-faucet-with-c-spout-stainless-steel-model-number-ttrd111ss/
2026-09-22 13:15:45,150 - INFO - Product scraped successfully: https://houseofrohl.com/trattoria-pull-down-touchless-kitchen-faucet-with-c-spout-stainless-steel-model-number-ttrd111ss/
2026-09-22 13:15:45,150 - INFO - Opening URL: https://houseofrohl.com/trattoria-pull-down-touchless-kitchen-faucet-with-u-spout-chrome-model-number-ttsq111c/
2026-09-22 13:15:47,674 - INFO - Product scraped successfully: https://houseofrohl.com/trattoria-pull-down-touchless-kitchen-faucet-with-u-spout-chrome-model-number-ttsq111c/
2026-09-22 13:15:47,674 - INFO - Opening URL: https://houseofrohl.com/trattoria-pull-down-touchless-kitchen-faucet-with-u-spout-stainless-steel-model-number-ttsq111ss/
2026-09-22 13:15:51,235 - INFO - Product scraped successfully: https://houseofrohl.com/trattoria-pull-down-touchless-kitchen-faucet-with-u-spout-stainless-steel-model-number-ttsq111ss/
2026-09-22 13:15:51,235 - INFO - Opening URL: https://houseofrohl.com/filtration-system-for-hot-water-and-kitchen-filter-faucets-model-number-u-1408/
2026-09-22 13:15:54,377 - INFO - Product scraped successfully: https://houseofrohl.com/filtration-system-for-hot-water-and-kitchen-filter-faucets-model-number-u-1408/
2026-09-22 13:15:54,377 - INFO - Opening URL: https://houseofrohl.com/armstrong-filter-kitchen-faucet-polished-chrome-model-number-u-1633ht-apc-2/
2026-09-22 13:15:56,659 - INFO - Product scraped successfully: https://houseofrohl.com/armstrong-filter-kitchen-faucet-polished-chrome-model-number-u-1633ht-apc-2/
2026-09-22 13:15:56,659 - INFO - Opening URL: https://houseofrohl.com/armstrong-hot-water-and-kitchen-filter-faucet-polished-chrome-model-number-u-1833ht-apc-2/
2026-09-22 13:15:58,970 - INFO - Product scraped successfully: https://houseofrohl.com/armstrong-hot-water-and-kitchen-filter-faucet-polished-chrome-model-number-u-1833ht-apc-2/
2026-09-22 13:15:58,970 - INFO - Opening URL: https://houseofrohl.com/holborn-pull-down-kitchen-faucet-with-u-spout-polished-chrome-model-number-u-4046l-apc-2/
2026-09-22 13:16:02,106 - INFO - Product scraped successfully: https://houseofrohl.com/holborn-pull-down-kitchen-faucet-with-u-spout-polished-chrome-model-number-u-4046l-apc-2/
2026-09-22 13:16:02,106 - INFO - Opening URL: https://houseofrohl.com/armstrong-pull-down-kitchen-faucet-with-u-spout-polished-chrome-model-number-u-4546ht-apc-2/
2026-09-22 13:16:04,460 - INFO - Product scraped successfully: https://houseofrohl.com/armstrong-pull-down-kitchen-faucet-with-u-spout-polished-chrome-model-number-u-4546ht-apc-2/
2026-09-22 13:16:04,460 - INFO - Opening URL: https://houseofrohl.com/armstrong-pull-down-bridge-kitchen-faucet-with-u-spout-polished-chrome-model-number-u-4551ht-apc-2/
2026-09-22 13:16:07,180 - INFO - Product scraped successfully: https://houseofrohl.com/armstrong-pull-down-bridge-kitchen-faucet-with-u-spout-polished-chrome-model-number-u-4551ht-apc-2/
2026-09-22 13:16:07,180 - INFO - Opening URL: https://houseofrohl.com/lux-c-spout-filter-faucet-brushed-stainless-steel-with-metal-lever-handle-r7517sb
2026-09-22 13:16:09,521 - INFO - Product scraped successfully: https://houseofrohl.com/lux-c-spout-filter-faucet-brushed-stainless-steel-with-metal-lever-handle-r7517sb
2026-09-22 13:16:09,521 - INFO - Opening URL: https://houseofrohl.com/lux-side-handle-stainless-steel-pulldown-kitchen-faucet-brushed-stainless-steel-with-lever-handle-r7520sb
2026-09-22 13:16:11,984 - INFO - Product scraped successfully: https://houseofrohl.com/lux-side-handle-stainless-steel-pulldown-kitchen-faucet-brushed-stainless-steel-with-lever-handle-r7520sb
2026-09-22 13:16:11,984 - INFO - Opening URL: https://houseofrohl.com/lux-side-handle-bar-and-food-prep-stainless-steel-pulldown-faucet-brushed-stainless-steel-with-lever-handle-r7519sb
2026-09-22 13:16:14,553 - INFO - Product scraped successfully: https://houseofrohl.com/lux-side-handle-bar-and-food-prep-stainless-steel-pulldown-faucet-brushed-stainless-steel-with-lever-handle-r7519sb
2026-09-22 13:16:14,553 - INFO - Opening URL: https://houseofrohl.com/lux-side-handle-stainless-steel-pro-pulldown-kitchen-faucet-brushed-stainless-steel-with-lever-handle-r7521sb
2026-09-22 13:16:16,834 - INFO - Product scraped successfully: https://houseofrohl.com/lux-side-handle-stainless-steel-pro-pulldown-kitchen-faucet-brushed-stainless-steel-with-lever-handle-r7521sb
2026-09-22 13:16:16,834 - INFO - Opening URL: https://houseofrohl.com/lux-c-spout-filter-faucet-brushed-stainless-steel-with-metal-lever-handle-rkit7517sb
2026-09-22 13:16:19,245 - INFO - Product scraped successfully: https://houseofrohl.com/lux-c-spout-filter-faucet-brushed-stainless-steel-with-metal-lever-handle-rkit7517sb
2026-09-22 13:16:19,245 - INFO - Opening URL: https://houseofrohl.com/apothecary-pull-down-touchless-kitchen-faucet-polished-chrome-ap53d1lmapc/
2026-09-22 13:16:21,641 - INFO - Product scraped successfully: https://houseofrohl.com/apothecary-pull-down-touchless-kitchen-faucet-polished-chrome-ap53d1lmapc/
2026-09-22 13:16:21,641 - INFO - Opening URL: https://houseofrohl.com/apothecary-pull-down-kitchen-faucet-with-c-spout-polished-chrome-ap55d1lmapc/
2026-09-22 13:16:24,093 - INFO - Product scraped successfully: https://houseofrohl.com/apothecary-pull-down-kitchen-faucet-with-c-spout-polished-chrome-ap55d1lmapc/
2026-09-22 13:16:24,093 - INFO - Opening URL: https://houseofrohl.com/apothecary-pull-down-kitchen-faucet-with-u-spout-polished-chrome-ap56d1lmapc/
2026-09-22 13:16:26,759 - INFO - Product scraped successfully: https://houseofrohl.com/apothecary-pull-down-kitchen-faucet-with-u-spout-polished-chrome-ap56d1lmapc/
2026-09-22 13:16:26,759 - INFO - Opening URL: https://houseofrohl.com/apothecary-pre-rinse-infinite-control-kitchen-faucet-polished-chrome-ap59d1lmapc/
2026-09-22 13:16:29,078 - INFO - Product scraped successfully: https://houseofrohl.com/apothecary-pre-rinse-infinite-control-kitchen-faucet-polished-chrome-ap59d1lmapc/
2026-09-22 13:16:29,078 - INFO - Opening URL: https://houseofrohl.com/apothecary-bar-food-prep-kitchen-faucet-polished-chrome-ap60d1lmapc/
2026-09-22 13:16:34,628 - INFO - Product scraped successfully: https://houseofrohl.com/apothecary-bar-food-prep-kitchen-faucet-polished-chrome-ap60d1lmapc/
2026-09-22 13:16:34,628 - INFO - Opening URL: https://houseofrohl.com/apothecary-pull-down-bar-food-prep-kitchen-faucet-polished-chrome-ap65d1lmapc/
2026-09-22 13:16:37,032 - INFO - Product scraped successfully: https://houseofrohl.com/apothecary-pull-down-bar-food-prep-kitchen-faucet-polished-chrome-ap65d1lmapc/
2026-09-22 13:16:37,032 - INFO - Opening URL: https://houseofrohl.com/apothecary-filter-kitchen-faucet-polished-chrome-ap70d1lmapc/
2026-09-22 13:16:39,573 - INFO - Product scraped successfully: https://houseofrohl.com/apothecary-filter-kitchen-faucet-polished-chrome-ap70d1lmapc/
2026-09-22 13:16:39,573 - INFO - Opening URL: https://houseofrohl.com/azure-pull-down-kitchen-faucet-with-u-spout-chrome-azsq201c/
2026-09-22 13:16:41,877 - INFO - Product scraped successfully: https://houseofrohl.com/azure-pull-down-kitchen-faucet-with-u-spout-chrome-azsq201c/
2026-09-22 13:16:41,877 - INFO - Opening URL: https://houseofrohl.com/azure-pull-down-kitchen-faucet-with-u-spout-stainless-steel-azsq201ss/
2026-09-22 13:16:44,276 - INFO - Product scraped successfully: https://houseofrohl.com/azure-pull-down-kitchen-faucet-with-u-spout-stainless-steel-azsq201ss/
2026-09-22 13:16:44,276 - INFO - Opening URL: https://houseofrohl.com/campo-filter-kitchen-faucet-polished-chrome-cp70d1lmapc/
2026-09-22 13:16:46,721 - INFO - Product scraped successfully: https://houseofrohl.com/campo-filter-kitchen-faucet-polished-chrome-cp70d1lmapc/
2026-09-22 13:16:46,721 - INFO - Opening URL: https://houseofrohl.com/lombardia-filter-kitchen-faucet-polished-chrome-lb70d1lmapc/
2026-09-22 13:16:48,953 - INFO - Product scraped successfully: https://houseofrohl.com/lombardia-filter-kitchen-faucet-polished-chrome-lb70d1lmapc/
2026-09-22 13:16:48,953 - INFO - Opening URL: https://houseofrohl.com/lateral-pull-down-kitchen-faucet-with-single-spray-chrome-lt101c/
2026-09-22 13:16:51,428 - INFO - Product scraped successfully: https://houseofrohl.com/lateral-pull-down-kitchen-faucet-with-single-spray-chrome-lt101c/
2026-09-22 13:16:51,428 - INFO - Opening URL: https://houseofrohl.com/lateral-pull-down-kitchen-faucet-with-single-spray-stainless-steel-lt101ss/
2026-09-22 13:16:53,644 - INFO - Product scraped successfully: https://houseofrohl.com/lateral-pull-down-kitchen-faucet-with-single-spray-stainless-steel-lt101ss/
2026-09-22 13:16:53,644 - INFO - Opening URL: https://houseofrohl.com/lateral-pull-down-kitchen-faucet-with-c-spout-chrome-lt201c/
2026-09-22 13:16:56,034 - INFO - Product scraped successfully: https://houseofrohl.com/lateral-pull-down-kitchen-faucet-with-c-spout-chrome-lt201c/
2026-09-22 13:16:56,034 - INFO - Opening URL: https://houseofrohl.com/lateral-pull-down-kitchen-faucet-with-c-spout-stainless-steel-lt201ss/
2026-09-22 13:16:58,964 - INFO - Product scraped successfully: https://houseofrohl.com/lateral-pull-down-kitchen-faucet-with-c-spout-stainless-steel-lt201ss/
2026-09-22 13:16:58,964 - INFO - Opening URL: https://houseofrohl.com/lateral-pull-down-touchless-kitchen-faucet-with-c-spout-chrome-lt211c/
2026-09-22 13:17:01,324 - INFO - Product scraped successfully: https://houseofrohl.com/lateral-pull-down-touchless-kitchen-faucet-with-c-spout-chrome-lt211c/
2026-09-22 13:17:01,324 - INFO - Opening URL: https://houseofrohl.com/lateral-pull-down-touchless-kitchen-faucet-with-c-spout-stainless-steel-lt211ss/
2026-09-22 13:17:03,635 - INFO - Product scraped successfully: https://houseofrohl.com/lateral-pull-down-touchless-kitchen-faucet-with-c-spout-stainless-steel-lt211ss/
2026-09-22 13:17:03,635 - INFO - Opening URL: https://houseofrohl.com/lateral-bridge-pull-down-kitchen-faucet-with-c-spout-chrome-lt400c/
2026-09-22 13:17:05,878 - INFO - Product scraped successfully: https://houseofrohl.com/lateral-bridge-pull-down-kitchen-faucet-with-c-spout-chrome-lt400c/
2026-09-22 13:17:05,878 - INFO - Opening URL: https://houseofrohl.com/lateral-bridge-pull-down-kitchen-faucet-with-c-spout-stainless-steel-lt400ss/
2026-09-22 13:17:08,075 - INFO - Product scraped successfully: https://houseofrohl.com/lateral-bridge-pull-down-kitchen-faucet-with-c-spout-stainless-steel-lt400ss/
2026-09-22 13:17:08,075 - INFO - Opening URL: https://houseofrohl.com/lateral-bar-food-prep-kitchen-faucet-with-c-spout-chrome-lt601c/
2026-09-22 13:17:11,978 - INFO - Product scraped successfully: https://houseofrohl.com/lateral-bar-food-prep-kitchen-faucet-with-c-spout-chrome-lt601c/
2026-09-22 13:17:11,978 - INFO - Opening URL: https://houseofrohl.com/lateral-bar-food-prep-kitchen-faucet-with-c-spout-stainless-steel-lt601ss/
2026-09-22 13:17:14,257 - INFO - Product scraped successfully: https://houseofrohl.com/lateral-bar-food-prep-kitchen-faucet-with-c-spout-stainless-steel-lt601ss/
2026-09-22 13:17:14,257 - INFO - Opening URL: https://houseofrohl.com/lateral-two-handle-pull-down-kitchen-faucet-with-c-spout-chrome-lt801c/
2026-09-22 13:17:16,661 - INFO - Product scraped successfully: https://houseofrohl.com/lateral-two-handle-pull-down-kitchen-faucet-with-c-spout-chrome-lt801c/
2026-09-22 13:17:16,661 - INFO - Opening URL: https://houseofrohl.com/lateral-two-handle-pull-down-kitchen-faucet-with-c-spout-stainless-steel-lt801ss/
2026-09-22 13:17:18,871 - INFO - Product scraped successfully: https://houseofrohl.com/lateral-two-handle-pull-down-kitchen-faucet-with-c-spout-stainless-steel-lt801ss/
2026-09-22 13:17:18,871 - INFO - Opening URL: https://houseofrohl.com/lateral-pull-down-kitchen-faucet-with-u-spout-chrome-ltsq201c/
2026-09-22 13:17:21,209 - INFO - Product scraped successfully: https://houseofrohl.com/lateral-pull-down-kitchen-faucet-with-u-spout-chrome-ltsq201c/
2026-09-22 13:17:21,209 - INFO - Opening URL: https://houseofrohl.com/lateral-pull-down-kitchen-faucet-with-u-spout-stainless-steel-ltsq201ss/
2026-09-22 13:17:23,411 - INFO - Product scraped successfully: https://houseofrohl.com/lateral-pull-down-kitchen-faucet-with-u-spout-stainless-steel-ltsq201ss/
2026-09-22 13:17:23,411 - INFO - Opening URL: https://houseofrohl.com/graceline-filter-kitchen-faucet-polished-chrome-mb70d1lmapc/
2026-09-22 13:17:27,745 - INFO - Product scraped successfully: https://houseofrohl.com/graceline-filter-kitchen-faucet-polished-chrome-mb70d1lmapc/
2026-09-22 13:17:27,745 - INFO - Opening URL: https://houseofrohl.com/pirellone-filter-kitchen-faucet-polished-chrome-pi70d1lmapc/
2026-09-22 13:17:30,131 - INFO - Product scraped successfully: https://houseofrohl.com/pirellone-filter-kitchen-faucet-polished-chrome-pi70d1lmapc/
2026-09-22 13:17:30,131 - INFO - Opening URL: https://houseofrohl.com/tenerife-filter-kitchen-faucet-polished-chrome-te70d1lmapc/
2026-09-22 13:17:32,420 - INFO - Product scraped successfully: https://houseofrohl.com/tenerife-filter-kitchen-faucet-polished-chrome-te70d1lmapc/
2026-09-22 13:17:32,420 - INFO - Opening URL: https://houseofrohl.com/southbank-hot-water-and-kitchen-filter-faucet-kit-polished-chrome-ukitsb72d1lmapc/
2026-09-22 13:17:34,689 - INFO - Product scraped successfully: https://houseofrohl.com/southbank-hot-water-and-kitchen-filter-faucet-kit-polished-chrome-ukitsb72d1lmapc/
2026-09-22 13:17:34,689 - INFO - Opening URL: https://houseofrohl.com/southbank-pull-down-touchless-kitchen-faucet-polished-chrome-usb53d1lmapc/
2026-09-22 13:17:37,117 - INFO - Product scraped successfully: https://houseofrohl.com/southbank-pull-down-touchless-kitchen-faucet-polished-chrome-usb53d1lmapc/
2026-09-22 13:17:37,117 - INFO - Opening URL: https://houseofrohl.com/southbank-pull-down-kitchen-faucet-polished-chrome-usb55d1lmapc/
2026-09-22 13:17:39,442 - INFO - Product scraped successfully: https://houseofrohl.com/southbank-pull-down-kitchen-faucet-polished-chrome-usb55d1lmapc/
2026-09-22 13:17:39,442 - INFO - Opening URL: https://houseofrohl.com/southbank-bridge-kitchen-faucet-with-side-spray-polished-chrome-usb57d3lmapc/
2026-09-22 13:17:43,520 - INFO - Product scraped successfully: https://houseofrohl.com/southbank-bridge-kitchen-faucet-with-side-spray-polished-chrome-usb57d3lmapc/
2026-09-22 13:17:43,520 - INFO - Opening URL: https://houseofrohl.com/southbank-pull-down-bridge-kitchen-faucet-polished-chrome-usb58d3lmapc/
2026-09-22 13:17:46,739 - INFO - Product scraped successfully: https://houseofrohl.com/southbank-pull-down-bridge-kitchen-faucet-polished-chrome-usb58d3lmapc/
2026-09-22 13:17:46,739 - INFO - Opening URL: https://houseofrohl.com/southbank-bar-food-prep-kitchen-faucet-polished-chrome-usb60d1lmapc/
2026-09-22 13:17:49,071 - INFO - Product scraped successfully: https://houseofrohl.com/southbank-bar-food-prep-kitchen-faucet-polished-chrome-usb60d1lmapc/
2026-09-22 13:17:49,071 - INFO - Opening URL: https://houseofrohl.com/southbank-hot-water-and-kitchen-filter-faucet-polished-chrome-with-metal-lever-handle-usb72d1lmapc/
2026-09-22 13:17:51,472 - INFO - Product scraped successfully: https://houseofrohl.com/southbank-hot-water-and-kitchen-filter-faucet-polished-chrome-with-metal-lever-handle-usb72d1lmapc/
2026-09-22 13:17:51,472 - INFO - Opening URL: https://houseofrohl.com/apothecary-bridge-pull-down-kitchen-faucet-polished-chrome-ap58d3lmapc/
2026-09-22 13:17:54,650 - INFO - Product scraped successfully: https://houseofrohl.com/apothecary-bridge-pull-down-kitchen-faucet-polished-chrome-ap58d3lmapc/
2026-09-22 13:17:54,650 - INFO - Opening URL: https://houseofrohl.com/apothecary-bridge-pull-down-kitchen-faucet-polished-chrome-ap58d3xmapc/
2026-09-22 13:17:57,063 - INFO - Product scraped successfully: https://houseofrohl.com/apothecary-bridge-pull-down-kitchen-faucet-polished-chrome-ap58d3xmapc/
2026-09-22 13:17:57,063 - INFO - Opening URL: https://houseofrohl.com/authentica-pull-down-kitchen-faucet-with-single-spray-chrome-au101c/
2026-09-22 13:18:00,619 - INFO - Product scraped successfully: https://houseofrohl.com/authentica-pull-down-kitchen-faucet-with-single-spray-chrome-au101c/
2026-09-22 13:18:00,619 - INFO - Opening URL: https://houseofrohl.com/authentica-pull-down-kitchen-faucet-with-single-spray-stainless-steel-au101ss/
2026-09-22 13:18:02,847 - INFO - Product scraped successfully: https://houseofrohl.com/authentica-pull-down-kitchen-faucet-with-single-spray-stainless-steel-au101ss/
2026-09-22 13:18:02,847 - INFO - Opening URL: https://houseofrohl.com/authentica-pull-down-kitchen-faucet-with-c-spout-stainless-steel-au201ss/
2026-09-22 13:18:05,172 - INFO - Product scraped successfully: https://houseofrohl.com/authentica-pull-down-kitchen-faucet-with-c-spout-stainless-steel-au201ss/
2026-09-22 13:18:05,172 - INFO - Opening URL: https://houseofrohl.com/authentica-pull-down-kitchen-faucet-with-c-spout-chrome-au201c/
2026-09-22 13:18:07,335 - INFO - Product scraped successfully: https://houseofrohl.com/authentica-pull-down-kitchen-faucet-with-c-spout-chrome-au201c/
2026-09-22 13:18:07,335 - INFO - Opening URL: https://houseofrohl.com/authentica-pull-down-touchless-kitchen-faucet-stainless-steel-au211ss/
2026-09-22 13:18:10,263 - INFO - Product scraped successfully: https://houseofrohl.com/authentica-pull-down-touchless-kitchen-faucet-stainless-steel-au211ss/
2026-09-22 13:18:10,264 - INFO - Opening URL: https://houseofrohl.com/authentica-pull-down-touchless-kitchen-faucet-chrome-au211c/
2026-09-22 13:18:12,472 - INFO - Product scraped successfully: https://houseofrohl.com/authentica-pull-down-touchless-kitchen-faucet-chrome-au211c/
2026-09-22 13:18:12,472 - INFO - Opening URL: https://houseofrohl.com/authentica-pre-rinse-pull-down-kitchen-faucet-chrome-au221c/
2026-09-22 13:18:15,300 - INFO - Product scraped successfully: https://houseofrohl.com/authentica-pre-rinse-pull-down-kitchen-faucet-chrome-au221c/
2026-09-22 13:18:15,300 - INFO - Opening URL: https://houseofrohl.com/authentica-pre-rinse-pull-down-kitchen-faucet-stainless-steel-au221ss/
2026-09-22 13:18:17,571 - INFO - Product scraped successfully: https://houseofrohl.com/authentica-pre-rinse-pull-down-kitchen-faucet-stainless-steel-au221ss/
2026-09-22 13:18:17,571 - INFO - Opening URL: https://houseofrohl.com/authentica-bar-food-prep-kitchen-faucet-with-c-spout-chrome-au601c/
2026-09-22 13:18:20,391 - INFO - Product scraped successfully: https://houseofrohl.com/authentica-bar-food-prep-kitchen-faucet-with-c-spout-chrome-au601c/
2026-09-22 13:18:20,392 - INFO - Opening URL: https://houseofrohl.com/authentica-filter-kitchen-faucet-stainless-steel-au701ss/
2026-09-22 13:18:22,906 - INFO - Product scraped successfully: https://houseofrohl.com/authentica-filter-kitchen-faucet-stainless-steel-au701ss/
2026-09-22 13:18:22,906 - INFO - Opening URL: https://houseofrohl.com/authentica-filter-kitchen-faucet-chrome-au701c/
2026-09-22 13:18:25,089 - INFO - Product scraped successfully: https://houseofrohl.com/authentica-filter-kitchen-faucet-chrome-au701c/
2026-09-22 13:18:25,089 - INFO - Opening URL: https://houseofrohl.com/authentica-two-handle-pull-down-kitchen-faucet-with-c-spout-chrome-au801c/
2026-09-22 13:18:27,546 - INFO - Product scraped successfully: https://houseofrohl.com/authentica-two-handle-pull-down-kitchen-faucet-with-c-spout-chrome-au801c/
2026-09-22 13:18:27,546 - INFO - Opening URL: https://houseofrohl.com/authentica-two-handle-pull-down-kitchen-faucet-with-c-spout-stainless-steel-au801ss/
2026-09-22 13:18:29,763 - INFO - Product scraped successfully: https://houseofrohl.com/authentica-two-handle-pull-down-kitchen-faucet-with-c-spout-stainless-steel-au801ss/
2026-09-22 13:18:29,763 - INFO - Opening URL: https://houseofrohl.com/authentica-pull-down-kitchen-faucet-with-u-spout-chrome-ausq201c/
2026-09-22 13:18:32,109 - INFO - Product scraped successfully: https://houseofrohl.com/authentica-pull-down-kitchen-faucet-with-u-spout-chrome-ausq201c/
2026-09-22 13:18:32,109 - INFO - Opening URL: https://houseofrohl.com/authentica-pull-down-kitchen-faucet-with-u-spout-stainless-steel-ausq201ss/
2026-09-22 13:18:34,355 - INFO - Product scraped successfully: https://houseofrohl.com/authentica-pull-down-kitchen-faucet-with-u-spout-stainless-steel-ausq201ss/
2026-09-22 13:18:34,355 - INFO - Opening URL: https://houseofrohl.com/joli-pull-down-kitchen-faucet-stainless-steel-jl101ss/
2026-09-22 13:18:36,540 - INFO - Product scraped successfully: https://houseofrohl.com/joli-pull-down-kitchen-faucet-stainless-steel-jl101ss/
2026-09-22 13:18:36,542 - INFO - Opening URL: https://houseofrohl.com/joli-pull-down-kitchen-faucet-chrome-jl101c/
2026-09-22 13:18:38,796 - INFO - Product scraped successfully: https://houseofrohl.com/joli-pull-down-kitchen-faucet-chrome-jl101c/
2026-09-22 13:18:38,796 - INFO - Opening URL: https://houseofrohl.com/arca-filter-kitchen-faucet-stainless-steel-model-number-aa701ss/
2026-09-22 13:18:41,715 - INFO - Product scraped successfully: https://houseofrohl.com/arca-filter-kitchen-faucet-stainless-steel-model-number-aa701ss/
2026-09-22 13:18:41,715 - INFO - Opening URL: https://houseofrohl.com/transitional-reverse-osmosis-beverage-faucet-chrome-model-number-tn731c/
2026-09-22 13:18:44,106 - INFO - Product scraped successfully: https://houseofrohl.com/transitional-reverse-osmosis-beverage-faucet-chrome-model-number-tn731c/
2026-09-22 13:18:44,107 - INFO - Opening URL: https://houseofrohl.com/transitional-reverse-osmosis-beverage-faucet-stainless-steel-model-number-tn731ss/
2026-09-22 13:18:46,378 - INFO - Product scraped successfully: https://houseofrohl.com/transitional-reverse-osmosis-beverage-faucet-stainless-steel-model-number-tn731ss/
2026-09-22 13:18:46,378 - INFO - Opening URL: https://houseofrohl.com/arca-pull-down-kitchen-faucet-with-single-spray-stainless-steel-model-number-aa101ss/
2026-09-22 13:18:48,814 - INFO - Product scraped successfully: https://houseofrohl.com/arca-pull-down-kitchen-faucet-with-single-spray-stainless-steel-model-number-aa101ss/
2026-09-22 13:18:48,814 - INFO - Opening URL: https://houseofrohl.com/arca-pull-down-kitchen-faucet-with-u-spout-stainless-steel-model-number-aasq201ss/
2026-09-22 13:18:51,121 - INFO - Product scraped successfully: https://houseofrohl.com/arca-pull-down-kitchen-faucet-with-u-spout-stainless-steel-model-number-aasq201ss/
2026-09-22 13:18:51,121 - INFO - Opening URL: https://houseofrohl.com/arca-pull-down-kitchen-faucet-with-c-spout-stainless-steel-model-number-aa201ss/
2026-09-22 13:18:53,449 - INFO - Product scraped successfully: https://houseofrohl.com/arca-pull-down-kitchen-faucet-with-c-spout-stainless-steel-model-number-aa201ss/
2026-09-22 13:18:53,449 - INFO - Opening URL: https://houseofrohl.com/arca-pull-down-kitchen-faucet-with-single-spray-chrome-model-number-aa101c/
2026-09-22 13:18:55,753 - INFO - Product scraped successfully: https://houseofrohl.com/arca-pull-down-kitchen-faucet-with-single-spray-chrome-model-number-aa101c/
2026-09-22 13:18:55,753 - INFO - Opening URL: https://houseofrohl.com/arca-bar-food-prep-kitchen-faucet-with-c-spout-chrome-model-number-aa601c/
2026-09-22 13:18:58,364 - INFO - Product scraped successfully: https://houseofrohl.com/arca-bar-food-prep-kitchen-faucet-with-c-spout-chrome-model-number-aa601c/
2026-09-22 13:18:58,364 - INFO - Opening URL: https://houseofrohl.com/arca-pull-down-touchless-kitchen-faucet-with-c-spout-stainless-model-number-aa211ss/
2026-09-22 13:19:00,686 - INFO - Product scraped successfully: https://houseofrohl.com/arca-pull-down-touchless-kitchen-faucet-with-c-spout-stainless-model-number-aa211ss/
2026-09-22 13:19:00,687 - INFO - Opening URL: https://houseofrohl.com/arca-filter-kitchen-faucet-chrome-model-number-aa701c/
2026-09-22 13:19:02,976 - INFO - Product scraped successfully: https://houseofrohl.com/arca-filter-kitchen-faucet-chrome-model-number-aa701c/
2026-09-22 13:19:02,976 - INFO - Opening URL: https://houseofrohl.com/arca-pull-down-kitchen-faucet-with-u-spout-chrome-model-number-aasq201c/
2026-09-22 13:19:05,257 - INFO - Product scraped successfully: https://houseofrohl.com/arca-pull-down-kitchen-faucet-with-u-spout-chrome-model-number-aasq201c/
2026-09-22 13:19:05,257 - INFO - Opening URL: https://houseofrohl.com/arca-pull-down-kitchen-faucet-with-c-spout-chrome-model-number-aa201c/
2026-09-22 13:19:08,888 - INFO - Product scraped successfully: https://houseofrohl.com/arca-pull-down-kitchen-faucet-with-c-spout-chrome-model-number-aa201c/
2026-09-22 13:19:08,888 - INFO - Opening URL: https://houseofrohl.com/arca-bar-food-prep-kitchen-faucet-with-c-spout-stainless-steel-model-number-aa601ss/
2026-09-22 13:19:12,530 - INFO - Product scraped successfully: https://houseofrohl.com/arca-bar-food-prep-kitchen-faucet-with-c-spout-stainless-steel-model-number-aa601ss/
2026-09-22 13:19:12,530 - INFO - Opening URL: https://houseofrohl.com/arca-pull-down-touchless-kitchen-faucet-with-c-spout-chrome-model-number-aa211c/
2026-09-22 13:19:14,741 - INFO - Product scraped successfully: https://houseofrohl.com/arca-pull-down-touchless-kitchen-faucet-with-c-spout-chrome-model-number-aa211c/
2026-09-22 13:19:14,741 - INFO - Opening URL: https://houseofrohl.com/authentica-bar-food-prep-kitchen-faucet-with-c-spout-stainless-steel-model-number-au601ss/
2026-09-22 13:19:17,218 - INFO - Product scraped successfully: https://houseofrohl.com/authentica-bar-food-prep-kitchen-faucet-with-c-spout-stainless-steel-model-number-au601ss/
2026-09-22 13:19:19,612 - INFO - Details saved successfully. Total products: 251
2026-09-22 15:01:51,544 - INFO - Total product URLs loaded: 1399
2026-09-22 15:01:56,146 - INFO - Opening URL: https://houseofrohl.com/holborn-c-spout-hot-water-faucet-tank-and-filter-kit-english-bronze-with-metal-lever-handle-u-kit1347ls-eb-2/
2026-09-22 15:02:17,907 - INFO - Product scraped successfully: https://houseofrohl.com/holborn-c-spout-hot-water-faucet-tank-and-filter-kit-english-bronze-with-metal-lever-handle-u-kit1347ls-eb-2/
2026-09-22 15:02:17,907 - INFO - Opening URL: https://houseofrohl.com/holborn-c-spout-hot-water-faucet-tank-and-filter-kit-english-gold-with-metal-lever-handle-u-kit1347ls-eg-2/
2026-09-22 15:02:22,009 - INFO - Product scraped successfully: https://houseofrohl.com/holborn-c-spout-hot-water-faucet-tank-and-filter-kit-english-gold-with-metal-lever-handle-u-kit1347ls-eg-2/
2026-09-22 15:02:22,009 - INFO - Opening URL: https://houseofrohl.com/holborn-c-spout-hot-water-faucet-tank-and-filter-kit-polished-chrome-with-metal-lever-handle-u-kit1347ls-apc-2/
2026-09-22 15:02:27,649 - INFO - Product scraped successfully: https://houseofrohl.com/holborn-c-spout-hot-water-faucet-tank-and-filter-kit-polished-chrome-with-metal-lever-handle-u-kit1347ls-apc-2/
2026-09-22 15:02:27,649 - INFO - Opening URL: https://houseofrohl.com/holborn-c-spout-hot-water-faucet-tank-and-filter-kit-polished-nickel-with-metal-lever-handle-u-kit1347ls-pn-2/
2026-09-22 15:02:31,122 - INFO - Product scraped successfully: https://houseofrohl.com/holborn-c-spout-hot-water-faucet-tank-and-filter-kit-polished-nickel-with-metal-lever-handle-u-kit1347ls-pn-2/
2026-09-22 15:02:31,122 - INFO - Opening URL: https://houseofrohl.com/holborn-c-spout-hot-water-faucet-tank-and-filter-kit-satin-english-gold-with-metal-lever-handle-u-kit1347ls-seg-2/
2026-09-22 15:02:34,389 - INFO - Product scraped successfully: https://houseofrohl.com/holborn-c-spout-hot-water-faucet-tank-and-filter-kit-satin-english-gold-with-metal-lever-handle-u-kit1347ls-seg-2/
2026-09-22 15:02:34,389 - INFO - Opening URL: https://houseofrohl.com/holborn-c-spout-hot-water-faucet-tank-and-filter-kit-satin-nickel-with-metal-lever-handle-u-kit1347ls-stn-2/
2026-09-22 15:02:37,905 - INFO - Product scraped successfully: https://houseofrohl.com/holborn-c-spout-hot-water-faucet-tank-and-filter-kit-satin-nickel-with-metal-lever-handle-u-kit1347ls-stn-2/
2026-09-22 15:02:37,905 - INFO - Opening URL: https://houseofrohl.com/holborn-c-spout-filter-faucet-english-bronze-with-metal-lever-handle-u-1601l-eb-2/
2026-09-22 15:02:42,855 - INFO - Product scraped successfully: https://houseofrohl.com/holborn-c-spout-filter-faucet-english-bronze-with-metal-lever-handle-u-1601l-eb-2/
2026-09-22 15:02:42,855 - INFO - Opening URL: https://houseofrohl.com/holborn-c-spout-filter-faucet-polished-chrome-with-metal-lever-handle-u-1601l-apc-2/
2026-09-22 15:02:47,043 - INFO - Product scraped successfully: https://houseofrohl.com/holborn-c-spout-filter-faucet-polished-chrome-with-metal-lever-handle-u-1601l-apc-2/
2026-09-22 15:02:47,043 - INFO - Opening URL: https://houseofrohl.com/holborn-c-spout-filter-faucet-polished-nickel-with-metal-lever-handle-u-1601l-pn-2/
2026-09-22 15:02:50,855 - INFO - Product scraped successfully: https://houseofrohl.com/holborn-c-spout-filter-faucet-polished-nickel-with-metal-lever-handle-u-1601l-pn-2/
2026-09-22 15:02:50,855 - INFO - Opening URL: https://houseofrohl.com/holborn-c-spout-filter-faucet-satin-english-gold-with-metal-lever-handle-u-1601l-seg-2/
2026-09-22 15:02:55,557 - INFO - Product scraped successfully: https://houseofrohl.com/holborn-c-spout-filter-faucet-satin-english-gold-with-metal-lever-handle-u-1601l-seg-2/
2026-09-22 15:02:55,557 - INFO - Opening URL: https://houseofrohl.com/holborn-c-spout-filter-faucet-satin-nickel-with-metal-lever-handle-u-1601l-stn-2/
2026-09-22 15:02:59,533 - INFO - Product scraped successfully: https://houseofrohl.com/holborn-c-spout-filter-faucet-satin-nickel-with-metal-lever-handle-u-1601l-stn-2/
2026-09-22 15:02:59,533 - INFO - Opening URL: https://houseofrohl.com/holborn-c-spout-filter-faucet-unlacquered-brass-with-metal-lever-handle-model-number-u-1601l-ulb-2/
2026-09-22 15:03:01,785 - INFO - Product scraped successfully: https://houseofrohl.com/holborn-c-spout-filter-faucet-unlacquered-brass-with-metal-lever-handle-model-number-u-1601l-ulb-2/
2026-09-22 15:03:01,785 - INFO - Opening URL: https://houseofrohl.com/holborn-c-spout-filter-faucet-english-bronze-with-metal-lever-handle-u-kit1601l-eb-2/
2026-09-22 15:03:04,168 - INFO - Product scraped successfully: https://houseofrohl.com/holborn-c-spout-filter-faucet-english-bronze-with-metal-lever-handle-u-kit1601l-eb-2/
2026-09-22 15:03:04,168 - INFO - Opening URL: https://houseofrohl.com/holborn-c-spout-filter-faucet-polished-chrome-with-metal-lever-handle-u-kit1601l-apc-2/
2026-09-22 15:03:06,436 - INFO - Product scraped successfully: https://houseofrohl.com/holborn-c-spout-filter-faucet-polished-chrome-with-metal-lever-handle-u-kit1601l-apc-2/
2026-09-22 15:03:06,436 - INFO - Opening URL: https://houseofrohl.com/holborn-c-spout-filter-faucet-polished-nickel-with-metal-lever-handle-u-kit1601l-pn-2/
2026-09-22 15:03:08,708 - INFO - Product scraped successfully: https://houseofrohl.com/holborn-c-spout-filter-faucet-polished-nickel-with-metal-lever-handle-u-kit1601l-pn-2/
2026-09-22 15:03:08,708 - INFO - Opening URL: https://houseofrohl.com/holborn-c-spout-filter-faucet-satin-english-gold-with-metal-lever-handle-u-kit1601l-seg-2/
2026-09-22 15:03:12,541 - INFO - Product scraped successfully: https://houseofrohl.com/holborn-c-spout-filter-faucet-satin-english-gold-with-metal-lever-handle-u-kit1601l-seg-2/
2026-09-22 15:03:12,541 - INFO - Opening URL: https://houseofrohl.com/holborn-c-spout-filter-faucet-satin-nickel-with-metal-lever-handle-u-kit1601l-stn-2/
2026-09-22 15:03:14,894 - INFO - Product scraped successfully: https://houseofrohl.com/holborn-c-spout-filter-faucet-satin-nickel-with-metal-lever-handle-u-kit1601l-stn-2/
2026-09-22 15:03:14,895 - INFO - Opening URL: https://houseofrohl.com/holborn-filter-kitchen-faucet-kit-unlacquered-brass-model-number-u-kit1601l-ulb-2/
2026-09-22 15:03:17,213 - INFO - Product scraped successfully: https://houseofrohl.com/holborn-filter-kitchen-faucet-kit-unlacquered-brass-model-number-u-kit1601l-ulb-2/
2026-09-22 15:03:17,213 - INFO - Opening URL: https://houseofrohl.com/holborn-u-spout-bridge-kitchen-faucet-with-sidespray-english-bronze-with-metal-lever-handle-u-4279ls-eb-2/
2026-09-22 15:03:19,465 - INFO - Product scraped successfully: https://houseofrohl.com/holborn-u-spout-bridge-kitchen-faucet-with-sidespray-english-bronze-with-metal-lever-handle-u-4279ls-eb-2/
2026-09-22 15:03:19,465 - INFO - Opening URL: https://houseofrohl.com/holborn-u-spout-bridge-kitchen-faucet-with-sidespray-english-gold-with-metal-lever-handle-u-4279ls-eg-2/
2026-09-22 15:03:21,695 - INFO - Product scraped successfully: https://houseofrohl.com/holborn-u-spout-bridge-kitchen-faucet-with-sidespray-english-gold-with-metal-lever-handle-u-4279ls-eg-2/
2026-09-22 15:03:21,695 - INFO - Opening URL: https://houseofrohl.com/holborn-u-spout-bridge-kitchen-faucet-with-sidespray-polished-chrome-with-metal-lever-handle-u-4279ls-apc-2/
2026-09-22 15:03:24,005 - INFO - Product scraped successfully: https://houseofrohl.com/holborn-u-spout-bridge-kitchen-faucet-with-sidespray-polished-chrome-with-metal-lever-handle-u-4279ls-apc-2/
2026-09-22 15:03:24,005 - INFO - Opening URL: https://houseofrohl.com/holborn-u-spout-bridge-kitchen-faucet-with-sidespray-polished-nickel-with-metal-lever-handle-u-4279ls-pn-2/
2026-09-22 15:03:26,274 - INFO - Product scraped successfully: https://houseofrohl.com/holborn-u-spout-bridge-kitchen-faucet-with-sidespray-polished-nickel-with-metal-lever-handle-u-4279ls-pn-2/
2026-09-22 15:03:26,274 - INFO - Opening URL: https://houseofrohl.com/holborn-u-spout-bridge-kitchen-faucet-with-sidespray-satin-english-gold-with-metal-lever-handle-model-number-u-4279ls-seg-2/
2026-09-22 15:03:28,512 - INFO - Product scraped successfully: https://houseofrohl.com/holborn-u-spout-bridge-kitchen-faucet-with-sidespray-satin-english-gold-with-metal-lever-handle-model-number-u-4279ls-seg-2/
2026-09-22 15:03:28,513 - INFO - Opening URL: https://houseofrohl.com/holborn-u-spout-bridge-kitchen-faucet-with-sidespray-satin-nickel-with-metal-lever-handle-u-4279ls-stn-2/
2026-09-22 15:03:30,801 - INFO - Product scraped successfully: https://houseofrohl.com/holborn-u-spout-bridge-kitchen-faucet-with-sidespray-satin-nickel-with-metal-lever-handle-u-4279ls-stn-2/
2026-09-22 15:03:30,801 - INFO - Opening URL: https://houseofrohl.com/holborn-u-spout-bridge-kitchen-faucet-with-sidespray-unlacquered-brass-with-metal-lever-handle-u-4279ls-ulb-2/
2026-09-22 15:03:32,986 - INFO - Product scraped successfully: https://houseofrohl.com/holborn-u-spout-bridge-kitchen-faucet-with-sidespray-unlacquered-brass-with-metal-lever-handle-u-4279ls-ulb-2/
2026-09-22 15:03:32,987 - INFO - Opening URL: https://houseofrohl.com/holborn-c-spout-hot-water-faucet-english-bronze-with-metal-lever-handle-u-1347ls-eb-2/
2026-09-22 15:03:35,300 - INFO - Product scraped successfully: https://houseofrohl.com/holborn-c-spout-hot-water-faucet-english-bronze-with-metal-lever-handle-u-1347ls-eb-2/
2026-09-22 15:03:35,300 - INFO - Opening URL: https://houseofrohl.com/holborn-c-spout-hot-water-faucet-english-gold-with-metal-lever-handle-u-1347ls-eg-2/
2026-09-22 15:03:37,487 - INFO - Product scraped successfully: https://houseofrohl.com/holborn-c-spout-hot-water-faucet-english-gold-with-metal-lever-handle-u-1347ls-eg-2/
2026-09-22 15:03:37,487 - INFO - Opening URL: https://houseofrohl.com/holborn-c-spout-hot-water-faucet-polished-chrome-with-metal-lever-handle-u-1347ls-apc-2/
2026-09-22 15:03:39,739 - INFO - Product scraped successfully: https://houseofrohl.com/holborn-c-spout-hot-water-faucet-polished-chrome-with-metal-lever-handle-u-1347ls-apc-2/
2026-09-22 15:03:39,739 - INFO - Opening URL: https://houseofrohl.com/holborn-c-spout-hot-water-faucet-polished-nickel-with-metal-lever-handle-u-1347ls-pn-2/
2026-09-22 15:03:42,002 - INFO - Product scraped successfully: https://houseofrohl.com/holborn-c-spout-hot-water-faucet-polished-nickel-with-metal-lever-handle-u-1347ls-pn-2/
2026-09-22 15:03:42,002 - INFO - Opening URL: https://houseofrohl.com/holborn-c-spout-hot-water-faucet-satin-english-gold-with-metal-lever-handle-u-1347ls-seg-2/
2026-09-22 15:03:44,152 - INFO - Product scraped successfully: https://houseofrohl.com/holborn-c-spout-hot-water-faucet-satin-english-gold-with-metal-lever-handle-u-1347ls-seg-2/
2026-09-22 15:03:44,152 - INFO - Opening URL: https://houseofrohl.com/holborn-c-spout-hot-water-faucet-satin-nickel-with-metal-lever-handle-u-1347ls-stn-2/
2026-09-22 15:03:46,381 - INFO - Product scraped successfully: https://houseofrohl.com/holborn-c-spout-hot-water-faucet-satin-nickel-with-metal-lever-handle-u-1347ls-stn-2/
2026-09-22 15:03:46,381 - INFO - Opening URL: https://houseofrohl.com/holborn-c-spout-hot-water-faucet-unlacquered-brass-with-metal-lever-handle-u-1347ls-ulb-2/
2026-09-22 15:03:48,566 - INFO - Product scraped successfully: https://houseofrohl.com/holborn-c-spout-hot-water-faucet-unlacquered-brass-with-metal-lever-handle-u-1347ls-ulb-2/
2026-09-22 15:03:48,566 - INFO - Opening URL: https://houseofrohl.com/holborn-u-spout-bridge-kitchen-faucet-with-sidespray-english-bronze-with-cross-handle-u-4278x-eb-2/
2026-09-22 15:03:51,008 - INFO - Product scraped successfully: https://houseofrohl.com/holborn-u-spout-bridge-kitchen-faucet-with-sidespray-english-bronze-with-cross-handle-u-4278x-eb-2/
2026-09-22 15:03:51,008 - INFO - Opening URL: https://houseofrohl.com/holborn-u-spout-bridge-kitchen-faucet-with-sidespray-english-gold-with-cross-handle-u-4278x-eg-2/
2026-09-22 15:03:53,280 - INFO - Product scraped successfully: https://houseofrohl.com/holborn-u-spout-bridge-kitchen-faucet-with-sidespray-english-gold-with-cross-handle-u-4278x-eg-2/
2026-09-22 15:03:53,280 - INFO - Opening URL: https://houseofrohl.com/holborn-u-spout-bridge-kitchen-faucet-with-sidespray-polished-chrome-with-cross-handle-u-4278x-apc-2/
2026-09-22 15:03:55,494 - INFO - Product scraped successfully: https://houseofrohl.com/holborn-u-spout-bridge-kitchen-faucet-with-sidespray-polished-chrome-with-cross-handle-u-4278x-apc-2/
2026-09-22 15:03:55,494 - INFO - Opening URL: https://houseofrohl.com/holborn-u-spout-bridge-kitchen-faucet-with-sidespray-polished-nickel-with-cross-handle-u-4278x-pn-2/
2026-09-22 15:03:58,799 - INFO - Product scraped successfully: https://houseofrohl.com/holborn-u-spout-bridge-kitchen-faucet-with-sidespray-polished-nickel-with-cross-handle-u-4278x-pn-2/
2026-09-22 15:03:58,799 - INFO - Opening URL: https://houseofrohl.com/holborn-u-spout-bridge-kitchen-faucet-with-sidespray-satin-english-gold-with-cross-handle-model-number-u-4278x-seg-2/
2026-09-22 15:04:01,054 - INFO - Product scraped successfully: https://houseofrohl.com/holborn-u-spout-bridge-kitchen-faucet-with-sidespray-satin-english-gold-with-cross-handle-model-number-u-4278x-seg-2/
2026-09-22 15:04:01,054 - INFO - Opening URL: https://houseofrohl.com/holborn-u-spout-bridge-kitchen-faucet-with-sidespray-satin-nickel-with-cross-handle-u-4278x-stn-2/
2026-09-22 15:04:03,273 - INFO - Product scraped successfully: https://houseofrohl.com/holborn-u-spout-bridge-kitchen-faucet-with-sidespray-satin-nickel-with-cross-handle-u-4278x-stn-2/
2026-09-22 15:04:03,273 - INFO - Opening URL: https://houseofrohl.com/holborn-u-spout-bridge-kitchen-faucet-with-sidespray-unlacquered-brass-with-cross-handle-u-4278x-ulb-2/
2026-09-22 15:04:05,786 - INFO - Product scraped successfully: https://houseofrohl.com/holborn-u-spout-bridge-kitchen-faucet-with-sidespray-unlacquered-brass-with-cross-handle-u-4278x-ulb-2/
2026-09-22 15:04:05,786 - INFO - Opening URL: https://houseofrohl.com/holborn-bridge-kitchen-faucet-with-sidespray-english-bronze-with-metal-lever-handle-u-4273ls-eb-2/
2026-09-22 15:04:08,051 - INFO - Product scraped successfully: https://houseofrohl.com/holborn-bridge-kitchen-faucet-with-sidespray-english-bronze-with-metal-lever-handle-u-4273ls-eb-2/
2026-09-22 15:04:08,051 - INFO - Opening URL: https://houseofrohl.com/holborn-bridge-kitchen-faucet-with-sidespray-english-gold-with-metal-lever-handle-u4273ls-eg-2
2026-09-22 15:04:10,228 - INFO - Product scraped successfully: https://houseofrohl.com/holborn-bridge-kitchen-faucet-with-sidespray-english-gold-with-metal-lever-handle-u4273ls-eg-2
2026-09-22 15:04:10,228 - INFO - Opening URL: https://houseofrohl.com/holborn-bridge-kitchen-faucet-with-sidespray-polished-chrome-with-metal-lever-handle-u-4273ls-apc-2/
2026-09-22 15:04:12,459 - INFO - Product scraped successfully: https://houseofrohl.com/holborn-bridge-kitchen-faucet-with-sidespray-polished-chrome-with-metal-lever-handle-u-4273ls-apc-2/
2026-09-22 15:04:12,459 - INFO - Opening URL: https://houseofrohl.com/holborn-bridge-kitchen-faucet-with-sidespray-polished-nickel-with-metal-lever-handle-u-4273ls-pn-2/
2026-09-22 15:04:14,724 - INFO - Product scraped successfully: https://houseofrohl.com/holborn-bridge-kitchen-faucet-with-sidespray-polished-nickel-with-metal-lever-handle-u-4273ls-pn-2/
2026-09-22 15:04:14,724 - INFO - Opening URL: https://houseofrohl.com/holborn-bridge-kitchen-faucet-with-sidespray-satin-english-gold-with-metal-lever-handle-model-number-u-4273ls-seg-2/
2026-09-22 15:04:17,840 - INFO - Product scraped successfully: https://houseofrohl.com/holborn-bridge-kitchen-faucet-with-sidespray-satin-english-gold-with-metal-lever-handle-model-number-u-4273ls-seg-2/
2026-09-22 15:04:17,840 - INFO - Opening URL: https://houseofrohl.com/holborn-bridge-kitchen-faucet-with-sidespray-satin-nickel-with-metal-lever-handle-u-4273ls-stn-2/
2026-09-22 15:04:20,077 - INFO - Product scraped successfully: https://houseofrohl.com/holborn-bridge-kitchen-faucet-with-sidespray-satin-nickel-with-metal-lever-handle-u-4273ls-stn-2/
2026-09-22 15:04:20,077 - INFO - Opening URL: https://houseofrohl.com/holborn-bridge-kitchen-faucet-with-sidespray-unlacquered-brass-with-metal-lever-handle-u-4273ls-ulb-2/
2026-09-22 15:04:22,322 - INFO - Product scraped successfully: https://houseofrohl.com/holborn-bridge-kitchen-faucet-with-sidespray-unlacquered-brass-with-metal-lever-handle-u-4273ls-ulb-2/
2026-09-22 15:04:22,322 - INFO - Opening URL: https://houseofrohl.com/holborn-single-hole-bar-and-food-prep-faucet-with-round-body-and-c-spout-english-bronze-with-metal-lever-handle-u-4213ls-eb-2/
2026-09-22 15:04:24,550 - INFO - Product scraped successfully: https://houseofrohl.com/holborn-single-hole-bar-and-food-prep-faucet-with-round-body-and-c-spout-english-bronze-with-metal-lever-handle-u-4213ls-eb-2/
2026-09-22 15:04:24,550 - INFO - Opening URL: https://houseofrohl.com/holborn-single-hole-bar-and-food-prep-faucet-with-round-body-and-c-spout-polished-chrome-with-metal-lever-handle-u-4213ls-apc-2/
2026-09-22 15:04:26,806 - INFO - Product scraped successfully: https://houseofrohl.com/holborn-single-hole-bar-and-food-prep-faucet-with-round-body-and-c-spout-polished-chrome-with-metal-lever-handle-u-4213ls-apc-2/
2026-09-22 15:04:26,806 - INFO - Opening URL: https://houseofrohl.com/holborn-single-hole-bar-and-food-prep-faucet-with-round-body-and-c-spout-polished-nickel-with-metal-lever-handle-u-4213ls-pn-2/
2026-09-22 15:04:30,570 - INFO - Product scraped successfully: https://houseofrohl.com/holborn-single-hole-bar-and-food-prep-faucet-with-round-body-and-c-spout-polished-nickel-with-metal-lever-handle-u-4213ls-pn-2/
2026-09-22 15:04:30,570 - INFO - Opening URL: https://houseofrohl.com/holborn-single-hole-bar-and-food-prep-faucet-with-round-body-and-c-spout-satin-english-gold-with-metal-lever-handle-u-4213ls-seg-2/
2026-09-22 15:04:32,764 - INFO - Product scraped successfully: https://houseofrohl.com/holborn-single-hole-bar-and-food-prep-faucet-with-round-body-and-c-spout-satin-english-gold-with-metal-lever-handle-u-4213ls-seg-2/
2026-09-22 15:04:32,764 - INFO - Opening URL: https://houseofrohl.com/holborn-single-hole-bar-and-food-prep-faucet-with-round-body-and-c-spout-satin-nickel-with-metal-lever-handle-u-4213ls-stn-2/
2026-09-22 15:04:35,060 - INFO - Product scraped successfully: https://houseofrohl.com/holborn-single-hole-bar-and-food-prep-faucet-with-round-body-and-c-spout-satin-nickel-with-metal-lever-handle-u-4213ls-stn-2/
2026-09-22 15:04:35,060 - INFO - Opening URL: https://houseofrohl.com/holborn-single-hole-bar-and-food-prep-faucet-with-c-spout-polished-chrome-with-metal-lever-handle-u-4842ls-apc-2/
2026-09-22 15:04:37,393 - INFO - Product scraped successfully: https://houseofrohl.com/holborn-single-hole-bar-and-food-prep-faucet-with-c-spout-polished-chrome-with-metal-lever-handle-u-4842ls-apc-2/
2026-09-22 15:04:37,394 - INFO - Opening URL: https://houseofrohl.com/holborn-single-hole-bar-and-food-prep-faucet-with-c-spout-polished-nickel-with-metal-lever-handle-u-4842ls-pn-2/
2026-09-22 15:04:41,360 - INFO - Product scraped successfully: https://houseofrohl.com/holborn-single-hole-bar-and-food-prep-faucet-with-c-spout-polished-nickel-with-metal-lever-handle-u-4842ls-pn-2/
2026-09-22 15:04:41,360 - INFO - Opening URL: https://houseofrohl.com/holborn-single-hole-bar-and-food-prep-faucet-with-c-spout-satin-english-gold-with-metal-lever-handle-model-number-u-4842ls-seg-2/
2026-09-22 15:04:43,493 - INFO - Product scraped successfully: https://houseofrohl.com/holborn-single-hole-bar-and-food-prep-faucet-with-c-spout-satin-english-gold-with-metal-lever-handle-model-number-u-4842ls-seg-2/
2026-09-22 15:04:43,493 - INFO - Opening URL: https://houseofrohl.com/holborn-single-hole-bar-and-food-prep-faucet-with-c-spout-satin-nickel-with-metal-lever-handle-u-4842ls-stn-2/
2026-09-22 15:04:46,341 - INFO - Product scraped successfully: https://houseofrohl.com/holborn-single-hole-bar-and-food-prep-faucet-with-c-spout-satin-nickel-with-metal-lever-handle-u-4842ls-stn-2/
2026-09-22 15:04:46,341 - INFO - Opening URL: https://houseofrohl.com/holborn-single-hole-bar-and-food-prep-faucet-with-c-spout-unlacquered-brass-with-metal-lever-handle-u-4842ls-ulb-2/
2026-09-22 15:04:48,595 - INFO - Product scraped successfully: https://houseofrohl.com/holborn-single-hole-bar-and-food-prep-faucet-with-c-spout-unlacquered-brass-with-metal-lever-handle-u-4842ls-ulb-2/
2026-09-22 15:04:48,596 - INFO - Opening URL: https://houseofrohl.com/holborn-single-hole-c-spout-kitchen-faucet-with-round-body-and-sidespray-english-bronze-with-metal-lever-handle-u-4312ls-eb-2/
2026-09-22 15:04:51,030 - INFO - Product scraped successfully: https://houseofrohl.com/holborn-single-hole-c-spout-kitchen-faucet-with-round-body-and-sidespray-english-bronze-with-metal-lever-handle-u-4312ls-eb-2/
2026-09-22 15:04:51,030 - INFO - Opening URL: https://houseofrohl.com/holborn-single-hole-c-spout-kitchen-faucet-with-round-body-and-sidespray-polished-chrome-with-metal-lever-handle-u-4312ls-apc-2/
2026-09-22 15:04:53,345 - INFO - Product scraped successfully: https://houseofrohl.com/holborn-single-hole-c-spout-kitchen-faucet-with-round-body-and-sidespray-polished-chrome-with-metal-lever-handle-u-4312ls-apc-2/
2026-09-22 15:04:53,345 - INFO - Opening URL: https://houseofrohl.com/holborn-single-hole-c-spout-kitchen-faucet-with-round-body-and-sidespray-polished-nickel-with-metal-lever-handle-u-4312ls-pn-2/
2026-09-22 15:04:55,584 - INFO - Product scraped successfully: https://houseofrohl.com/holborn-single-hole-c-spout-kitchen-faucet-with-round-body-and-sidespray-polished-nickel-with-metal-lever-handle-u-4312ls-pn-2/
2026-09-22 15:04:55,584 - INFO - Opening URL: https://houseofrohl.com/holborn-single-hole-c-spout-kitchen-faucet-with-round-body-and-sidespray-satin-english-gold-with-metal-lever-handle-u-4312ls-seg-2/
2026-09-22 15:04:58,056 - INFO - Product scraped successfully: https://houseofrohl.com/holborn-single-hole-c-spout-kitchen-faucet-with-round-body-and-sidespray-satin-english-gold-with-metal-lever-handle-u-4312ls-seg-2/
2026-09-22 15:04:58,056 - INFO - Opening URL: https://houseofrohl.com/holborn-single-hole-c-spout-kitchen-faucet-with-round-body-and-sidespray-satin-nickel-with-metal-lever-handle-u-4312ls-stn-2/
2026-09-22 15:05:14,868 - INFO - Product scraped successfully: https://houseofrohl.com/holborn-single-hole-c-spout-kitchen-faucet-with-round-body-and-sidespray-satin-nickel-with-metal-lever-handle-u-4312ls-stn-2/
2026-09-22 15:05:14,868 - INFO - Opening URL: https://houseofrohl.com/holborn-single-hole-kitchen-faucet-with-c-spout-and-sidespray-polished-chrome-with-metal-lever-handle-u-4846ls-apc-2/
2026-09-22 15:05:17,885 - INFO - Product scraped successfully: https://houseofrohl.com/holborn-single-hole-kitchen-faucet-with-c-spout-and-sidespray-polished-chrome-with-metal-lever-handle-u-4846ls-apc-2/
2026-09-22 15:05:17,886 - INFO - Opening URL: https://houseofrohl.com/holborn-single-hole-kitchen-faucet-with-c-spout-and-sidespray-polished-nickel-with-metal-lever-handle-u-4846ls-pn-2/
2026-09-22 15:05:20,123 - INFO - Product scraped successfully: https://houseofrohl.com/holborn-single-hole-kitchen-faucet-with-c-spout-and-sidespray-polished-nickel-with-metal-lever-handle-u-4846ls-pn-2/
2026-09-22 15:05:20,123 - INFO - Opening URL: https://houseofrohl.com/holborn-single-hole-kitchen-faucet-with-c-spout-and-sidespray-satin-english-gold-with-metal-lever-handle-model-number-u-4846ls-seg-2/
2026-09-22 15:05:22,368 - INFO - Product scraped successfully: https://houseofrohl.com/holborn-single-hole-kitchen-faucet-with-c-spout-and-sidespray-satin-english-gold-with-metal-lever-handle-model-number-u-4846ls-seg-2/
2026-09-22 15:05:22,368 - INFO - Opening URL: https://houseofrohl.com/holborn-single-hole-kitchen-faucet-with-c-spout-and-sidespray-satin-nickel-with-metal-lever-handle-u-4846ls-stn-2/
2026-09-22 15:05:24,595 - INFO - Product scraped successfully: https://houseofrohl.com/holborn-single-hole-kitchen-faucet-with-c-spout-and-sidespray-satin-nickel-with-metal-lever-handle-u-4846ls-stn-2/
2026-09-22 15:05:24,595 - INFO - Opening URL: https://houseofrohl.com/holborn-single-hole-kitchen-faucet-with-c-spout-and-sidespray-unlacquered-brass-with-metal-lever-handle-u-4846ls-ulb-2/
2026-09-22 15:05:26,855 - INFO - Product scraped successfully: https://houseofrohl.com/holborn-single-hole-kitchen-faucet-with-c-spout-and-sidespray-unlacquered-brass-with-metal-lever-handle-u-4846ls-ulb-2/
2026-09-22 15:05:26,856 - INFO - Opening URL: https://houseofrohl.com/lux-contemporary-c-spout-hot-water-faucet-tank-and-filter-kit-antique-gold-with-metal-lever-handle-gkit7545lmag-2
2026-09-22 15:05:31,100 - INFO - Product scraped successfully: https://houseofrohl.com/lux-contemporary-c-spout-hot-water-faucet-tank-and-filter-kit-antique-gold-with-metal-lever-handle-gkit7545lmag-2
2026-09-22 15:05:31,100 - INFO - Opening URL: https://houseofrohl.com/lux-contemporary-c-spout-hot-water-faucet-tank-and-filter-kit-italian-brass-with-metal-lever-handle-gkit7545lmib-2
2026-09-22 15:05:33,395 - INFO - Product scraped successfully: https://houseofrohl.com/lux-contemporary-c-spout-hot-water-faucet-tank-and-filter-kit-italian-brass-with-metal-lever-handle-gkit7545lmib-2
2026-09-22 15:05:33,395 - INFO - Opening URL: https://houseofrohl.com/lux-contemporary-c-spout-hot-water-faucet-tank-and-filter-kit-matte-black-with-metal-lever-handle-gkit7545lmmb-2/
2026-09-22 15:05:35,621 - INFO - Product scraped successfully: https://houseofrohl.com/lux-contemporary-c-spout-hot-water-faucet-tank-and-filter-kit-matte-black-with-metal-lever-handle-gkit7545lmmb-2/
2026-09-22 15:05:35,621 - INFO - Opening URL: https://houseofrohl.com/lux-contemporary-c-spout-hot-water-faucet-tank-and-filter-kit-polished-chrome-with-metal-lever-handle-gkit7545lmapc-2/
2026-09-22 15:05:37,871 - INFO - Product scraped successfully: https://houseofrohl.com/lux-contemporary-c-spout-hot-water-faucet-tank-and-filter-kit-polished-chrome-with-metal-lever-handle-gkit7545lmapc-2/
2026-09-22 15:05:37,873 - INFO - Opening URL: https://houseofrohl.com/lux-contemporary-c-spout-hot-water-faucet-tank-and-filter-kit-polished-nickel-with-metal-lever-handle-gkit7545lmpn-2/
2026-09-22 15:05:40,104 - INFO - Product scraped successfully: https://houseofrohl.com/lux-contemporary-c-spout-hot-water-faucet-tank-and-filter-kit-polished-nickel-with-metal-lever-handle-gkit7545lmpn-2/
2026-09-22 15:05:40,104 - INFO - Opening URL: https://houseofrohl.com/lux-contemporary-c-spout-hot-water-faucet-tank-and-filter-kit-satin-gold-with-metal-lever-handle-gkit7545lmsg-2
2026-09-22 15:05:42,335 - INFO - Product scraped successfully: https://houseofrohl.com/lux-contemporary-c-spout-hot-water-faucet-tank-and-filter-kit-satin-gold-with-metal-lever-handle-gkit7545lmsg-2
2026-09-22 15:05:42,335 - INFO - Opening URL: https://houseofrohl.com/lux-contemporary-c-spout-hot-water-faucet-tank-and-filter-kit-satin-nickel-with-metal-lever-handle-gkit7545lmstn-2/
2026-09-22 15:05:44,538 - INFO - Product scraped successfully: https://houseofrohl.com/lux-contemporary-c-spout-hot-water-faucet-tank-and-filter-kit-satin-nickel-with-metal-lever-handle-gkit7545lmstn-2/
2026-09-22 15:05:44,538 - INFO - Opening URL: https://houseofrohl.com/lux-contemporary-c-spout-hot-water-faucet-tank-and-filter-kit-tuscan-brass-with-metal-lever-handle-gkit7545lmtcb-2/
2026-09-22 15:05:47,677 - INFO - Product scraped successfully: https://houseofrohl.com/lux-contemporary-c-spout-hot-water-faucet-tank-and-filter-kit-tuscan-brass-with-metal-lever-handle-gkit7545lmtcb-2/
2026-09-22 15:05:47,677 - INFO - Opening URL: https://houseofrohl.com/lux-contemporary-c-spout-hot-water-faucet-tank-and-filter-kit-unlacquered-brass-with-metal-lever-handle-gkit7545lmulb-2
2026-09-22 15:05:49,884 - INFO - Product scraped successfully: https://houseofrohl.com/lux-contemporary-c-spout-hot-water-faucet-tank-and-filter-kit-unlacquered-brass-with-metal-lever-handle-gkit7545lmulb-2
2026-09-22 15:05:49,884 - INFO - Opening URL: https://houseofrohl.com/lux-c-spout-filter-faucet-antique-gold-with-metal-lever-handle-model-number-r7517ag/
2026-09-22 15:05:54,498 - INFO - Product scraped successfully: https://houseofrohl.com/lux-c-spout-filter-faucet-antique-gold-with-metal-lever-handle-model-number-r7517ag/
2026-09-22 15:05:54,498 - INFO - Opening URL: https://houseofrohl.com/lux-c-spout-filter-faucet-brushed-stainless-steel-with-metal-lever-handle-r7517sb
2026-09-22 15:05:56,763 - INFO - Product scraped successfully: https://houseofrohl.com/lux-c-spout-filter-faucet-brushed-stainless-steel-with-metal-lever-handle-r7517sb
2026-09-22 15:05:56,763 - INFO - Opening URL: https://houseofrohl.com/lux-c-spout-filter-faucet-italian-brass-with-metal-lever-handle-r7517ib
2026-09-22 15:05:59,135 - INFO - Product scraped successfully: https://houseofrohl.com/lux-c-spout-filter-faucet-italian-brass-with-metal-lever-handle-r7517ib
2026-09-22 15:05:59,135 - INFO - Opening URL: https://houseofrohl.com/lux-c-spout-filter-faucet-matte-black-with-metal-lever-handle-r7517mb/
2026-09-22 15:06:02,418 - INFO - Product scraped successfully: https://houseofrohl.com/lux-c-spout-filter-faucet-matte-black-with-metal-lever-handle-r7517mb/
2026-09-22 15:06:02,418 - INFO - Opening URL: https://houseofrohl.com/lux-c-spout-filter-faucet-polished-chrome-with-metal-lever-handle-r7517apc/
2026-09-22 15:06:04,716 - INFO - Product scraped successfully: https://houseofrohl.com/lux-c-spout-filter-faucet-polished-chrome-with-metal-lever-handle-r7517apc/
2026-09-22 15:06:04,716 - INFO - Opening URL: https://houseofrohl.com/lux-c-spout-filter-faucet-polished-nickel-with-metal-lever-handle-r7517pn/
2026-09-22 15:06:06,923 - INFO - Product scraped successfully: https://houseofrohl.com/lux-c-spout-filter-faucet-polished-nickel-with-metal-lever-handle-r7517pn/
2026-09-22 15:06:06,923 - INFO - Opening URL: https://houseofrohl.com/lux-c-spout-filter-faucet-satin-gold-with-metal-lever-handle-model-number-r7517sg/
2026-09-22 15:06:09,198 - INFO - Product scraped successfully: https://houseofrohl.com/lux-c-spout-filter-faucet-satin-gold-with-metal-lever-handle-model-number-r7517sg/
2026-09-22 15:06:09,198 - INFO - Opening URL: https://houseofrohl.com/lux-c-spout-filter-faucet-satin-nickel-with-metal-lever-handle-r7517stn/
2026-09-22 15:06:11,528 - INFO - Product scraped successfully: https://houseofrohl.com/lux-c-spout-filter-faucet-satin-nickel-with-metal-lever-handle-r7517stn/
2026-09-22 15:06:11,528 - INFO - Opening URL: https://houseofrohl.com/lux-c-spout-filter-faucet-unlacquered-brass-with-metal-lever-handle-model-number-r7517ulb/
2026-09-22 15:06:13,794 - INFO - Product scraped successfully: https://houseofrohl.com/lux-c-spout-filter-faucet-unlacquered-brass-with-metal-lever-handle-model-number-r7517ulb/
2026-09-22 15:06:13,794 - INFO - Opening URL: https://houseofrohl.com/lux-filter-kitchen-faucet-vintage-gold-model-number-r7517vg/
2026-09-22 15:06:17,446 - INFO - Product scraped successfully: https://houseofrohl.com/lux-filter-kitchen-faucet-vintage-gold-model-number-r7517vg/
2026-09-22 15:06:17,446 - INFO - Opening URL: https://houseofrohl.com/lux-c-spout-filter-faucet-antique-gold-with-metal-lever-handle-model-number-rkit7517ag/
2026-09-22 15:06:19,768 - INFO - Product scraped successfully: https://houseofrohl.com/lux-c-spout-filter-faucet-antique-gold-with-metal-lever-handle-model-number-rkit7517ag/
2026-09-22 15:06:19,768 - INFO - Opening URL: https://houseofrohl.com/lux-c-spout-filter-faucet-brushed-stainless-steel-with-metal-lever-handle-rkit7517sb
2026-09-22 15:06:22,048 - INFO - Product scraped successfully: https://houseofrohl.com/lux-c-spout-filter-faucet-brushed-stainless-steel-with-metal-lever-handle-rkit7517sb
2026-09-22 15:06:22,048 - INFO - Opening URL: https://houseofrohl.com/lux-c-spout-filter-faucet-italian-brass-with-metal-lever-handle-rkit7517ib
2026-09-22 15:06:24,346 - INFO - Product scraped successfully: https://houseofrohl.com/lux-c-spout-filter-faucet-italian-brass-with-metal-lever-handle-rkit7517ib
2026-09-22 15:06:24,346 - INFO - Opening URL: https://houseofrohl.com/lux-c-spout-filter-faucet-matte-black-with-metal-lever-handle-rkit7517mb/
2026-09-22 15:06:28,439 - INFO - Product scraped successfully: https://houseofrohl.com/lux-c-spout-filter-faucet-matte-black-with-metal-lever-handle-rkit7517mb/
2026-09-22 15:06:28,439 - INFO - Opening URL: https://houseofrohl.com/lux-c-spout-filter-faucet-polished-chrome-with-metal-lever-handle-rkit7517apc/
2026-09-22 15:06:30,630 - INFO - Product scraped successfully: https://houseofrohl.com/lux-c-spout-filter-faucet-polished-chrome-with-metal-lever-handle-rkit7517apc/
2026-09-22 15:06:30,630 - INFO - Opening URL: https://houseofrohl.com/lux-c-spout-filter-faucet-polished-nickel-with-metal-lever-handle-rkit7517pn/
2026-09-22 15:06:32,811 - INFO - Product scraped successfully: https://houseofrohl.com/lux-c-spout-filter-faucet-polished-nickel-with-metal-lever-handle-rkit7517pn/
2026-09-22 15:06:32,811 - INFO - Opening URL: https://houseofrohl.com/lux-c-spout-filter-faucet-satin-gold-with-metal-lever-handle-model-number-rkit7517sg/
2026-09-22 15:06:35,204 - INFO - Product scraped successfully: https://houseofrohl.com/lux-c-spout-filter-faucet-satin-gold-with-metal-lever-handle-model-number-rkit7517sg/
2026-09-22 15:06:35,204 - INFO - Opening URL: https://houseofrohl.com/lux-c-spout-filter-faucet-satin-nickel-with-metal-lever-handle-rkit7517stn/
2026-09-22 15:06:37,413 - INFO - Product scraped successfully: https://houseofrohl.com/lux-c-spout-filter-faucet-satin-nickel-with-metal-lever-handle-rkit7517stn/
2026-09-22 15:06:37,413 - INFO - Opening URL: https://houseofrohl.com/lux-c-spout-filter-faucet-unlacquered-brass-with-metal-lever-handle-model-number-rkit7517ulb/
2026-09-22 15:06:39,701 - INFO - Product scraped successfully: https://houseofrohl.com/lux-c-spout-filter-faucet-unlacquered-brass-with-metal-lever-handle-model-number-rkit7517ulb/
2026-09-22 15:06:39,701 - INFO - Opening URL: https://houseofrohl.com/lux-filter-kitchen-faucet-kit-vintage-gold-model-number-rkit7517vg/
2026-09-22 15:06:41,926 - INFO - Product scraped successfully: https://houseofrohl.com/lux-filter-kitchen-faucet-kit-vintage-gold-model-number-rkit7517vg/
2026-09-22 15:06:41,926 - INFO - Opening URL: https://houseofrohl.com/lux-pulldown-bar-and-food-prep-faucet-matte-black-with-metal-lever-handle-r7515slmmb-2/
2026-09-22 15:06:45,607 - INFO - Product scraped successfully: https://houseofrohl.com/lux-pulldown-bar-and-food-prep-faucet-matte-black-with-metal-lever-handle-r7515slmmb-2/
2026-09-22 15:06:45,607 - INFO - Opening URL: https://houseofrohl.com/lux-pulldown-bar-and-food-prep-faucet-polished-chrome-with-metal-lever-handle-r7515slmapc-2/
2026-09-22 15:06:49,090 - INFO - Product scraped successfully: https://houseofrohl.com/lux-pulldown-bar-and-food-prep-faucet-polished-chrome-with-metal-lever-handle-r7515slmapc-2/
2026-09-22 15:06:49,090 - INFO - Opening URL: https://houseofrohl.com/lux-pulldown-bar-and-food-prep-faucet-polished-nickel-with-metal-lever-handle-r7515slmpn-2/
2026-09-22 15:06:56,028 - INFO - Product scraped successfully: https://houseofrohl.com/lux-pulldown-bar-and-food-prep-faucet-polished-nickel-with-metal-lever-handle-r7515slmpn-2/
2026-09-22 15:06:56,028 - INFO - Opening URL: https://houseofrohl.com/lux-pulldown-bar-and-food-prep-faucet-rose-gold-with-metal-lever-handle-r7515slmrg-2/
2026-09-22 15:06:59,281 - INFO - Product scraped successfully: https://houseofrohl.com/lux-pulldown-bar-and-food-prep-faucet-rose-gold-with-metal-lever-handle-r7515slmrg-2/
2026-09-22 15:06:59,281 - INFO - Opening URL: https://houseofrohl.com/lux-pulldown-bar-and-food-prep-faucet-satin-nickel-with-metal-lever-handle-r7515slmstn-2/
2026-09-22 15:07:02,691 - INFO - Product scraped successfully: https://houseofrohl.com/lux-pulldown-bar-and-food-prep-faucet-satin-nickel-with-metal-lever-handle-r7515slmstn-2/
2026-09-22 15:07:02,691 - INFO - Opening URL: https://houseofrohl.com/lux-pulldown-bar-and-food-prep-faucet-stainless-steel-with-metal-lever-handle-r7515slmss-2/
2026-09-22 15:07:06,312 - INFO - Product scraped successfully: https://houseofrohl.com/lux-pulldown-bar-and-food-prep-faucet-stainless-steel-with-metal-lever-handle-r7515slmss-2/
2026-09-22 15:07:06,312 - INFO - Opening URL: https://houseofrohl.com/lux-pull-down-bar-food-prep-kitchen-faucet-antique-gold-model-number-r7581slmag-2/
2026-09-22 15:07:08,664 - INFO - Product scraped successfully: https://houseofrohl.com/lux-pull-down-bar-food-prep-kitchen-faucet-antique-gold-model-number-r7581slmag-2/
2026-09-22 15:07:08,664 - INFO - Opening URL: https://houseofrohl.com/modern-lux-pulldown-bar-and-food-prep-faucet-matte-black-with-metal-lever-handle-r7581slmmb-2/
2026-09-22 15:07:10,948 - INFO - Product scraped successfully: https://houseofrohl.com/modern-lux-pulldown-bar-and-food-prep-faucet-matte-black-with-metal-lever-handle-r7581slmmb-2/
2026-09-22 15:07:10,948 - INFO - Opening URL: https://houseofrohl.com/modern-lux-pulldown-bar-and-food-prep-faucet-polished-chrome-with-metal-lever-handle-r7581slmapc-2/
2026-09-22 15:07:13,269 - INFO - Product scraped successfully: https://houseofrohl.com/modern-lux-pulldown-bar-and-food-prep-faucet-polished-chrome-with-metal-lever-handle-r7581slmapc-2/
2026-09-22 15:07:13,269 - INFO - Opening URL: https://houseofrohl.com/modern-lux-pulldown-bar-and-food-prep-faucet-polished-nickel-with-metal-lever-handle-r7581slmpn-2/
2026-09-22 15:07:15,750 - INFO - Product scraped successfully: https://houseofrohl.com/modern-lux-pulldown-bar-and-food-prep-faucet-polished-nickel-with-metal-lever-handle-r7581slmpn-2/
2026-09-22 15:07:15,750 - INFO - Opening URL: https://houseofrohl.com/modern-lux-pulldown-bar-and-food-prep-faucet-satin-nickel-with-metal-lever-handle-r7581slmstn-2/
2026-09-22 15:07:18,076 - INFO - Product scraped successfully: https://houseofrohl.com/modern-lux-pulldown-bar-and-food-prep-faucet-satin-nickel-with-metal-lever-handle-r7581slmstn-2/
2026-09-22 15:07:18,076 - INFO - Opening URL: https://houseofrohl.com/modern-lux-pulldown-bar-and-food-prep-faucet-stainless-steel-with-metal-lever-handle-r7581slmss-2/
2026-09-22 15:07:21,750 - INFO - Product scraped successfully: https://houseofrohl.com/modern-lux-pulldown-bar-and-food-prep-faucet-stainless-steel-with-metal-lever-handle-r7581slmss-2/
2026-09-22 15:07:21,750 - INFO - Opening URL: https://houseofrohl.com/lux-pull-down-bar-food-prep-kitchen-faucet-vintage-gold-model-number-r7581slmvg-2/
2026-09-22 15:07:24,166 - INFO - Product scraped successfully: https://houseofrohl.com/lux-pull-down-bar-food-prep-kitchen-faucet-vintage-gold-model-number-r7581slmvg-2/
2026-09-22 15:07:24,166 - INFO - Opening URL: https://houseofrohl.com/lux-pull-down-bar-food-prep-kitchen-faucet-antique-gold-model-number-r7581slmag-2/
2026-09-22 15:07:26,378 - INFO - Product scraped successfully: https://houseofrohl.com/lux-pull-down-bar-food-prep-kitchen-faucet-antique-gold-model-number-r7581slmag-2/
2026-09-22 15:07:26,378 - INFO - Opening URL: https://houseofrohl.com/modern-lux-pulldown-bar-and-food-prep-faucet-matte-black-with-metal-lever-handle-r7581slmmb-2/
2026-09-22 15:07:28,549 - INFO - Product scraped successfully: https://houseofrohl.com/modern-lux-pulldown-bar-and-food-prep-faucet-matte-black-with-metal-lever-handle-r7581slmmb-2/
2026-09-22 15:07:28,549 - INFO - Opening URL: https://houseofrohl.com/modern-lux-pulldown-bar-and-food-prep-faucet-polished-chrome-with-metal-lever-handle-r7581slmapc-2/
2026-09-22 15:07:30,770 - INFO - Product scraped successfully: https://houseofrohl.com/modern-lux-pulldown-bar-and-food-prep-faucet-polished-chrome-with-metal-lever-handle-r7581slmapc-2/
2026-09-22 15:07:30,770 - INFO - Opening URL: https://houseofrohl.com/modern-lux-pulldown-bar-and-food-prep-faucet-polished-nickel-with-metal-lever-handle-r7581slmpn-2/
2026-09-22 15:07:33,117 - INFO - Product scraped successfully: https://houseofrohl.com/modern-lux-pulldown-bar-and-food-prep-faucet-polished-nickel-with-metal-lever-handle-r7581slmpn-2/
2026-09-22 15:07:33,117 - INFO - Opening URL: https://houseofrohl.com/modern-lux-pulldown-bar-and-food-prep-faucet-satin-nickel-with-metal-lever-handle-r7581slmstn-2/
2026-09-22 15:07:36,381 - INFO - Product scraped successfully: https://houseofrohl.com/modern-lux-pulldown-bar-and-food-prep-faucet-satin-nickel-with-metal-lever-handle-r7581slmstn-2/
2026-09-22 15:07:36,381 - INFO - Opening URL: https://houseofrohl.com/modern-lux-pulldown-bar-and-food-prep-faucet-stainless-steel-with-metal-lever-handle-r7581slmss-2/
2026-09-22 15:07:38,563 - INFO - Product scraped successfully: https://houseofrohl.com/modern-lux-pulldown-bar-and-food-prep-faucet-stainless-steel-with-metal-lever-handle-r7581slmss-2/
2026-09-22 15:07:38,563 - INFO - Opening URL: https://houseofrohl.com/lux-pull-down-bar-food-prep-kitchen-faucet-vintage-gold-model-number-r7581slmvg-2/
2026-09-22 15:07:40,935 - INFO - Product scraped successfully: https://houseofrohl.com/lux-pull-down-bar-food-prep-kitchen-faucet-vintage-gold-model-number-r7581slmvg-2/
2026-09-22 15:07:40,935 - INFO - Opening URL: https://houseofrohl.com/lux-contemporary-c-spout-hot-water-faucet-antique-gold-with-metal-lever-handle-g7545lmag-2
2026-09-22 15:07:43,296 - INFO - Product scraped successfully: https://houseofrohl.com/lux-contemporary-c-spout-hot-water-faucet-antique-gold-with-metal-lever-handle-g7545lmag-2
2026-09-22 15:07:43,296 - INFO - Opening URL: https://houseofrohl.com/lux-contemporary-c-spout-hot-water-faucet-italian-brass-with-metal-lever-handle-g7545lmib-2
2026-09-22 15:07:45,541 - INFO - Product scraped successfully: https://houseofrohl.com/lux-contemporary-c-spout-hot-water-faucet-italian-brass-with-metal-lever-handle-g7545lmib-2
2026-09-22 15:07:45,541 - INFO - Opening URL: https://houseofrohl.com/lux-contemporary-c-spout-hot-water-faucet-matte-black-with-metal-lever-handle-g7545lmmb-2/
2026-09-22 15:07:47,834 - INFO - Product scraped successfully: https://houseofrohl.com/lux-contemporary-c-spout-hot-water-faucet-matte-black-with-metal-lever-handle-g7545lmmb-2/
2026-09-22 15:07:47,834 - INFO - Opening URL: https://houseofrohl.com/lux-contemporary-c-spout-hot-water-faucet-polished-chrome-with-metal-lever-handle-g7545lmapc-2/
2026-09-22 15:07:50,107 - INFO - Product scraped successfully: https://houseofrohl.com/lux-contemporary-c-spout-hot-water-faucet-polished-chrome-with-metal-lever-handle-g7545lmapc-2/
2026-09-22 15:07:50,107 - INFO - Opening URL: https://houseofrohl.com/lux-contemporary-c-spout-hot-water-faucet-polished-nickel-with-metal-lever-handle-g7545lmpn-2/
2026-09-22 15:07:52,460 - INFO - Product scraped successfully: https://houseofrohl.com/lux-contemporary-c-spout-hot-water-faucet-polished-nickel-with-metal-lever-handle-g7545lmpn-2/
2026-09-22 15:07:52,460 - INFO - Opening URL: https://houseofrohl.com/lux-contemporary-c-spout-hot-water-faucet-satin-gold-with-metal-lever-handle-g7545lmsg-2
2026-09-22 15:07:55,267 - INFO - Product scraped successfully: https://houseofrohl.com/lux-contemporary-c-spout-hot-water-faucet-satin-gold-with-metal-lever-handle-g7545lmsg-2
2026-09-22 15:07:55,267 - INFO - Opening URL: https://houseofrohl.com/lux-contemporary-c-spout-hot-water-faucet-satin-nickel-with-metal-lever-handle-g7545lmstn-2/
2026-09-22 15:07:57,582 - INFO - Product scraped successfully: https://houseofrohl.com/lux-contemporary-c-spout-hot-water-faucet-satin-nickel-with-metal-lever-handle-g7545lmstn-2/
2026-09-22 15:07:57,582 - INFO - Opening URL: https://houseofrohl.com/lux-contemporary-c-spout-hot-water-faucet-tuscan-brass-with-metal-lever-handle-g7545lmtcb-2/
2026-09-22 15:07:59,949 - INFO - Product scraped successfully: https://houseofrohl.com/lux-contemporary-c-spout-hot-water-faucet-tuscan-brass-with-metal-lever-handle-g7545lmtcb-2/
2026-09-22 15:07:59,949 - INFO - Opening URL: https://houseofrohl.com/acqui-column-spout-hot-water-faucet-tank-and-filter-kit-unlacquered-brass-with-metal-lever-handle-g7545lmulb-2
2026-09-22 15:08:02,246 - INFO - Product scraped successfully: https://houseofrohl.com/acqui-column-spout-hot-water-faucet-tank-and-filter-kit-unlacquered-brass-with-metal-lever-handle-g7545lmulb-2
2026-09-22 15:08:02,246 - INFO - Opening URL: https://houseofrohl.com/pirellone-side-lever-bar-and-food-prep-faucet-matte-black-with-metal-lever-handle-ls53l-mb-2/
2026-09-22 15:08:04,590 - INFO - Product scraped successfully: https://houseofrohl.com/pirellone-side-lever-bar-and-food-prep-faucet-matte-black-with-metal-lever-handle-ls53l-mb-2/
2026-09-22 15:08:04,590 - INFO - Opening URL: https://houseofrohl.com/pirellone-side-lever-bar-and-food-prep-faucet-polished-chrome-with-metal-lever-handle-ls53l-apc-2/
2026-09-22 15:08:06,893 - INFO - Product scraped successfully: https://houseofrohl.com/pirellone-side-lever-bar-and-food-prep-faucet-polished-chrome-with-metal-lever-handle-ls53l-apc-2/
2026-09-22 15:08:06,893 - INFO - Opening URL: https://houseofrohl.com/pirellone-side-lever-bar-and-food-prep-faucet-polished-nickel-with-metal-lever-handle-ls53l-pn-2/
2026-09-22 15:08:09,131 - INFO - Product scraped successfully: https://houseofrohl.com/pirellone-side-lever-bar-and-food-prep-faucet-polished-nickel-with-metal-lever-handle-ls53l-pn-2/
2026-09-22 15:08:09,131 - INFO - Opening URL: https://houseofrohl.com/pirellone-side-lever-bar-and-food-prep-faucet-satin-nickel-with-metal-lever-handle-ls53l-stn-2/
2026-09-22 15:08:11,327 - INFO - Product scraped successfully: https://houseofrohl.com/pirellone-side-lever-bar-and-food-prep-faucet-satin-nickel-with-metal-lever-handle-ls53l-stn-2/
2026-09-22 15:08:11,327 - INFO - Opening URL: https://houseofrohl.com/pirellone-side-lever-pro-pulldown-kitchen-faucet-polished-chrome-with-metal-lever-handle-ls64l-apc-2/
2026-09-22 15:08:13,589 - INFO - Product scraped successfully: https://houseofrohl.com/pirellone-side-lever-pro-pulldown-kitchen-faucet-polished-chrome-with-metal-lever-handle-ls64l-apc-2/
2026-09-22 15:08:13,589 - INFO - Opening URL: https://houseofrohl.com/pirellone-side-lever-pro-pulldown-kitchen-faucet-polished-nickel-with-metal-lever-handle-ls64l-pn-2/
2026-09-22 15:08:15,875 - INFO - Product scraped successfully: https://houseofrohl.com/pirellone-side-lever-pro-pulldown-kitchen-faucet-polished-nickel-with-metal-lever-handle-ls64l-pn-2/
2026-09-22 15:08:15,876 - INFO - Opening URL: https://houseofrohl.com/pirellone-side-lever-pro-pulldown-kitchen-faucet-satin-nickel-with-metal-lever-handle-ls64l-stn-2/
2026-09-22 15:08:18,115 - INFO - Product scraped successfully: https://houseofrohl.com/pirellone-side-lever-pro-pulldown-kitchen-faucet-satin-nickel-with-metal-lever-handle-ls64l-stn-2/
2026-09-22 15:08:18,115 - INFO - Opening URL: https://houseofrohl.com/pirellone-side-lever-pulldown-high-spout-kitchen-faucet-matte-black-with-metal-lever-handle-ls57l-mb-2
2026-09-22 15:08:20,574 - INFO - Product scraped successfully: https://houseofrohl.com/pirellone-side-lever-pulldown-high-spout-kitchen-faucet-matte-black-with-metal-lever-handle-ls57l-mb-2
2026-09-22 15:08:20,574 - INFO - Opening URL: https://houseofrohl.com/pirellone-side-lever-pulldown-high-spout-kitchen-faucet-polished-chrome-with-metal-lever-handle-ls57l-apc-2/
2026-09-22 15:08:22,913 - INFO - Product scraped successfully: https://houseofrohl.com/pirellone-side-lever-pulldown-high-spout-kitchen-faucet-polished-chrome-with-metal-lever-handle-ls57l-apc-2/
2026-09-22 15:08:22,913 - INFO - Opening URL: https://houseofrohl.com/pirellone-side-lever-pulldown-high-spout-kitchen-faucet-polished-nickel-with-metal-lever-handle-ls57l-pn-2/
2026-09-22 15:08:25,106 - INFO - Product scraped successfully: https://houseofrohl.com/pirellone-side-lever-pulldown-high-spout-kitchen-faucet-polished-nickel-with-metal-lever-handle-ls57l-pn-2/
2026-09-22 15:08:25,107 - INFO - Opening URL: https://houseofrohl.com/pirellone-side-lever-pulldown-high-spout-kitchen-faucet-satin-nickel-with-metal-lever-handle-ls57l-stn-2/
2026-09-22 15:08:28,511 - INFO - Product scraped successfully: https://houseofrohl.com/pirellone-side-lever-pulldown-high-spout-kitchen-faucet-satin-nickel-with-metal-lever-handle-ls57l-stn-2/
2026-09-22 15:08:28,514 - INFO - Opening URL: https://houseofrohl.com/lux-pull-down-kitchen-faucet-antique-gold-model-number-r7581lmag-2/
2026-09-22 15:08:30,798 - INFO - Product scraped successfully: https://houseofrohl.com/lux-pull-down-kitchen-faucet-antique-gold-model-number-r7581lmag-2/
2026-09-22 15:08:30,798 - INFO - Opening URL: https://houseofrohl.com/modern-lux-pulldown-kitchen-faucet-matte-black-with-metal-lever-handle-r7581lmmb-2/
2026-09-22 15:08:33,149 - INFO - Product scraped successfully: https://houseofrohl.com/modern-lux-pulldown-kitchen-faucet-matte-black-with-metal-lever-handle-r7581lmmb-2/
2026-09-22 15:08:33,149 - INFO - Opening URL: https://houseofrohl.com/modern-lux-pulldown-kitchen-faucet-polished-chrome-with-metal-lever-handle-r7581lmapc-2/
2026-09-22 15:08:35,848 - INFO - Product scraped successfully: https://houseofrohl.com/modern-lux-pulldown-kitchen-faucet-polished-chrome-with-metal-lever-handle-r7581lmapc-2/
2026-09-22 15:08:35,848 - INFO - Opening URL: https://houseofrohl.com/modern-lux-pulldown-kitchen-faucet-polished-nickel-with-metal-lever-handle-r7581lmpn-2/
2026-09-22 15:08:38,088 - INFO - Product scraped successfully: https://houseofrohl.com/modern-lux-pulldown-kitchen-faucet-polished-nickel-with-metal-lever-handle-r7581lmpn-2/
2026-09-22 15:08:38,090 - INFO - Opening URL: https://houseofrohl.com/modern-lux-pulldown-kitchen-faucet-satin-nickel-with-metal-lever-handle-r7581lmstn-2/
2026-09-22 15:08:41,061 - INFO - Product scraped successfully: https://houseofrohl.com/modern-lux-pulldown-kitchen-faucet-satin-nickel-with-metal-lever-handle-r7581lmstn-2/
2026-09-22 15:08:41,061 - INFO - Opening URL: https://houseofrohl.com/modern-lux-pulldown-kitchen-faucet-stainless-steel-with-metal-lever-handle-r7581lmss-2/
2026-09-22 15:08:43,326 - INFO - Product scraped successfully: https://houseofrohl.com/modern-lux-pulldown-kitchen-faucet-stainless-steel-with-metal-lever-handle-r7581lmss-2/
2026-09-22 15:08:43,327 - INFO - Opening URL: https://houseofrohl.com/lux-pull-down-kitchen-faucet-vintage-gold-model-number-r7581lmvg-2/
2026-09-22 15:08:45,656 - INFO - Product scraped successfully: https://houseofrohl.com/lux-pull-down-kitchen-faucet-vintage-gold-model-number-r7581lmvg-2/
2026-09-22 15:08:45,656 - INFO - Opening URL: https://houseofrohl.com/lux-pull-down-kitchen-faucet-antique-gold-model-number-r7581lmag-2/
2026-09-22 15:08:47,858 - INFO - Product scraped successfully: https://houseofrohl.com/lux-pull-down-kitchen-faucet-antique-gold-model-number-r7581lmag-2/
2026-09-22 15:08:47,858 - INFO - Opening URL: https://houseofrohl.com/modern-lux-pulldown-kitchen-faucet-matte-black-with-metal-lever-handle-r7581lmmb-2/
2026-09-22 15:08:50,143 - INFO - Product scraped successfully: https://houseofrohl.com/modern-lux-pulldown-kitchen-faucet-matte-black-with-metal-lever-handle-r7581lmmb-2/
2026-09-22 15:08:50,143 - INFO - Opening URL: https://houseofrohl.com/modern-lux-pulldown-kitchen-faucet-polished-chrome-with-metal-lever-handle-r7581lmapc-2/
2026-09-22 15:08:53,372 - INFO - Product scraped successfully: https://houseofrohl.com/modern-lux-pulldown-kitchen-faucet-polished-chrome-with-metal-lever-handle-r7581lmapc-2/
2026-09-22 15:08:53,372 - INFO - Opening URL: https://houseofrohl.com/modern-lux-pulldown-kitchen-faucet-polished-nickel-with-metal-lever-handle-r7581lmpn-2/
2026-09-22 15:08:55,656 - INFO - Product scraped successfully: https://houseofrohl.com/modern-lux-pulldown-kitchen-faucet-polished-nickel-with-metal-lever-handle-r7581lmpn-2/
2026-09-22 15:08:55,656 - INFO - Opening URL: https://houseofrohl.com/modern-lux-pulldown-kitchen-faucet-satin-nickel-with-metal-lever-handle-r7581lmstn-2/
2026-09-22 15:08:57,895 - INFO - Product scraped successfully: https://houseofrohl.com/modern-lux-pulldown-kitchen-faucet-satin-nickel-with-metal-lever-handle-r7581lmstn-2/
2026-09-22 15:08:57,895 - INFO - Opening URL: https://houseofrohl.com/modern-lux-pulldown-kitchen-faucet-stainless-steel-with-metal-lever-handle-r7581lmss-2/
2026-09-22 15:09:00,147 - INFO - Product scraped successfully: https://houseofrohl.com/modern-lux-pulldown-kitchen-faucet-stainless-steel-with-metal-lever-handle-r7581lmss-2/
2026-09-22 15:09:00,147 - INFO - Opening URL: https://houseofrohl.com/lux-pull-down-kitchen-faucet-vintage-gold-model-number-r7581lmvg-2/
2026-09-22 15:09:02,593 - INFO - Product scraped successfully: https://houseofrohl.com/lux-pull-down-kitchen-faucet-vintage-gold-model-number-r7581lmvg-2/
2026-09-22 15:09:02,593 - INFO - Opening URL: https://houseofrohl.com/pirellone-pulldown-side-lever-kitchen-faucet-matte-black-with-metal-lever-handle-cy57l-mb-2/
2026-09-22 15:09:05,024 - INFO - Product scraped successfully: https://houseofrohl.com/pirellone-pulldown-side-lever-kitchen-faucet-matte-black-with-metal-lever-handle-cy57l-mb-2/
2026-09-22 15:09:05,024 - INFO - Opening URL: https://houseofrohl.com/pirellone-pulldown-side-lever-kitchen-faucet-polished-chrome-with-metal-lever-handle-cy57l-apc-2/
2026-09-22 15:09:07,324 - INFO - Product scraped successfully: https://houseofrohl.com/pirellone-pulldown-side-lever-kitchen-faucet-polished-chrome-with-metal-lever-handle-cy57l-apc-2/
2026-09-22 15:09:07,324 - INFO - Opening URL: https://houseofrohl.com/pirellone-pulldown-side-lever-kitchen-faucet-polished-nickel-with-metal-lever-handle-cy57l-pn-2/
2026-09-22 15:09:10,494 - INFO - Product scraped successfully: https://houseofrohl.com/pirellone-pulldown-side-lever-kitchen-faucet-polished-nickel-with-metal-lever-handle-cy57l-pn-2/
2026-09-22 15:09:10,494 - INFO - Opening URL: https://houseofrohl.com/pirellone-pulldown-side-lever-kitchen-faucet-satin-nickel-with-metal-lever-handle-cy57l-stn-2/
2026-09-22 15:09:13,235 - INFO - Product scraped successfully: https://houseofrohl.com/pirellone-pulldown-side-lever-kitchen-faucet-satin-nickel-with-metal-lever-handle-cy57l-stn-2/
2026-09-22 15:09:13,237 - INFO - Opening URL: https://houseofrohl.com/pirellone-two-handle-pull-down-kitchen-faucet-model-number-cy657l-ag-2/
2026-09-22 15:09:15,644 - INFO - Product scraped successfully: https://houseofrohl.com/pirellone-two-handle-pull-down-kitchen-faucet-model-number-cy657l-ag-2/
2026-09-22 15:09:15,644 - INFO - Opening URL: https://houseofrohl.com/pirellone-2-lever-pulldown-kitchen-faucet-matte-black-with-metal-lever-handle-cy657l-mb-2/
2026-09-22 15:09:17,868 - INFO - Product scraped successfully: https://houseofrohl.com/pirellone-2-lever-pulldown-kitchen-faucet-matte-black-with-metal-lever-handle-cy657l-mb-2/
2026-09-22 15:09:17,868 - INFO - Opening URL: https://houseofrohl.com/pirellone-2-lever-pulldown-kitchen-faucet-polished-chrome-with-metal-lever-handle-cy657l-apc-2/
2026-09-22 15:09:20,191 - INFO - Product scraped successfully: https://houseofrohl.com/pirellone-2-lever-pulldown-kitchen-faucet-polished-chrome-with-metal-lever-handle-cy657l-apc-2/
2026-09-22 15:09:20,191 - INFO - Opening URL: https://houseofrohl.com/pirellone-2-lever-pulldown-kitchen-faucet-polished-nickel-with-metal-lever-handle-cy657l-pn-2/
2026-09-22 15:09:22,435 - INFO - Product scraped successfully: https://houseofrohl.com/pirellone-2-lever-pulldown-kitchen-faucet-polished-nickel-with-metal-lever-handle-cy657l-pn-2/
2026-09-22 15:09:22,436 - INFO - Opening URL: https://houseofrohl.com/pirellone-2-lever-pulldown-kitchen-faucet-satin-nickel-with-metal-lever-handle-cy657l-stn-2/
2026-09-22 15:09:24,713 - INFO - Product scraped successfully: https://houseofrohl.com/pirellone-2-lever-pulldown-kitchen-faucet-satin-nickel-with-metal-lever-handle-cy657l-stn-2/
2026-09-22 15:09:24,713 - INFO - Opening URL: https://houseofrohl.com/lombardia-pulldown-bar-and-food-prep-faucet-italian-brass-with-metal-lever-handle-a3430slmib-2/
2026-09-22 15:09:27,078 - INFO - Product scraped successfully: https://houseofrohl.com/lombardia-pulldown-bar-and-food-prep-faucet-italian-brass-with-metal-lever-handle-a3430slmib-2/
2026-09-22 15:09:27,078 - INFO - Opening URL: https://houseofrohl.com/lombardia-pulldown-bar-and-food-prep-faucet-matte-black-with-metal-lever-handle-a3430slmmb-2/
2026-09-22 15:09:29,328 - INFO - Product scraped successfully: https://houseofrohl.com/lombardia-pulldown-bar-and-food-prep-faucet-matte-black-with-metal-lever-handle-a3430slmmb-2/
2026-09-22 15:09:29,328 - INFO - Opening URL: https://houseofrohl.com/lombardia-pulldown-bar-and-food-prep-faucet-polished-chrome-with-metal-lever-handle-a3430slmapc-2/
2026-09-22 15:09:31,574 - INFO - Product scraped successfully: https://houseofrohl.com/lombardia-pulldown-bar-and-food-prep-faucet-polished-chrome-with-metal-lever-handle-a3430slmapc-2/
2026-09-22 15:09:31,574 - INFO - Opening URL: https://houseofrohl.com/lombardia-pulldown-bar-and-food-prep-faucet-polished-nickel-with-metal-lever-handle-a3430slmpn-2/
2026-09-22 15:09:33,824 - INFO - Product scraped successfully: https://houseofrohl.com/lombardia-pulldown-bar-and-food-prep-faucet-polished-nickel-with-metal-lever-handle-a3430slmpn-2/
2026-09-22 15:09:33,824 - INFO - Opening URL: https://houseofrohl.com/lombardia-pulldown-bar-and-food-prep-faucet-satin-nickel-with-metal-lever-handle-a3430slmstn-2/
2026-09-22 15:09:36,143 - INFO - Product scraped successfully: https://houseofrohl.com/lombardia-pulldown-bar-and-food-prep-faucet-satin-nickel-with-metal-lever-handle-a3430slmstn-2/
2026-09-22 15:09:36,143 - INFO - Opening URL: https://houseofrohl.com/lombardia-pulldown-bar-and-food-prep-faucet-tuscan-brass-with-metal-lever-handle-a3430slmtcb-2/
2026-09-22 15:09:38,462 - INFO - Product scraped successfully: https://houseofrohl.com/lombardia-pulldown-bar-and-food-prep-faucet-tuscan-brass-with-metal-lever-handle-a3430slmtcb-2/
2026-09-22 15:09:38,463 - INFO - Opening URL: https://houseofrohl.com/lombardia-pulldown-bar-and-food-prep-faucet-unlacquered-brass-with-metal-lever-handle-a3430slmulb-2/
2026-09-22 15:09:40,813 - INFO - Product scraped successfully: https://houseofrohl.com/lombardia-pulldown-bar-and-food-prep-faucet-unlacquered-brass-with-metal-lever-handle-a3430slmulb-2/
2026-09-22 15:09:40,813 - INFO - Opening URL: https://houseofrohl.com/lombardia-pulldown-kitchen-faucet-italian-brass-with-metal-lever-handle-a3430lmib-2/
2026-09-22 15:09:43,315 - INFO - Product scraped successfully: https://houseofrohl.com/lombardia-pulldown-kitchen-faucet-italian-brass-with-metal-lever-handle-a3430lmib-2/
2026-09-22 15:09:43,315 - INFO - Opening URL: https://houseofrohl.com/lombardia-pulldown-kitchen-faucet-matte-black-with-metal-lever-handle-a3430lmmb-2/
2026-09-22 15:09:45,616 - INFO - Product scraped successfully: https://houseofrohl.com/lombardia-pulldown-kitchen-faucet-matte-black-with-metal-lever-handle-a3430lmmb-2/
2026-09-22 15:09:45,616 - INFO - Opening URL: https://houseofrohl.com/lombardia-pulldown-kitchen-faucet-polished-chrome-with-metal-lever-handle-a3430lmapc-2/
2026-09-22 15:09:47,946 - INFO - Product scraped successfully: https://houseofrohl.com/lombardia-pulldown-kitchen-faucet-polished-chrome-with-metal-lever-handle-a3430lmapc-2/
2026-09-22 15:09:47,946 - INFO - Opening URL: https://houseofrohl.com/lombardia-pulldown-kitchen-faucet-polished-nickel-with-metal-lever-handle-a3430lmpn-2/
2026-09-22 15:09:50,211 - INFO - Product scraped successfully: https://houseofrohl.com/lombardia-pulldown-kitchen-faucet-polished-nickel-with-metal-lever-handle-a3430lmpn-2/
2026-09-22 15:09:50,212 - INFO - Opening URL: https://houseofrohl.com/lombardia-pulldown-kitchen-faucet-satin-nickel-with-metal-lever-handle-a3430lmstn-2/
2026-09-22 15:09:52,533 - INFO - Product scraped successfully: https://houseofrohl.com/lombardia-pulldown-kitchen-faucet-satin-nickel-with-metal-lever-handle-a3430lmstn-2/
2026-09-22 15:09:52,533 - INFO - Opening URL: https://houseofrohl.com/lombardia-pulldown-kitchen-faucet-tuscan-brass-with-metal-lever-handle-a3430lmtcb-2/
2026-09-22 15:09:54,769 - INFO - Product scraped successfully: https://houseofrohl.com/lombardia-pulldown-kitchen-faucet-tuscan-brass-with-metal-lever-handle-a3430lmtcb-2/
2026-09-22 15:09:54,769 - INFO - Opening URL: https://houseofrohl.com/lombardia-pulldown-kitchen-faucet-unlacquered-brass-with-metal-lever-handle-a3430lmulb-2/
2026-09-22 15:09:56,943 - INFO - Product scraped successfully: https://houseofrohl.com/lombardia-pulldown-kitchen-faucet-unlacquered-brass-with-metal-lever-handle-a3430lmulb-2/
2026-09-22 15:09:56,945 - INFO - Opening URL: https://houseofrohl.com/edwardian-column-spout-hot-water-faucet-tank-and-filter-kit-english-bronze-with-metal-lever-handle-u-kit1323ls-eb-2/
2026-09-22 15:09:59,607 - INFO - Product scraped successfully: https://houseofrohl.com/edwardian-column-spout-hot-water-faucet-tank-and-filter-kit-english-bronze-with-metal-lever-handle-u-kit1323ls-eb-2/
2026-09-22 15:09:59,607 - INFO - Opening URL: https://houseofrohl.com/edwardian-column-spout-hot-water-faucet-tank-and-filter-kit-english-gold-with-metal-lever-handle-u-kit1323ls-eg-2/
2026-09-22 15:10:01,956 - INFO - Product scraped successfully: https://houseofrohl.com/edwardian-column-spout-hot-water-faucet-tank-and-filter-kit-english-gold-with-metal-lever-handle-u-kit1323ls-eg-2/
2026-09-22 15:10:01,956 - INFO - Opening URL: https://houseofrohl.com/edwardian-column-spout-hot-water-faucet-tank-and-filter-kit-polished-chrome-with-metal-lever-handle-u-kit1323ls-apc-2/
2026-09-22 15:10:04,332 - INFO - Product scraped successfully: https://houseofrohl.com/edwardian-column-spout-hot-water-faucet-tank-and-filter-kit-polished-chrome-with-metal-lever-handle-u-kit1323ls-apc-2/
2026-09-22 15:10:04,332 - INFO - Opening URL: https://houseofrohl.com/edwardian-column-spout-hot-water-faucet-tank-and-filter-kit-polished-nickel-with-metal-lever-handle-u-kit1323ls-pn-2/
2026-09-22 15:10:06,731 - INFO - Product scraped successfully: https://houseofrohl.com/edwardian-column-spout-hot-water-faucet-tank-and-filter-kit-polished-nickel-with-metal-lever-handle-u-kit1323ls-pn-2/
2026-09-22 15:10:06,731 - INFO - Opening URL: https://houseofrohl.com/edwardian-column-spout-hot-water-faucet-tank-and-filter-kit-satin-english-gold-with-lever-handle-u-kit1323ls-seg-2/
2026-09-22 15:10:10,277 - INFO - Product scraped successfully: https://houseofrohl.com/edwardian-column-spout-hot-water-faucet-tank-and-filter-kit-satin-english-gold-with-lever-handle-u-kit1323ls-seg-2/
2026-09-22 15:10:10,277 - INFO - Opening URL: https://houseofrohl.com/edwardian-column-spout-hot-water-faucet-tank-and-filter-kit-satin-nickel-with-metal-lever-handle-u-kit1323ls-stn-2/
2026-09-22 15:10:12,604 - INFO - Product scraped successfully: https://houseofrohl.com/edwardian-column-spout-hot-water-faucet-tank-and-filter-kit-satin-nickel-with-metal-lever-handle-u-kit1323ls-stn-2/
2026-09-22 15:10:12,604 - INFO - Opening URL: https://houseofrohl.com/edwardian-column-spout-hot-water-faucet-tank-and-filter-kit-unlacquered-brass-with-metal-lever-handle-u-kit1323ls-ulb-2/
2026-09-22 15:10:14,881 - INFO - Product scraped successfully: https://houseofrohl.com/edwardian-column-spout-hot-water-faucet-tank-and-filter-kit-unlacquered-brass-with-metal-lever-handle-u-kit1323ls-ulb-2/
2026-09-22 15:10:14,881 - INFO - Opening URL: https://houseofrohl.com/georgian-era-c-spout-hot-water-faucet-tank-and-filter-kit-english-bronze-with-metal-lever-handle-u-kit1307ls-eb-2/
2026-09-22 15:10:17,352 - INFO - Product scraped successfully: https://houseofrohl.com/georgian-era-c-spout-hot-water-faucet-tank-and-filter-kit-english-bronze-with-metal-lever-handle-u-kit1307ls-eb-2/
2026-09-22 15:10:17,352 - INFO - Opening URL: https://houseofrohl.com/georgian-era-c-spout-hot-water-faucet-tank-and-filter-kit-english-gold-with-metal-lever-handle-u-kit1307ls-eg-2/
2026-09-22 15:10:19,563 - INFO - Product scraped successfully: https://houseofrohl.com/georgian-era-c-spout-hot-water-faucet-tank-and-filter-kit-english-gold-with-metal-lever-handle-u-kit1307ls-eg-2/
2026-09-22 15:10:19,563 - INFO - Opening URL: https://houseofrohl.com/georgian-era-c-spout-hot-water-faucet-tank-and-filter-kit-polished-chrome-with-metal-lever-handle-u-kit1307ls-apc-2/
2026-09-22 15:10:21,916 - INFO - Product scraped successfully: https://houseofrohl.com/georgian-era-c-spout-hot-water-faucet-tank-and-filter-kit-polished-chrome-with-metal-lever-handle-u-kit1307ls-apc-2/
2026-09-22 15:10:21,916 - INFO - Opening URL: https://houseofrohl.com/georgian-era-c-spout-hot-water-faucet-tank-and-filter-kit-polished-nickel-with-metal-lever-handle-u-kit1307ls-pn-2/
2026-09-22 15:10:24,340 - INFO - Product scraped successfully: https://houseofrohl.com/georgian-era-c-spout-hot-water-faucet-tank-and-filter-kit-polished-nickel-with-metal-lever-handle-u-kit1307ls-pn-2/
2026-09-22 15:10:24,340 - INFO - Opening URL: https://houseofrohl.com/georgian-era-c-spout-hot-water-faucet-tank-and-filter-kit-satin-english-gold-with-lever-handle-u-kit1307ls-seg-2/
2026-09-22 15:10:26,591 - INFO - Product scraped successfully: https://houseofrohl.com/georgian-era-c-spout-hot-water-faucet-tank-and-filter-kit-satin-english-gold-with-lever-handle-u-kit1307ls-seg-2/
2026-09-22 15:10:26,591 - INFO - Opening URL: https://houseofrohl.com/georgian-era-c-spout-hot-water-faucet-tank-and-filter-kit-satin-nickel-with-metal-lever-handle-u-kit1307ls-stn-2/
2026-09-22 15:10:28,907 - INFO - Product scraped successfully: https://houseofrohl.com/georgian-era-c-spout-hot-water-faucet-tank-and-filter-kit-satin-nickel-with-metal-lever-handle-u-kit1307ls-stn-2/
2026-09-22 15:10:28,907 - INFO - Opening URL: https://houseofrohl.com/georgian-era-c-spout-hot-water-faucet-tank-and-filter-kit-unlacquered-brass-with-metal-lever-handle-u-kit1307ls-ulb-2/
2026-09-22 15:10:31,106 - INFO - Product scraped successfully: https://houseofrohl.com/georgian-era-c-spout-hot-water-faucet-tank-and-filter-kit-unlacquered-brass-with-metal-lever-handle-u-kit1307ls-ulb-2/
2026-09-22 15:10:31,106 - INFO - Opening URL: https://houseofrohl.com/edwardian-column-spout-filter-faucet-english-bronze-with-metal-lever-handle-u-1621l-eb-2/
2026-09-22 15:10:33,425 - INFO - Product scraped successfully: https://houseofrohl.com/edwardian-column-spout-filter-faucet-english-bronze-with-metal-lever-handle-u-1621l-eb-2/
2026-09-22 15:10:33,425 - INFO - Opening URL: https://houseofrohl.com/edwardian-column-spout-filter-faucet-english-gold-with-metal-lever-handle-u-1621l-eg-2/
2026-09-22 15:10:36,319 - INFO - Product scraped successfully: https://houseofrohl.com/edwardian-column-spout-filter-faucet-english-gold-with-metal-lever-handle-u-1621l-eg-2/
2026-09-22 15:10:36,319 - INFO - Opening URL: https://houseofrohl.com/edwardian-column-spout-filter-faucet-polished-chrome-with-metal-lever-handle-u-1621l-apc-2/
2026-09-22 15:10:38,529 - INFO - Product scraped successfully: https://houseofrohl.com/edwardian-column-spout-filter-faucet-polished-chrome-with-metal-lever-handle-u-1621l-apc-2/
2026-09-22 15:10:38,529 - INFO - Opening URL: https://houseofrohl.com/edwardian-column-spout-filter-faucet-polished-nickel-with-metal-lever-handle-u-1621l-pn-2/
2026-09-22 15:10:41,457 - INFO - Product scraped successfully: https://houseofrohl.com/edwardian-column-spout-filter-faucet-polished-nickel-with-metal-lever-handle-u-1621l-pn-2/
2026-09-22 15:10:41,457 - INFO - Opening URL: https://houseofrohl.com/edwardian-column-spout-filter-faucet-satin-english-gold-with-lever-handle-u-1621l-seg-2/
2026-09-22 15:10:43,657 - INFO - Product scraped successfully: https://houseofrohl.com/edwardian-column-spout-filter-faucet-satin-english-gold-with-lever-handle-u-1621l-seg-2/
2026-09-22 15:10:43,657 - INFO - Opening URL: https://houseofrohl.com/edwardian-column-spout-filter-faucet-satin-nickel-with-metal-lever-handle-u-1621l-stn-2/
2026-09-22 15:10:46,555 - INFO - Product scraped successfully: https://houseofrohl.com/edwardian-column-spout-filter-faucet-satin-nickel-with-metal-lever-handle-u-1621l-stn-2/
2026-09-22 15:10:46,558 - INFO - Opening URL: https://houseofrohl.com/edwardian-column-spout-filter-faucet-unlacquered-brass-with-metal-lever-handle-model-number-u-1621l-ulb-2/
2026-09-22 15:10:49,898 - INFO - Product scraped successfully: https://houseofrohl.com/edwardian-column-spout-filter-faucet-unlacquered-brass-with-metal-lever-handle-model-number-u-1621l-ulb-2/
2026-09-22 15:10:49,898 - INFO - Opening URL: https://houseofrohl.com/edwardian-column-spout-filter-faucet-english-bronze-with-metal-lever-handle-u-kit1621l-eb-2/
2026-09-22 15:10:52,241 - INFO - Product scraped successfully: https://houseofrohl.com/edwardian-column-spout-filter-faucet-english-bronze-with-metal-lever-handle-u-kit1621l-eb-2/
2026-09-22 15:10:52,241 - INFO - Opening URL: https://houseofrohl.com/edwardian-column-spout-filter-faucet-english-gold-with-metal-lever-handle-u-kit1621l-eg-2/
2026-09-22 15:10:54,459 - INFO - Product scraped successfully: https://houseofrohl.com/edwardian-column-spout-filter-faucet-english-gold-with-metal-lever-handle-u-kit1621l-eg-2/
2026-09-22 15:10:54,459 - INFO - Opening URL: https://houseofrohl.com/edwardian-column-spout-filter-faucet-polished-chrome-with-metal-lever-handle-u-kit1621l-apc-2/
2026-09-22 15:10:56,633 - INFO - Product scraped successfully: https://houseofrohl.com/edwardian-column-spout-filter-faucet-polished-chrome-with-metal-lever-handle-u-kit1621l-apc-2/
2026-09-22 15:10:56,633 - INFO - Opening URL: https://houseofrohl.com/edwardian-column-spout-filter-faucet-polished-nickel-with-metal-lever-handle-u-kit1621l-pn-2/
2026-09-22 15:10:58,933 - INFO - Product scraped successfully: https://houseofrohl.com/edwardian-column-spout-filter-faucet-polished-nickel-with-metal-lever-handle-u-kit1621l-pn-2/
2026-09-22 15:10:58,933 - INFO - Opening URL: https://houseofrohl.com/edwardian-column-spout-filter-faucet-satin-english-gold-with-lever-handle-u-kit1621l-seg-2/
2026-09-22 15:11:01,155 - INFO - Product scraped successfully: https://houseofrohl.com/edwardian-column-spout-filter-faucet-satin-english-gold-with-lever-handle-u-kit1621l-seg-2/
2026-09-22 15:11:01,156 - INFO - Opening URL: https://houseofrohl.com/edwardian-column-spout-filter-faucet-satin-nickel-with-metal-lever-handle-u-kit1621l-stn-2/
2026-09-22 15:11:03,535 - INFO - Product scraped successfully: https://houseofrohl.com/edwardian-column-spout-filter-faucet-satin-nickel-with-metal-lever-handle-u-kit1621l-stn-2/
2026-09-22 15:11:03,535 - INFO - Opening URL: https://houseofrohl.com/edwardian-filter-kitchen-faucet-kit-unlacquered-brass-model-number-u-kit1621l-ulb-2/
2026-09-22 15:11:05,771 - INFO - Product scraped successfully: https://houseofrohl.com/edwardian-filter-kitchen-faucet-kit-unlacquered-brass-model-number-u-kit1621l-ulb-2/
2026-09-22 15:11:05,771 - INFO - Opening URL: https://houseofrohl.com/georgian-era-filtration-3-lever-bar-and-food-prep-faucet-english-bronze-with-metal-lever-handle-u-1220ls-eb-2/
2026-09-22 15:11:08,171 - INFO - Product scraped successfully: https://houseofrohl.com/georgian-era-filtration-3-lever-bar-and-food-prep-faucet-english-bronze-with-metal-lever-handle-u-1220ls-eb-2/
2026-09-22 15:11:08,171 - INFO - Opening URL: https://houseofrohl.com/georgian-era-filtration-3-lever-bar-and-food-prep-faucet-english-gold-with-metal-lever-handle-u-1220ls-eg-2/
2026-09-22 15:11:10,387 - INFO - Product scraped successfully: https://houseofrohl.com/georgian-era-filtration-3-lever-bar-and-food-prep-faucet-english-gold-with-metal-lever-handle-u-1220ls-eg-2/
2026-09-22 15:11:10,387 - INFO - Opening URL: https://houseofrohl.com/georgian-era-filtration-3-lever-bar-and-food-prep-faucet-polished-chrome-with-metal-lever-handle-u-1220ls-apc-2/
2026-09-22 15:11:12,797 - INFO - Product scraped successfully: https://houseofrohl.com/georgian-era-filtration-3-lever-bar-and-food-prep-faucet-polished-chrome-with-metal-lever-handle-u-1220ls-apc-2/
2026-09-22 15:11:12,797 - INFO - Opening URL: https://houseofrohl.com/georgian-era-filtration-3-lever-bar-and-food-prep-faucet-polished-nickel-with-metal-lever-handle-u-1220ls-pn-2/
2026-09-22 15:11:15,024 - INFO - Product scraped successfully: https://houseofrohl.com/georgian-era-filtration-3-lever-bar-and-food-prep-faucet-polished-nickel-with-metal-lever-handle-u-1220ls-pn-2/
2026-09-22 15:11:15,024 - INFO - Opening URL: https://houseofrohl.com/georgian-era-filtration-3-lever-bar-and-food-prep-faucet-satin-english-gold-with-lever-handle-u-1220ls-seg-2/
2026-09-22 15:11:17,271 - INFO - Product scraped successfully: https://houseofrohl.com/georgian-era-filtration-3-lever-bar-and-food-prep-faucet-satin-english-gold-with-lever-handle-u-1220ls-seg-2/
2026-09-22 15:11:17,271 - INFO - Opening URL: https://houseofrohl.com/georgian-era-filtration-3-lever-bar-and-food-prep-faucet-satin-nickel-with-metal-lever-handle-u-1220ls-stn-2/
2026-09-22 15:11:19,546 - INFO - Product scraped successfully: https://houseofrohl.com/georgian-era-filtration-3-lever-bar-and-food-prep-faucet-satin-nickel-with-metal-lever-handle-u-1220ls-stn-2/
2026-09-22 15:11:19,546 - INFO - Opening URL: https://houseofrohl.com/georgian-era-filtration-3-lever-bar-and-food-prep-faucet-unlacquered-brass-with-metal-lever-handle-model-number-u-1220ls-ulb-2/
2026-09-22 15:11:21,961 - INFO - Product scraped successfully: https://houseofrohl.com/georgian-era-filtration-3-lever-bar-and-food-prep-faucet-unlacquered-brass-with-metal-lever-handle-model-number-u-1220ls-ulb-2/
2026-09-22 15:11:21,961 - INFO - Opening URL: https://houseofrohl.com/georgian-era-filtration-3-lever-bar-and-food-prep-faucet-english-bronze-with-metal-lever-handle-u-kit1220ls-eb-2/
2026-09-22 15:11:24,856 - INFO - Product scraped successfully: https://houseofrohl.com/georgian-era-filtration-3-lever-bar-and-food-prep-faucet-english-bronze-with-metal-lever-handle-u-kit1220ls-eb-2/
2026-09-22 15:11:24,856 - INFO - Opening URL: https://houseofrohl.com/georgian-era-filtration-3-lever-bar-and-food-prep-faucet-english-gold-with-metal-lever-handle-u-kit1220ls-eg-2/
2026-09-22 15:11:27,961 - INFO - Product scraped successfully: https://houseofrohl.com/georgian-era-filtration-3-lever-bar-and-food-prep-faucet-english-gold-with-metal-lever-handle-u-kit1220ls-eg-2/
2026-09-22 15:11:27,961 - INFO - Opening URL: https://houseofrohl.com/georgian-era-filtration-3-lever-bar-and-food-prep-faucet-polished-chrome-with-metal-lever-handle-u-kit1220ls-apc-2/
2026-09-22 15:11:30,232 - INFO - Product scraped successfully: https://houseofrohl.com/georgian-era-filtration-3-lever-bar-and-food-prep-faucet-polished-chrome-with-metal-lever-handle-u-kit1220ls-apc-2/
2026-09-22 15:11:30,232 - INFO - Opening URL: https://houseofrohl.com/georgian-era-filtration-3-lever-bar-and-food-prep-faucet-polished-nickel-with-metal-lever-handle-u-kit1220ls-pn-2/
2026-09-22 15:11:32,408 - INFO - Product scraped successfully: https://houseofrohl.com/georgian-era-filtration-3-lever-bar-and-food-prep-faucet-polished-nickel-with-metal-lever-handle-u-kit1220ls-pn-2/
2026-09-22 15:11:32,408 - INFO - Opening URL: https://houseofrohl.com/georgian-era-filtration-kit-3-lever-bar-and-food-prep-faucet-satin-english-gold-with-lever-handle-u-kit1220ls-seg-2/
2026-09-22 15:11:34,976 - INFO - Product scraped successfully: https://houseofrohl.com/georgian-era-filtration-kit-3-lever-bar-and-food-prep-faucet-satin-english-gold-with-lever-handle-u-kit1220ls-seg-2/
2026-09-22 15:11:34,976 - INFO - Opening URL: https://houseofrohl.com/georgian-era-filtration-3-lever-bar-and-food-prep-faucet-satin-nickel-with-metal-lever-handle-u-kit1220ls-stn-2/
2026-09-22 15:11:37,273 - INFO - Product scraped successfully: https://houseofrohl.com/georgian-era-filtration-3-lever-bar-and-food-prep-faucet-satin-nickel-with-metal-lever-handle-u-kit1220ls-stn-2/
2026-09-22 15:11:37,273 - INFO - Opening URL: https://houseofrohl.com/georgian-era-filtration-3-lever-bar-and-food-prep-faucet-unlacquered-brass-with-metal-lever-handle-model-number-u-kit1220ls-ulb-2/
2026-09-22 15:11:40,429 - INFO - Product scraped successfully: https://houseofrohl.com/georgian-era-filtration-3-lever-bar-and-food-prep-faucet-unlacquered-brass-with-metal-lever-handle-model-number-u-kit1220ls-ulb-2/
2026-09-22 15:11:40,429 - INFO - Opening URL: https://houseofrohl.com/georgian-era-c-spout-filter-faucet-english-bronze-with-metal-lever-handle-u-kit1625l-eb-2/
2026-09-22 15:11:43,772 - INFO - Product scraped successfully: https://houseofrohl.com/georgian-era-c-spout-filter-faucet-english-bronze-with-metal-lever-handle-u-kit1625l-eb-2/
2026-09-22 15:11:43,772 - INFO - Opening URL: https://houseofrohl.com/georgian-era-c-spout-filter-faucet-english-gold-with-metal-lever-handle-u-kit1625l-eg-2/
2026-09-22 15:11:46,020 - INFO - Product scraped successfully: https://houseofrohl.com/georgian-era-c-spout-filter-faucet-english-gold-with-metal-lever-handle-u-kit1625l-eg-2/
2026-09-22 15:11:46,021 - INFO - Opening URL: https://houseofrohl.com/georgian-era-c-spout-filter-faucet-polished-chrome-with-metal-lever-handle-u-kit1625l-apc-2/
2026-09-22 15:11:48,231 - INFO - Product scraped successfully: https://houseofrohl.com/georgian-era-c-spout-filter-faucet-polished-chrome-with-metal-lever-handle-u-kit1625l-apc-2/
2026-09-22 15:11:48,231 - INFO - Opening URL: https://houseofrohl.com/georgian-era-c-spout-filter-faucet-polished-nickel-with-metal-lever-handle-u-kit1625l-pn-2/
2026-09-22 15:11:50,549 - INFO - Product scraped successfully: https://houseofrohl.com/georgian-era-c-spout-filter-faucet-polished-nickel-with-metal-lever-handle-u-kit1625l-pn-2/
2026-09-22 15:11:50,549 - INFO - Opening URL: https://houseofrohl.com/georgian-era-c-spout-filter-faucet-satin-english-gold-with-lever-handle-u-kit1625l-seg-2/
2026-09-22 15:11:52,668 - INFO - Product scraped successfully: https://houseofrohl.com/georgian-era-c-spout-filter-faucet-satin-english-gold-with-lever-handle-u-kit1625l-seg-2/
2026-09-22 15:11:52,668 - INFO - Opening URL: https://houseofrohl.com/georgian-era-c-spout-filter-faucet-satin-nickel-with-metal-lever-handle-u-kit1625l-stn-2/
2026-09-22 15:11:54,931 - INFO - Product scraped successfully: https://houseofrohl.com/georgian-era-c-spout-filter-faucet-satin-nickel-with-metal-lever-handle-u-kit1625l-stn-2/
2026-09-22 15:11:54,931 - INFO - Opening URL: https://houseofrohl.com/georgian-era-c-spout-filter-faucet-unlacquered-brass-with-metal-lever-handle-u-kit1625l-ulb-2/
2026-09-22 15:11:57,082 - INFO - Product scraped successfully: https://houseofrohl.com/georgian-era-c-spout-filter-faucet-unlacquered-brass-with-metal-lever-handle-u-kit1625l-ulb-2/
2026-09-22 15:11:57,082 - INFO - Opening URL: https://houseofrohl.com/georgian-era-c-spout-filter-faucet-english-bronze-with-metal-lever-handle-u-1625l-eb-2/
2026-09-22 15:11:59,367 - INFO - Product scraped successfully: https://houseofrohl.com/georgian-era-c-spout-filter-faucet-english-bronze-with-metal-lever-handle-u-1625l-eb-2/
2026-09-22 15:11:59,369 - INFO - Opening URL: https://houseofrohl.com/georgian-era-c-spout-filter-faucet-english-gold-with-metal-lever-handle-u-1625l-eg-2/
2026-09-22 15:12:03,306 - INFO - Product scraped successfully: https://houseofrohl.com/georgian-era-c-spout-filter-faucet-english-gold-with-metal-lever-handle-u-1625l-eg-2/
2026-09-22 15:12:03,306 - INFO - Opening URL: https://houseofrohl.com/georgian-era-c-spout-filter-faucet-polished-chrome-with-metal-lever-handle-u-1625l-apc-2/
2026-09-22 15:12:06,548 - INFO - Product scraped successfully: https://houseofrohl.com/georgian-era-c-spout-filter-faucet-polished-chrome-with-metal-lever-handle-u-1625l-apc-2/
2026-09-22 15:12:06,548 - INFO - Opening URL: https://houseofrohl.com/georgian-era-c-spout-filter-faucet-polished-nickel-with-metal-lever-handle-u-1625l-pn-2/
2026-09-22 15:12:10,109 - INFO - Product scraped successfully: https://houseofrohl.com/georgian-era-c-spout-filter-faucet-polished-nickel-with-metal-lever-handle-u-1625l-pn-2/
2026-09-22 15:12:10,109 - INFO - Opening URL: https://houseofrohl.com/georgian-era-c-spout-filter-faucet-satin-english-gold-with-lever-handle-u-1625l-seg-2/
2026-09-22 15:12:13,317 - INFO - Product scraped successfully: https://houseofrohl.com/georgian-era-c-spout-filter-faucet-satin-english-gold-with-lever-handle-u-1625l-seg-2/
2026-09-22 15:12:13,317 - INFO - Opening URL: https://houseofrohl.com/georgian-era-c-spout-filter-faucet-satin-nickel-with-metal-lever-handle-u-1625l-stn-2/
2026-09-22 15:12:16,587 - INFO - Product scraped successfully: https://houseofrohl.com/georgian-era-c-spout-filter-faucet-satin-nickel-with-metal-lever-handle-u-1625l-stn-2/
2026-09-22 15:12:16,587 - INFO - Opening URL: https://houseofrohl.com/georgian-era-c-spout-filter-faucet-unlacquered-brass-with-metal-lever-handle-u-1625l-ulb-2/
2026-09-22 15:12:19,612 - INFO - Product scraped successfully: https://houseofrohl.com/georgian-era-c-spout-filter-faucet-unlacquered-brass-with-metal-lever-handle-u-1625l-ulb-2/
2026-09-22 15:12:19,612 - INFO - Opening URL: https://houseofrohl.com/edwardian-column-spout-hot-water-faucet-english-bronze-with-metal-lever-handle-u-1323ls-eb-2/
2026-09-22 15:12:22,656 - INFO - Product scraped successfully: https://houseofrohl.com/edwardian-column-spout-hot-water-faucet-english-bronze-with-metal-lever-handle-u-1323ls-eb-2/
2026-09-22 15:12:22,656 - INFO - Opening URL: https://houseofrohl.com/edwardian-column-spout-hot-water-faucet-english-gold-with-metal-lever-handle-u-1323ls-eg-2/
2026-09-22 15:12:25,837 - INFO - Product scraped successfully: https://houseofrohl.com/edwardian-column-spout-hot-water-faucet-english-gold-with-metal-lever-handle-u-1323ls-eg-2/
2026-09-22 15:12:25,837 - INFO - Opening URL: https://houseofrohl.com/edwardian-column-spout-hot-water-faucet-polished-chrome-with-metal-lever-handle-u-1323ls-apc-2/
2026-09-22 15:12:29,100 - INFO - Product scraped successfully: https://houseofrohl.com/edwardian-column-spout-hot-water-faucet-polished-chrome-with-metal-lever-handle-u-1323ls-apc-2/
2026-09-22 15:12:29,100 - INFO - Opening URL: https://houseofrohl.com/edwardian-column-spout-hot-water-faucet-polished-nickel-with-metal-lever-handle-u-1323ls-pn-2/
2026-09-22 15:12:32,517 - INFO - Product scraped successfully: https://houseofrohl.com/edwardian-column-spout-hot-water-faucet-polished-nickel-with-metal-lever-handle-u-1323ls-pn-2/
2026-09-22 15:12:32,517 - INFO - Opening URL: https://houseofrohl.com/edwardian-column-spout-hot-water-faucet-satin-english-gold-with-lever-handle-u-1323ls-seg-2/
2026-09-22 15:12:39,028 - INFO - Product scraped successfully: https://houseofrohl.com/edwardian-column-spout-hot-water-faucet-satin-english-gold-with-lever-handle-u-1323ls-seg-2/
2026-09-22 15:12:39,028 - INFO - Opening URL: https://houseofrohl.com/edwardian-column-spout-hot-water-faucet-satin-nickel-with-metal-lever-handle-u-1323ls-stn-2/
2026-09-22 15:12:42,969 - INFO - Product scraped successfully: https://houseofrohl.com/edwardian-column-spout-hot-water-faucet-satin-nickel-with-metal-lever-handle-u-1323ls-stn-2/
2026-09-22 15:12:42,969 - INFO - Opening URL: https://houseofrohl.com/edwardian-column-spout-hot-water-faucet-unlacquered-brass-with-metal-lever-handle-u-1323ls-ulb-2/
2026-09-22 15:12:47,527 - INFO - Product scraped successfully: https://houseofrohl.com/edwardian-column-spout-hot-water-faucet-unlacquered-brass-with-metal-lever-handle-u-1323ls-ulb-2/
2026-09-22 15:12:47,527 - INFO - Opening URL: https://houseofrohl.com/georgian-era-c-spout-hot-water-faucet-english-bronze-with-metal-lever-handle-u-1307ls-eb-2/
2026-09-22 15:12:50,831 - INFO - Product scraped successfully: https://houseofrohl.com/georgian-era-c-spout-hot-water-faucet-english-bronze-with-metal-lever-handle-u-1307ls-eb-2/
2026-09-22 15:12:50,831 - INFO - Opening URL: https://houseofrohl.com/georgian-era-c-spout-hot-water-faucet-english-gold-with-metal-lever-handle-u-1307ls-eg-2/
2026-09-22 15:12:54,253 - INFO - Product scraped successfully: https://houseofrohl.com/georgian-era-c-spout-hot-water-faucet-english-gold-with-metal-lever-handle-u-1307ls-eg-2/
2026-09-22 15:12:54,253 - INFO - Opening URL: https://houseofrohl.com/georgian-era-c-spout-hot-water-faucet-polished-chrome-with-metal-lever-handle-u-1307ls-apc-2/
2026-09-22 15:12:57,431 - INFO - Product scraped successfully: https://houseofrohl.com/georgian-era-c-spout-hot-water-faucet-polished-chrome-with-metal-lever-handle-u-1307ls-apc-2/
2026-09-22 15:12:57,431 - INFO - Opening URL: https://houseofrohl.com/georgian-era-c-spout-hot-water-faucet-polished-nickel-with-metal-lever-handle-u-1307ls-pn-2/
2026-09-22 15:13:01,426 - INFO - Product scraped successfully: https://houseofrohl.com/georgian-era-c-spout-hot-water-faucet-polished-nickel-with-metal-lever-handle-u-1307ls-pn-2/
2026-09-22 15:13:01,426 - INFO - Opening URL: https://houseofrohl.com/georgian-era-c-spout-hot-water-faucet-satin-english-gold-with-lever-handle-u-1307ls-seg-2/
2026-09-22 15:13:04,745 - INFO - Product scraped successfully: https://houseofrohl.com/georgian-era-c-spout-hot-water-faucet-satin-english-gold-with-lever-handle-u-1307ls-seg-2/
2026-09-22 15:13:04,745 - INFO - Opening URL: https://houseofrohl.com/georgian-era-c-spout-hot-water-faucet-satin-nickel-with-metal-lever-handle-u-1307ls-stn-2/
2026-09-22 15:13:08,178 - INFO - Product scraped successfully: https://houseofrohl.com/georgian-era-c-spout-hot-water-faucet-satin-nickel-with-metal-lever-handle-u-1307ls-stn-2/
2026-09-22 15:13:08,178 - INFO - Opening URL: https://houseofrohl.com/georgian-era-c-spout-hot-water-faucet-unlacquered-brass-with-metal-lever-handle-u-1307ls-ulb-2/
2026-09-22 15:13:11,683 - INFO - Product scraped successfully: https://houseofrohl.com/georgian-era-c-spout-hot-water-faucet-unlacquered-brass-with-metal-lever-handle-u-1307ls-ulb-2/
2026-09-22 15:13:11,683 - INFO - Opening URL: https://houseofrohl.com/edwardian-single-hole-bar-and-food-prep-faucet-with-lever-handles-english-bronze-with-metal-lever-handle-u-4759eb-2/
2026-09-22 15:13:15,223 - INFO - Product scraped successfully: https://houseofrohl.com/edwardian-single-hole-bar-and-food-prep-faucet-with-lever-handles-english-bronze-with-metal-lever-handle-u-4759eb-2/
2026-09-22 15:13:15,223 - INFO - Opening URL: https://houseofrohl.com/edwardian-single-hole-bar-and-food-prep-faucet-with-lever-handles-english-gold-with-metal-lever-handle-u-4759eg-2/
2026-09-22 15:13:18,870 - INFO - Product scraped successfully: https://houseofrohl.com/edwardian-single-hole-bar-and-food-prep-faucet-with-lever-handles-english-gold-with-metal-lever-handle-u-4759eg-2/
2026-09-22 15:13:18,870 - INFO - Opening URL: https://houseofrohl.com/edwardian-single-hole-bar-and-food-prep-faucet-with-lever-handles-polished-chrome-with-metal-lever-handle-u-4759apc-2/
2026-09-22 15:13:22,081 - INFO - Product scraped successfully: https://houseofrohl.com/edwardian-single-hole-bar-and-food-prep-faucet-with-lever-handles-polished-chrome-with-metal-lever-handle-u-4759apc-2/
2026-09-22 15:13:22,081 - INFO - Opening URL: https://houseofrohl.com/edwardian-single-hole-bar-and-food-prep-faucet-with-lever-handles-polished-nickel-with-metal-lever-handle-u-4759pn-2/
2026-09-22 15:13:25,262 - INFO - Product scraped successfully: https://houseofrohl.com/edwardian-single-hole-bar-and-food-prep-faucet-with-lever-handles-polished-nickel-with-metal-lever-handle-u-4759pn-2/
2026-09-22 15:13:25,262 - INFO - Opening URL: https://houseofrohl.com/edwardian-bar-and-food-prep-faucet-with-lever-handles-satin-english-gold-with-lever-handle-u-4759seg-2/
2026-09-22 15:13:30,193 - INFO - Product scraped successfully: https://houseofrohl.com/edwardian-bar-and-food-prep-faucet-with-lever-handles-satin-english-gold-with-lever-handle-u-4759seg-2/
2026-09-22 15:13:30,193 - INFO - Opening URL: https://houseofrohl.com/edwardian-single-hole-bar-and-food-prep-faucet-with-lever-handles-satin-nickel-with-metal-lever-handle-u-4759stn-2/
2026-09-22 15:13:33,391 - INFO - Product scraped successfully: https://houseofrohl.com/edwardian-single-hole-bar-and-food-prep-faucet-with-lever-handles-satin-nickel-with-metal-lever-handle-u-4759stn-2/
2026-09-22 15:13:33,391 - INFO - Opening URL: https://houseofrohl.com/edwardian-single-hole-bar-and-food-prep-faucet-with-lever-handles-unlacquered-brass-with-metal-lever-handle-model-number-u-4759ulb-2/
2026-09-22 15:13:37,035 - INFO - Product scraped successfully: https://houseofrohl.com/edwardian-single-hole-bar-and-food-prep-faucet-with-lever-handles-unlacquered-brass-with-metal-lever-handle-model-number-u-4759ulb-2/
2026-09-22 15:13:37,035 - INFO - Opening URL: https://houseofrohl.com/edwardian-single-lever-single-hole-bar-and-food-prep-faucet-english-bronze-with-metal-lever-handle-u-4739eb-2/
2026-09-22 15:13:41,247 - INFO - Product scraped successfully: https://houseofrohl.com/edwardian-single-lever-single-hole-bar-and-food-prep-faucet-english-bronze-with-metal-lever-handle-u-4739eb-2/
2026-09-22 15:13:41,248 - INFO - Opening URL: https://houseofrohl.com/edwardian-single-lever-single-hole-bar-and-food-prep-faucet-english-gold-with-metal-lever-handle-u-4739eg-2/
2026-09-22 15:13:44,397 - INFO - Product scraped successfully: https://houseofrohl.com/edwardian-single-lever-single-hole-bar-and-food-prep-faucet-english-gold-with-metal-lever-handle-u-4739eg-2/
2026-09-22 15:13:44,397 - INFO - Opening URL: https://houseofrohl.com/edwardian-single-lever-single-hole-bar-and-food-prep-faucet-polished-chrome-with-metal-lever-handle-u-4739apc-2/
2026-09-22 15:13:48,210 - INFO - Product scraped successfully: https://houseofrohl.com/edwardian-single-lever-single-hole-bar-and-food-prep-faucet-polished-chrome-with-metal-lever-handle-u-4739apc-2/
2026-09-22 15:13:48,210 - INFO - Opening URL: https://houseofrohl.com/edwardian-single-lever-single-hole-bar-and-food-prep-faucet-polished-nickel-with-metal-lever-handle-u-4739pn-2/
2026-09-22 15:13:51,676 - INFO - Product scraped successfully: https://houseofrohl.com/edwardian-single-lever-single-hole-bar-and-food-prep-faucet-polished-nickel-with-metal-lever-handle-u-4739pn-2/
2026-09-22 15:13:51,676 - INFO - Opening URL: https://houseofrohl.com/edwardian-single-handle-bar-and-food-prep-faucet-satin-english-gold-with-lever-handle-u-4739seg-2/
2026-09-22 15:13:54,968 - INFO - Product scraped successfully: https://houseofrohl.com/edwardian-single-handle-bar-and-food-prep-faucet-satin-english-gold-with-lever-handle-u-4739seg-2/
2026-09-22 15:13:54,968 - INFO - Opening URL: https://houseofrohl.com/edwardian-single-lever-single-hole-bar-and-food-prep-faucet-satin-nickel-with-metal-lever-handle-u-4739stn-2/
2026-09-22 15:13:58,435 - INFO - Product scraped successfully: https://houseofrohl.com/edwardian-single-lever-single-hole-bar-and-food-prep-faucet-satin-nickel-with-metal-lever-handle-u-4739stn-2/
2026-09-22 15:13:58,435 - INFO - Opening URL: https://houseofrohl.com/edwardian-single-lever-single-hole-bar-and-food-prep-faucet-unlacquered-brass-with-metal-lever-handle-model-number-u-4739ulb-2/
2026-09-22 15:14:01,734 - INFO - Product scraped successfully: https://houseofrohl.com/edwardian-single-lever-single-hole-bar-and-food-prep-faucet-unlacquered-brass-with-metal-lever-handle-model-number-u-4739ulb-2/
2026-09-22 15:14:01,734 - INFO - Opening URL: https://houseofrohl.com/edwardian-single-hole-kitchen-faucet-with-lever-handles-and-sidespray-english-bronze-with-metal-lever-handle-u-4766eb-2/
2026-09-22 15:14:06,228 - INFO - Product scraped successfully: https://houseofrohl.com/edwardian-single-hole-kitchen-faucet-with-lever-handles-and-sidespray-english-bronze-with-metal-lever-handle-u-4766eb-2/
2026-09-22 15:14:06,228 - INFO - Opening URL: https://houseofrohl.com/edwardian-single-hole-kitchen-faucet-with-lever-handles-and-sidespray-english-gold-with-metal-lever-handle-u-4766eg-2/
2026-09-22 15:14:09,380 - INFO - Product scraped successfully: https://houseofrohl.com/edwardian-single-hole-kitchen-faucet-with-lever-handles-and-sidespray-english-gold-with-metal-lever-handle-u-4766eg-2/
2026-09-22 15:14:09,380 - INFO - Opening URL: https://houseofrohl.com/edwardian-single-hole-kitchen-faucet-with-lever-handles-and-sidespray-polished-chrome-with-metal-lever-handle-u-4766apc-2/
2026-09-22 15:14:14,328 - INFO - Product scraped successfully: https://houseofrohl.com/edwardian-single-hole-kitchen-faucet-with-lever-handles-and-sidespray-polished-chrome-with-metal-lever-handle-u-4766apc-2/
2026-09-22 15:14:14,328 - INFO - Opening URL: https://houseofrohl.com/edwardian-single-hole-kitchen-faucet-with-lever-handles-and-sidespray-polished-nickel-with-metal-lever-handle-u-4766pn-2/
2026-09-22 15:14:17,517 - INFO - Product scraped successfully: https://houseofrohl.com/edwardian-single-hole-kitchen-faucet-with-lever-handles-and-sidespray-polished-nickel-with-metal-lever-handle-u-4766pn-2/
2026-09-22 15:14:17,518 - INFO - Opening URL: https://houseofrohl.com/edwardian-kitchen-faucet-with-lever-handles-sidespray-satin-english-gold-with-lever-handle-u-4766seg-2/
2026-09-22 15:14:20,779 - INFO - Product scraped successfully: https://houseofrohl.com/edwardian-kitchen-faucet-with-lever-handles-sidespray-satin-english-gold-with-lever-handle-u-4766seg-2/
2026-09-22 15:14:20,780 - INFO - Opening URL: https://houseofrohl.com/edwardian-single-hole-kitchen-faucet-with-lever-handles-and-sidespray-satin-nickel-with-metal-lever-handle-u-4766stn-2/
2026-09-22 15:14:24,852 - INFO - Product scraped successfully: https://houseofrohl.com/edwardian-single-hole-kitchen-faucet-with-lever-handles-and-sidespray-satin-nickel-with-metal-lever-handle-u-4766stn-2/
2026-09-22 15:14:24,852 - INFO - Opening URL: https://houseofrohl.com/edwardian-single-hole-kitchen-faucet-with-lever-handles-and-sidespray-unlacquered-brass-with-metal-lever-handle-model-number-u-4766ulb-2/
2026-09-22 15:14:28,332 - INFO - Product scraped successfully: https://houseofrohl.com/edwardian-single-hole-kitchen-faucet-with-lever-handles-and-sidespray-unlacquered-brass-with-metal-lever-handle-model-number-u-4766ulb-2/
2026-09-22 15:14:28,332 - INFO - Opening URL: https://houseofrohl.com/edwardian-bridge-kitchen-faucet-with-sidespray-english-bronze-with-metal-lever-handle-u-4756l-eb-2/
2026-09-22 15:14:31,692 - INFO - Product scraped successfully: https://houseofrohl.com/edwardian-bridge-kitchen-faucet-with-sidespray-english-bronze-with-metal-lever-handle-u-4756l-eb-2/
2026-09-22 15:14:31,692 - INFO - Opening URL: https://houseofrohl.com/edwardian-bridge-kitchen-faucet-with-sidespray-english-gold-with-metal-lever-handle-u-4756l-eg-2/
2026-09-22 15:14:35,080 - INFO - Product scraped successfully: https://houseofrohl.com/edwardian-bridge-kitchen-faucet-with-sidespray-english-gold-with-metal-lever-handle-u-4756l-eg-2/
2026-09-22 15:14:35,080 - INFO - Opening URL: https://houseofrohl.com/edwardian-bridge-kitchen-faucet-with-sidespray-polished-chrome-with-metal-lever-handle-u-4756l-apc-2/
2026-09-22 15:14:38,165 - INFO - Product scraped successfully: https://houseofrohl.com/edwardian-bridge-kitchen-faucet-with-sidespray-polished-chrome-with-metal-lever-handle-u-4756l-apc-2/
2026-09-22 15:14:38,165 - INFO - Opening URL: https://houseofrohl.com/edwardian-bridge-kitchen-faucet-with-sidespray-polished-nickel-with-metal-lever-handle-u-4756l-pn-2/
2026-09-22 15:14:41,383 - INFO - Product scraped successfully: https://houseofrohl.com/edwardian-bridge-kitchen-faucet-with-sidespray-polished-nickel-with-metal-lever-handle-u-4756l-pn-2/
2026-09-22 15:14:41,384 - INFO - Opening URL: https://houseofrohl.com/edwardian-bridge-kitchen-faucet-with-sidespray-satin-english-gold-with-lever-handle-u-4756l-seg-2/
2026-09-22 15:14:44,745 - INFO - Product scraped successfully: https://houseofrohl.com/edwardian-bridge-kitchen-faucet-with-sidespray-satin-english-gold-with-lever-handle-u-4756l-seg-2/
2026-09-22 15:14:44,745 - INFO - Opening URL: https://houseofrohl.com/edwardian-bridge-kitchen-faucet-with-sidespray-satin-nickel-with-metal-lever-handle-u-4756l-stn-2/
2026-09-22 15:14:48,088 - INFO - Product scraped successfully: https://houseofrohl.com/edwardian-bridge-kitchen-faucet-with-sidespray-satin-nickel-with-metal-lever-handle-u-4756l-stn-2/
2026-09-22 15:14:48,088 - INFO - Opening URL: https://houseofrohl.com/edwardian-bridge-kitchen-faucet-with-sidespray-unlacquered-brass-with-metal-lever-handle-model-number-u-4756l-ulb-2/
2026-09-22 15:14:51,521 - INFO - Product scraped successfully: https://houseofrohl.com/edwardian-bridge-kitchen-faucet-with-sidespray-unlacquered-brass-with-metal-lever-handle-model-number-u-4756l-ulb-2/
2026-09-22 15:14:51,521 - INFO - Opening URL: https://houseofrohl.com/edwardian-single-lever-single-hole-kitchen-faucet-with-sidespray-english-bronze-with-metal-lever-handle-u-4746eb-2/
2026-09-22 15:14:54,815 - INFO - Product scraped successfully: https://houseofrohl.com/edwardian-single-lever-single-hole-kitchen-faucet-with-sidespray-english-bronze-with-metal-lever-handle-u-4746eb-2/
2026-09-22 15:14:54,815 - INFO - Opening URL: https://houseofrohl.com/edwardian-single-lever-single-hole-kitchen-faucet-with-sidespray-english-gold-with-metal-lever-handle-u-4746eg-2/
2026-09-22 15:14:58,538 - INFO - Product scraped successfully: https://houseofrohl.com/edwardian-single-lever-single-hole-kitchen-faucet-with-sidespray-english-gold-with-metal-lever-handle-u-4746eg-2/
2026-09-22 15:14:58,538 - INFO - Opening URL: https://houseofrohl.com/edwardian-single-lever-single-hole-kitchen-faucet-with-sidespray-polished-chrome-with-metal-lever-handle-u-4746apc-2/
2026-09-22 15:15:02,127 - INFO - Product scraped successfully: https://houseofrohl.com/edwardian-single-lever-single-hole-kitchen-faucet-with-sidespray-polished-chrome-with-metal-lever-handle-u-4746apc-2/
2026-09-22 15:15:02,127 - INFO - Opening URL: https://houseofrohl.com/edwardian-single-lever-single-hole-kitchen-faucet-with-sidespray-polished-nickel-with-metal-lever-handle-u-4746pn-2/
2026-09-22 15:15:06,200 - INFO - Product scraped successfully: https://houseofrohl.com/edwardian-single-lever-single-hole-kitchen-faucet-with-sidespray-polished-nickel-with-metal-lever-handle-u-4746pn-2/
2026-09-22 15:15:06,201 - INFO - Opening URL: https://houseofrohl.com/edwardian-single-handle-kitchen-faucet-with-sidespray-satin-english-gold-with-lever-handle-u-4746seg-2/
2026-09-22 15:15:09,377 - INFO - Product scraped successfully: https://houseofrohl.com/edwardian-single-handle-kitchen-faucet-with-sidespray-satin-english-gold-with-lever-handle-u-4746seg-2/
2026-09-22 15:15:09,377 - INFO - Opening URL: https://houseofrohl.com/edwardian-single-lever-single-hole-kitchen-faucet-with-sidespray-satin-nickel-with-metal-lever-handle-u-4746stn-2/
2026-09-22 15:15:12,750 - INFO - Product scraped successfully: https://houseofrohl.com/edwardian-single-lever-single-hole-kitchen-faucet-with-sidespray-satin-nickel-with-metal-lever-handle-u-4746stn-2/
2026-09-22 15:15:12,752 - INFO - Opening URL: https://houseofrohl.com/edwardian-single-lever-single-hole-kitchen-faucet-with-sidespray-unlacquered-brass-with-metal-lever-handle-model-number-u-4746ulb-2/
2026-09-22 15:15:16,046 - INFO - Product scraped successfully: https://houseofrohl.com/edwardian-single-lever-single-hole-kitchen-faucet-with-sidespray-unlacquered-brass-with-metal-lever-handle-model-number-u-4746ulb-2/
2026-09-22 15:15:16,046 - INFO - Opening URL: https://houseofrohl.com/edwardian-bridge-kitchen-faucet-with-sidespray-english-bronze-with-cross-handle-u-4755x-eb-2/
2026-09-22 15:15:19,615 - INFO - Product scraped successfully: https://houseofrohl.com/edwardian-bridge-kitchen-faucet-with-sidespray-english-bronze-with-cross-handle-u-4755x-eb-2/
2026-09-22 15:15:19,615 - INFO - Opening URL: https://houseofrohl.com/edwardian-bridge-kitchen-faucet-with-sidespray-english-gold-with-cross-handle-u-4755x-eg-2/
2026-09-22 15:15:22,881 - INFO - Product scraped successfully: https://houseofrohl.com/edwardian-bridge-kitchen-faucet-with-sidespray-english-gold-with-cross-handle-u-4755x-eg-2/
2026-09-22 15:15:22,882 - INFO - Opening URL: https://houseofrohl.com/edwardian-bridge-kitchen-faucet-with-sidespray-polished-chrome-with-cross-handle-u-4755x-apc-2/
2026-09-22 15:15:26,227 - INFO - Product scraped successfully: https://houseofrohl.com/edwardian-bridge-kitchen-faucet-with-sidespray-polished-chrome-with-cross-handle-u-4755x-apc-2/
2026-09-22 15:15:26,227 - INFO - Opening URL: https://houseofrohl.com/edwardian-bridge-kitchen-faucet-with-sidespray-polished-nickel-with-cross-handle-u-4755x-pn-2/
2026-09-22 15:15:29,545 - INFO - Product scraped successfully: https://houseofrohl.com/edwardian-bridge-kitchen-faucet-with-sidespray-polished-nickel-with-cross-handle-u-4755x-pn-2/
2026-09-22 15:15:29,545 - INFO - Opening URL: https://houseofrohl.com/edwardian-bridge-kitchen-faucet-with-sidespray-satin-english-gold-with-cross-handle-u-4755x-seg-2/
2026-09-22 15:15:33,445 - INFO - Product scraped successfully: https://houseofrohl.com/edwardian-bridge-kitchen-faucet-with-sidespray-satin-english-gold-with-cross-handle-u-4755x-seg-2/
2026-09-22 15:15:33,445 - INFO - Opening URL: https://houseofrohl.com/edwardian-bridge-kitchen-faucet-with-sidespray-satin-nickel-with-cross-handle-u-4755x-stn-2/
2026-09-22 15:15:36,642 - INFO - Product scraped successfully: https://houseofrohl.com/edwardian-bridge-kitchen-faucet-with-sidespray-satin-nickel-with-cross-handle-u-4755x-stn-2/
2026-09-22 15:15:36,642 - INFO - Opening URL: https://houseofrohl.com/edwardian-bridge-kitchen-faucet-with-sidespray-unlacquered-brass-with-cross-handle-model-number-u-4755x-ulb-2/
2026-09-22 15:15:40,925 - INFO - Product scraped successfully: https://houseofrohl.com/edwardian-bridge-kitchen-faucet-with-sidespray-unlacquered-brass-with-cross-handle-model-number-u-4755x-ulb-2/
2026-09-22 15:15:40,925 - INFO - Opening URL: https://houseofrohl.com/edwardian-4-hole-kitchen-faucet-with-sidespray-english-bronze-with-metal-lever-handle-u-4776l-eb-2/
2026-09-22 15:15:44,392 - INFO - Product scraped successfully: https://houseofrohl.com/edwardian-4-hole-kitchen-faucet-with-sidespray-english-bronze-with-metal-lever-handle-u-4776l-eb-2/
2026-09-22 15:15:44,392 - INFO - Opening URL: https://houseofrohl.com/edwardian-4-hole-kitchen-faucet-with-sidespray-english-gold-with-metal-lever-handle-u-4776l-eg-2/
2026-09-22 15:15:47,632 - INFO - Product scraped successfully: https://houseofrohl.com/edwardian-4-hole-kitchen-faucet-with-sidespray-english-gold-with-metal-lever-handle-u-4776l-eg-2/
2026-09-22 15:15:47,632 - INFO - Opening URL: https://houseofrohl.com/edwardian-4-hole-kitchen-faucet-with-sidespray-polished-chrome-with-metal-lever-handle-u-4776l-apc-2/
2026-09-22 15:15:51,586 - INFO - Product scraped successfully: https://houseofrohl.com/edwardian-4-hole-kitchen-faucet-with-sidespray-polished-chrome-with-metal-lever-handle-u-4776l-apc-2/
2026-09-22 15:15:51,586 - INFO - Opening URL: https://houseofrohl.com/edwardian-4-hole-kitchen-faucet-with-sidespray-polished-nickel-with-metal-lever-handle-u-4776l-pn-2/
2026-09-22 15:15:55,246 - INFO - Product scraped successfully: https://houseofrohl.com/edwardian-4-hole-kitchen-faucet-with-sidespray-polished-nickel-with-metal-lever-handle-u-4776l-pn-2/
2026-09-22 15:15:55,246 - INFO - Opening URL: https://houseofrohl.com/edwardian-kitchen-faucet-with-sidespray-satin-english-gold-with-lever-handle-u-4776l-seg-2/
2026-09-22 15:15:58,699 - INFO - Product scraped successfully: https://houseofrohl.com/edwardian-kitchen-faucet-with-sidespray-satin-english-gold-with-lever-handle-u-4776l-seg-2/
2026-09-22 15:15:58,699 - INFO - Opening URL: https://houseofrohl.com/edwardian-4-hole-kitchen-faucet-with-sidespray-satin-nickel-with-metal-lever-handle-u-4776l-stn-2/
2026-09-22 15:16:02,194 - INFO - Product scraped successfully: https://houseofrohl.com/edwardian-4-hole-kitchen-faucet-with-sidespray-satin-nickel-with-metal-lever-handle-u-4776l-stn-2/
2026-09-22 15:16:02,195 - INFO - Opening URL: https://houseofrohl.com/edwardian-4-hole-kitchen-faucet-with-sidespray-unlacquered-brass-with-metal-lever-handle-model-number-u-4776l-ulb-2/
2026-09-22 15:16:06,565 - INFO - Product scraped successfully: https://houseofrohl.com/edwardian-4-hole-kitchen-faucet-with-sidespray-unlacquered-brass-with-metal-lever-handle-model-number-u-4776l-ulb-2/
2026-09-22 15:16:06,566 - INFO - Opening URL: https://houseofrohl.com/edwardian-bridge-kitchen-faucet-with-sidespray-english-bronze-with-cross-handle-u-4763x-eb-2/
2026-09-22 15:16:10,539 - INFO - Product scraped successfully: https://houseofrohl.com/edwardian-bridge-kitchen-faucet-with-sidespray-english-bronze-with-cross-handle-u-4763x-eb-2/
2026-09-22 15:16:10,540 - INFO - Opening URL: https://houseofrohl.com/edwardian-bridge-kitchen-faucet-with-sidespray-english-gold-with-cross-handle-u-4763x-eg-2/
2026-09-22 15:16:14,817 - INFO - Product scraped successfully: https://houseofrohl.com/edwardian-bridge-kitchen-faucet-with-sidespray-english-gold-with-cross-handle-u-4763x-eg-2/
2026-09-22 15:16:14,818 - INFO - Opening URL: https://houseofrohl.com/edwardian-bridge-kitchen-faucet-with-sidespray-polished-chrome-with-cross-handle-u-4763x-apc-2/
2026-09-22 15:16:17,968 - INFO - Product scraped successfully: https://houseofrohl.com/edwardian-bridge-kitchen-faucet-with-sidespray-polished-chrome-with-cross-handle-u-4763x-apc-2/
2026-09-22 15:16:17,968 - INFO - Opening URL: https://houseofrohl.com/edwardian-bridge-kitchen-faucet-with-sidespray-polished-nickel-with-cross-handle-u-4763x-pn-2/
2026-09-22 15:16:21,731 - INFO - Product scraped successfully: https://houseofrohl.com/edwardian-bridge-kitchen-faucet-with-sidespray-polished-nickel-with-cross-handle-u-4763x-pn-2/
2026-09-22 15:16:21,731 - INFO - Opening URL: https://houseofrohl.com/edwardian-bridge-kitchen-faucet-with-sidespray-satin-english-gold-with-cross-handle-u-4763x-seg-2/
2026-09-22 15:16:24,955 - INFO - Product scraped successfully: https://houseofrohl.com/edwardian-bridge-kitchen-faucet-with-sidespray-satin-english-gold-with-cross-handle-u-4763x-seg-2/
2026-09-22 15:16:24,955 - INFO - Opening URL: https://houseofrohl.com/edwardian-bridge-kitchen-faucet-with-sidespray-satin-nickel-with-cross-handle-u-4763x-stn-2/
2026-09-22 15:16:28,214 - INFO - Product scraped successfully: https://houseofrohl.com/edwardian-bridge-kitchen-faucet-with-sidespray-satin-nickel-with-cross-handle-u-4763x-stn-2/
2026-09-22 15:16:28,214 - INFO - Opening URL: https://houseofrohl.com/edwardian-bridge-kitchen-faucet-with-sidespray-unlacquered-brass-with-cross-handle-model-number-u-4763x-ulb-2/
2026-09-22 15:16:31,788 - INFO - Product scraped successfully: https://houseofrohl.com/edwardian-bridge-kitchen-faucet-with-sidespray-unlacquered-brass-with-cross-handle-model-number-u-4763x-ulb-2/
2026-09-22 15:16:31,789 - INFO - Opening URL: https://houseofrohl.com/georgian-era-bridge-kitchen-faucet-english-bronze-with-metal-lever-handle-u-4791l-eb-2/
2026-09-22 15:16:35,039 - INFO - Product scraped successfully: https://houseofrohl.com/georgian-era-bridge-kitchen-faucet-english-bronze-with-metal-lever-handle-u-4791l-eb-2/
2026-09-22 15:16:35,039 - INFO - Opening URL: https://houseofrohl.com/georgian-era-bridge-kitchen-faucet-english-gold-with-metal-lever-handle-u-4791l-eg-2/
2026-09-22 15:16:38,233 - INFO - Product scraped successfully: https://houseofrohl.com/georgian-era-bridge-kitchen-faucet-english-gold-with-metal-lever-handle-u-4791l-eg-2/
2026-09-22 15:16:38,233 - INFO - Opening URL: https://houseofrohl.com/georgian-era-bridge-kitchen-faucet-polished-chrome-with-metal-lever-handle-u-4791l-apc-2/
2026-09-22 15:16:41,394 - INFO - Product scraped successfully: https://houseofrohl.com/georgian-era-bridge-kitchen-faucet-polished-chrome-with-metal-lever-handle-u-4791l-apc-2/
2026-09-22 15:16:41,395 - INFO - Opening URL: https://houseofrohl.com/georgian-era-bridge-kitchen-faucet-polished-nickel-with-metal-lever-handle-u-4791l-pn-2/
2026-09-22 15:16:44,742 - INFO - Product scraped successfully: https://houseofrohl.com/georgian-era-bridge-kitchen-faucet-polished-nickel-with-metal-lever-handle-u-4791l-pn-2/
2026-09-22 15:16:44,742 - INFO - Opening URL: https://houseofrohl.com/georgian-era-bridge-kitchen-faucet-satin-english-gold-with-lever-handle-u-4791l-seg-2/
2026-09-22 15:16:47,883 - INFO - Product scraped successfully: https://houseofrohl.com/georgian-era-bridge-kitchen-faucet-satin-english-gold-with-lever-handle-u-4791l-seg-2/
2026-09-22 15:16:47,883 - INFO - Opening URL: https://houseofrohl.com/georgian-era-bridge-kitchen-faucet-satin-nickel-with-metal-lever-handle-u-4791l-stn-2/
2026-09-22 15:16:50,336 - INFO - Product scraped successfully: https://houseofrohl.com/georgian-era-bridge-kitchen-faucet-satin-nickel-with-metal-lever-handle-u-4791l-stn-2/
2026-09-22 15:16:50,336 - INFO - Opening URL: https://houseofrohl.com/georgian-era-bridge-kitchen-faucet-unlacquered-brass-with-metal-lever-handle-model-number-u-4791l-ulb-2/
2026-09-22 15:16:54,292 - INFO - Product scraped successfully: https://houseofrohl.com/georgian-era-bridge-kitchen-faucet-unlacquered-brass-with-metal-lever-handle-model-number-u-4791l-ulb-2/
2026-09-22 15:16:54,292 - INFO - Opening URL: https://houseofrohl.com/georgian-era-bridge-kitchen-faucet-with-sidespray-english-bronze-with-metal-lever-handle-u-4719l-eb-2/
2026-09-22 15:16:58,871 - INFO - Product scraped successfully: https://houseofrohl.com/georgian-era-bridge-kitchen-faucet-with-sidespray-english-bronze-with-metal-lever-handle-u-4719l-eb-2/
2026-09-22 15:16:58,871 - INFO - Opening URL: https://houseofrohl.com/georgian-era-bridge-kitchen-faucet-with-sidespray-english-gold-with-metal-lever-handle-u-4719l-eg-2/
2026-09-22 15:17:02,056 - INFO - Product scraped successfully: https://houseofrohl.com/georgian-era-bridge-kitchen-faucet-with-sidespray-english-gold-with-metal-lever-handle-u-4719l-eg-2/
2026-09-22 15:17:02,056 - INFO - Opening URL: https://houseofrohl.com/georgian-era-bridge-kitchen-faucet-with-sidespray-polished-chrome-with-metal-lever-handle-u-4719l-apc-2/
2026-09-22 15:17:05,443 - INFO - Product scraped successfully: https://houseofrohl.com/georgian-era-bridge-kitchen-faucet-with-sidespray-polished-chrome-with-metal-lever-handle-u-4719l-apc-2/
2026-09-22 15:17:05,443 - INFO - Opening URL: https://houseofrohl.com/georgian-era-bridge-kitchen-faucet-with-sidespray-polished-nickel-with-metal-lever-handle-u-4719l-pn-2/
2026-09-22 15:17:08,748 - INFO - Product scraped successfully: https://houseofrohl.com/georgian-era-bridge-kitchen-faucet-with-sidespray-polished-nickel-with-metal-lever-handle-u-4719l-pn-2/
2026-09-22 15:17:08,749 - INFO - Opening URL: https://houseofrohl.com/georgian-era-bridge-kitchen-faucet-with-sidespray-satin-english-gold-with-metal-lever-handle-u-4719l-seg-2/
2026-09-22 15:17:12,143 - INFO - Product scraped successfully: https://houseofrohl.com/georgian-era-bridge-kitchen-faucet-with-sidespray-satin-english-gold-with-metal-lever-handle-u-4719l-seg-2/
2026-09-22 15:17:12,143 - INFO - Opening URL: https://houseofrohl.com/georgian-era-bridge-kitchen-faucet-with-sidespray-satin-nickel-with-metal-lever-handle-u-4719l-stn-2/
2026-09-22 15:17:15,342 - INFO - Product scraped successfully: https://houseofrohl.com/georgian-era-bridge-kitchen-faucet-with-sidespray-satin-nickel-with-metal-lever-handle-u-4719l-stn-2/
2026-09-22 15:17:15,344 - INFO - Opening URL: https://houseofrohl.com/georgian-era-bridge-kitchen-faucet-with-sidespray-unlacquered-brass-with-metal-lever-handle-u-4719l-ulb-2/
2026-09-22 15:17:18,622 - INFO - Product scraped successfully: https://houseofrohl.com/georgian-era-bridge-kitchen-faucet-with-sidespray-unlacquered-brass-with-metal-lever-handle-u-4719l-ulb-2/
2026-09-22 15:17:18,622 - INFO - Opening URL: https://houseofrohl.com/georgian-era-4-hole-c-spout-kitchen-faucet-with-sidespray-english-bronze-with-metal-lever-handle-u-4736l-eb-2/
2026-09-22 15:17:21,703 - INFO - Product scraped successfully: https://houseofrohl.com/georgian-era-4-hole-c-spout-kitchen-faucet-with-sidespray-english-bronze-with-metal-lever-handle-u-4736l-eb-2/
2026-09-22 15:17:21,705 - INFO - Opening URL: https://houseofrohl.com/georgian-era-4-hole-c-spout-kitchen-faucet-with-sidespray-english-gold-with-metal-lever-handle-u-4736l-eg-2/
2026-09-22 15:17:25,001 - INFO - Product scraped successfully: https://houseofrohl.com/georgian-era-4-hole-c-spout-kitchen-faucet-with-sidespray-english-gold-with-metal-lever-handle-u-4736l-eg-2/
2026-09-22 15:17:25,001 - INFO - Opening URL: https://houseofrohl.com/georgian-era-4-hole-c-spout-kitchen-faucet-with-sidespray-polished-chrome-with-metal-lever-handle-u-4736l-apc-2/
2026-09-22 15:17:28,493 - INFO - Product scraped successfully: https://houseofrohl.com/georgian-era-4-hole-c-spout-kitchen-faucet-with-sidespray-polished-chrome-with-metal-lever-handle-u-4736l-apc-2/
2026-09-22 15:17:28,493 - INFO - Opening URL: https://houseofrohl.com/georgian-era-4-hole-c-spout-kitchen-faucet-with-sidespray-polished-nickel-with-metal-lever-handle-u-4736l-pn-2/
2026-09-22 15:17:31,806 - INFO - Product scraped successfully: https://houseofrohl.com/georgian-era-4-hole-c-spout-kitchen-faucet-with-sidespray-polished-nickel-with-metal-lever-handle-u-4736l-pn-2/
2026-09-22 15:17:31,806 - INFO - Opening URL: https://houseofrohl.com/georgian-era-c-spout-kitchen-faucet-with-sidespray-satin-english-gold-with-lever-handle-u-4736l-seg-2/
2026-09-22 15:17:35,492 - INFO - Product scraped successfully: https://houseofrohl.com/georgian-era-c-spout-kitchen-faucet-with-sidespray-satin-english-gold-with-lever-handle-u-4736l-seg-2/
2026-09-22 15:17:35,492 - INFO - Opening URL: https://houseofrohl.com/georgian-era-4-hole-c-spout-kitchen-faucet-with-sidespray-satin-nickel-with-metal-lever-handle-u-4736l-stn-2/
2026-09-22 15:17:40,362 - INFO - Product scraped successfully: https://houseofrohl.com/georgian-era-4-hole-c-spout-kitchen-faucet-with-sidespray-satin-nickel-with-metal-lever-handle-u-4736l-stn-2/
2026-09-22 15:17:40,364 - INFO - Opening URL: https://houseofrohl.com/georgian-era-4-hole-c-spout-kitchen-faucet-with-sidespray-unlacquered-brass-with-metal-lever-handle-model-number-u-4736l-ulb-2/
2026-09-22 15:17:43,911 - INFO - Product scraped successfully: https://houseofrohl.com/georgian-era-4-hole-c-spout-kitchen-faucet-with-sidespray-unlacquered-brass-with-metal-lever-handle-model-number-u-4736l-ulb-2/
2026-09-22 15:17:43,911 - INFO - Opening URL: https://houseofrohl.com/georgian-era-4-hole-c-spout-kitchen-faucet-with-sidespray-english-bronze-with-cross-handle-u-4735x-eb-2/
2026-09-22 15:17:47,384 - INFO - Product scraped successfully: https://houseofrohl.com/georgian-era-4-hole-c-spout-kitchen-faucet-with-sidespray-english-bronze-with-cross-handle-u-4735x-eb-2/
2026-09-22 15:17:47,384 - INFO - Opening URL: https://houseofrohl.com/georgian-era-4-hole-c-spout-kitchen-faucet-with-sidespray-english-gold-with-cross-handle-u-4735x-eg-2/
2026-09-22 15:17:50,635 - INFO - Product scraped successfully: https://houseofrohl.com/georgian-era-4-hole-c-spout-kitchen-faucet-with-sidespray-english-gold-with-cross-handle-u-4735x-eg-2/
2026-09-22 15:17:50,636 - INFO - Opening URL: https://houseofrohl.com/georgian-era-4-hole-c-spout-kitchen-faucet-with-sidespray-polished-chrome-with-cross-handle-u-4735x-apc-2/
2026-09-22 15:17:54,053 - INFO - Product scraped successfully: https://houseofrohl.com/georgian-era-4-hole-c-spout-kitchen-faucet-with-sidespray-polished-chrome-with-cross-handle-u-4735x-apc-2/
2026-09-22 15:17:54,054 - INFO - Opening URL: https://houseofrohl.com/georgian-era-4-hole-c-spout-kitchen-faucet-with-sidespray-polished-nickel-with-cross-handle-u-4735x-pn-2/
2026-09-22 15:17:57,440 - INFO - Product scraped successfully: https://houseofrohl.com/georgian-era-4-hole-c-spout-kitchen-faucet-with-sidespray-polished-nickel-with-cross-handle-u-4735x-pn-2/
2026-09-22 15:17:57,440 - INFO - Opening URL: https://houseofrohl.com/georgian-era-c-spout-kitchen-faucet-with-sidespray-satin-english-gold-with-cross-handle-u-4735x-seg-2/
2026-09-22 15:18:01,042 - INFO - Product scraped successfully: https://houseofrohl.com/georgian-era-c-spout-kitchen-faucet-with-sidespray-satin-english-gold-with-cross-handle-u-4735x-seg-2/
2026-09-22 15:18:01,042 - INFO - Opening URL: https://houseofrohl.com/georgian-era-4-hole-c-spout-kitchen-faucet-with-sidespray-satin-nickel-with-cross-handle-u-4735x-stn-2/
2026-09-22 15:18:04,596 - INFO - Product scraped successfully: https://houseofrohl.com/georgian-era-4-hole-c-spout-kitchen-faucet-with-sidespray-satin-nickel-with-cross-handle-u-4735x-stn-2/
2026-09-22 15:18:04,596 - INFO - Opening URL: https://houseofrohl.com/georgian-era-4-hole-c-spout-kitchen-faucet-with-sidespray-unlacquered-brass-with-cross-handle-model-number-u-4735x-ulb-2/
2026-09-22 15:18:08,619 - INFO - Product scraped successfully: https://houseofrohl.com/georgian-era-4-hole-c-spout-kitchen-faucet-with-sidespray-unlacquered-brass-with-cross-handle-model-number-u-4735x-ulb-2/
2026-09-22 15:18:08,619 - INFO - Opening URL: https://houseofrohl.com/georgian-era-bridge-kitchen-faucet-with-sidespray-english-bronze-with-cross-handle-u-4718x-eb-2/
2026-09-22 15:18:12,340 - INFO - Product scraped successfully: https://houseofrohl.com/georgian-era-bridge-kitchen-faucet-with-sidespray-english-bronze-with-cross-handle-u-4718x-eb-2/
2026-09-22 15:18:12,340 - INFO - Opening URL: https://houseofrohl.com/georgian-era-bridge-kitchen-faucet-with-sidespray-english-gold-with-cross-handle-u-4718x-eg-2/
2026-09-22 15:18:15,592 - INFO - Product scraped successfully: https://houseofrohl.com/georgian-era-bridge-kitchen-faucet-with-sidespray-english-gold-with-cross-handle-u-4718x-eg-2/
2026-09-22 15:18:15,592 - INFO - Opening URL: https://houseofrohl.com/georgian-era-bridge-kitchen-faucet-with-sidespray-polished-chrome-with-cross-handle-u-4718x-apc-2/
2026-09-22 15:18:18,804 - INFO - Product scraped successfully: https://houseofrohl.com/georgian-era-bridge-kitchen-faucet-with-sidespray-polished-chrome-with-cross-handle-u-4718x-apc-2/
2026-09-22 15:18:18,804 - INFO - Opening URL: https://houseofrohl.com/georgian-era-bridge-kitchen-faucet-with-sidespray-polished-nickel-with-cross-handle-u-4718x-pn-2/
2026-09-22 15:18:21,908 - INFO - Product scraped successfully: https://houseofrohl.com/georgian-era-bridge-kitchen-faucet-with-sidespray-polished-nickel-with-cross-handle-u-4718x-pn-2/
2026-09-22 15:18:21,908 - INFO - Opening URL: https://houseofrohl.com/georgian-era-bridge-kitchen-faucet-with-sidespray-satin-english-gold-with-cross-handle-u-4718x-seg-2/
2026-09-22 15:18:25,379 - INFO - Product scraped successfully: https://houseofrohl.com/georgian-era-bridge-kitchen-faucet-with-sidespray-satin-english-gold-with-cross-handle-u-4718x-seg-2/
2026-09-22 15:18:25,379 - INFO - Opening URL: https://houseofrohl.com/georgian-era-bridge-kitchen-faucet-with-sidespray-satin-nickel-with-cross-handle-u-4718x-stn-2/
2026-09-22 15:18:28,519 - INFO - Product scraped successfully: https://houseofrohl.com/georgian-era-bridge-kitchen-faucet-with-sidespray-satin-nickel-with-cross-handle-u-4718x-stn-2/
2026-09-22 15:18:28,519 - INFO - Opening URL: https://houseofrohl.com/georgian-era-bridge-kitchen-faucet-with-sidespray-unlacquered-brass-with-metal-lever-handle-u-4718x-ulb-2/
2026-09-22 15:18:31,619 - INFO - Product scraped successfully: https://houseofrohl.com/georgian-era-bridge-kitchen-faucet-with-sidespray-unlacquered-brass-with-metal-lever-handle-u-4718x-ulb-2/
2026-09-22 15:18:31,619 - INFO - Opening URL: https://houseofrohl.com/georgian-era-single-lever-single-hole-bar-and-food-prep-faucet-english-bronze-with-metal-lever-handle-u-4700eb-2/
2026-09-22 15:18:35,086 - INFO - Product scraped successfully: https://houseofrohl.com/georgian-era-single-lever-single-hole-bar-and-food-prep-faucet-english-bronze-with-metal-lever-handle-u-4700eb-2/
2026-09-22 15:18:35,086 - INFO - Opening URL: https://houseofrohl.com/georgian-era-single-lever-single-hole-bar-and-food-prep-faucet-english-gold-with-metal-lever-handle-u-4700eg-2/
2026-09-22 15:18:38,341 - INFO - Product scraped successfully: https://houseofrohl.com/georgian-era-single-lever-single-hole-bar-and-food-prep-faucet-english-gold-with-metal-lever-handle-u-4700eg-2/
2026-09-22 15:18:38,452 - INFO - Opening URL: https://houseofrohl.com/georgian-era-single-lever-single-hole-bar-and-food-prep-faucet-polished-chrome-with-metal-lever-handle-u-4700apc-2/
2026-09-22 15:18:41,737 - INFO - Product scraped successfully: https://houseofrohl.com/georgian-era-single-lever-single-hole-bar-and-food-prep-faucet-polished-chrome-with-metal-lever-handle-u-4700apc-2/
2026-09-22 15:18:41,737 - INFO - Opening URL: https://houseofrohl.com/georgian-era-single-lever-single-hole-bar-and-food-prep-faucet-polished-nickel-with-metal-lever-handle-u-4700pn-2/
2026-09-22 15:18:44,905 - INFO - Product scraped successfully: https://houseofrohl.com/georgian-era-single-lever-single-hole-bar-and-food-prep-faucet-polished-nickel-with-metal-lever-handle-u-4700pn-2/
2026-09-22 15:18:44,905 - INFO - Opening URL: https://houseofrohl.com/georgian-era-single-lever-single-hole-bar-and-food-prep-faucet-satin-english-gold-with-metal-lever-handle-u-4700seg-2/
2026-09-22 15:18:48,034 - INFO - Product scraped successfully: https://houseofrohl.com/georgian-era-single-lever-single-hole-bar-and-food-prep-faucet-satin-english-gold-with-metal-lever-handle-u-4700seg-2/
2026-09-22 15:18:48,034 - INFO - Opening URL: https://houseofrohl.com/georgian-era-single-lever-single-hole-bar-and-food-prep-faucet-satin-nickel-with-metal-lever-handle-u-4700stn-2/
2026-09-22 15:18:51,225 - INFO - Product scraped successfully: https://houseofrohl.com/georgian-era-single-lever-single-hole-bar-and-food-prep-faucet-satin-nickel-with-metal-lever-handle-u-4700stn-2/
2026-09-22 15:18:51,225 - INFO - Opening URL: https://houseofrohl.com/georgian-era-single-lever-single-hole-bar-and-food-prep-faucet-unlacquered-brass-with-metal-lever-handle-u-4700ulb-2/
2026-09-22 15:18:54,611 - INFO - Product scraped successfully: https://houseofrohl.com/georgian-era-single-lever-single-hole-bar-and-food-prep-faucet-unlacquered-brass-with-metal-lever-handle-u-4700ulb-2/
2026-09-22 15:18:54,611 - INFO - Opening URL: https://houseofrohl.com/georgian-era-single-hole-bar-and-food-prep-faucet-english-bronze-with-metal-lever-handle-u-4711eb-2/
2026-09-22 15:18:58,205 - INFO - Product scraped successfully: https://houseofrohl.com/georgian-era-single-hole-bar-and-food-prep-faucet-english-bronze-with-metal-lever-handle-u-4711eb-2/
2026-09-22 15:18:58,205 - INFO - Opening URL: https://houseofrohl.com/georgian-era-single-hole-bar-and-food-prep-faucet-english-gold-with-metal-lever-handle-u-4711eg-2/
2026-09-22 15:19:01,366 - INFO - Product scraped successfully: https://houseofrohl.com/georgian-era-single-hole-bar-and-food-prep-faucet-english-gold-with-metal-lever-handle-u-4711eg-2/
2026-09-22 15:19:01,369 - INFO - Opening URL: https://houseofrohl.com/georgian-era-single-hole-bar-and-food-prep-faucet-polished-chrome-with-metal-lever-handle-u-4711apc-2/
2026-09-22 15:19:04,463 - INFO - Product scraped successfully: https://houseofrohl.com/georgian-era-single-hole-bar-and-food-prep-faucet-polished-chrome-with-metal-lever-handle-u-4711apc-2/
2026-09-22 15:19:04,463 - INFO - Opening URL: https://houseofrohl.com/georgian-era-single-hole-bar-and-food-prep-faucet-polished-nickel-with-metal-lever-handle-u-4711pn-2/
2026-09-22 15:19:08,047 - INFO - Product scraped successfully: https://houseofrohl.com/georgian-era-single-hole-bar-and-food-prep-faucet-polished-nickel-with-metal-lever-handle-u-4711pn-2/
2026-09-22 15:19:08,047 - INFO - Opening URL: https://houseofrohl.com/georgian-era-single-hole-bar-and-food-prep-faucet-satin-english-gold-with-metal-lever-handle-u-4711seg-2/
2026-09-22 15:19:11,265 - INFO - Product scraped successfully: https://houseofrohl.com/georgian-era-single-hole-bar-and-food-prep-faucet-satin-english-gold-with-metal-lever-handle-u-4711seg-2/
2026-09-22 15:19:11,265 - INFO - Opening URL: https://houseofrohl.com/georgian-era-single-hole-bar-and-food-prep-faucet-satin-nickel-with-metal-lever-handle-u-4711stn-2/
2026-09-22 15:19:14,413 - INFO - Product scraped successfully: https://houseofrohl.com/georgian-era-single-hole-bar-and-food-prep-faucet-satin-nickel-with-metal-lever-handle-u-4711stn-2/
2026-09-22 15:19:14,413 - INFO - Opening URL: https://houseofrohl.com/georgian-era-single-hole-bar-and-food-prep-faucet-unlacquered-brass-with-metal-lever-handle-model-number-u-4711ulb-2/
2026-09-22 15:19:17,634 - INFO - Product scraped successfully: https://houseofrohl.com/georgian-era-single-hole-bar-and-food-prep-faucet-unlacquered-brass-with-metal-lever-handle-model-number-u-4711ulb-2/
2026-09-22 15:19:17,634 - INFO - Opening URL: https://houseofrohl.com/georgian-era-pulldown-bar-and-food-prep-faucet-english-bronze-with-metal-lever-handle-u-4743eb-2/
2026-09-22 15:19:21,581 - INFO - Product scraped successfully: https://houseofrohl.com/georgian-era-pulldown-bar-and-food-prep-faucet-english-bronze-with-metal-lever-handle-u-4743eb-2/
2026-09-22 15:19:21,581 - INFO - Opening URL: https://houseofrohl.com/georgian-era-pulldown-bar-and-food-prep-faucet-english-gold-with-metal-lever-handle-u-4743eg-2/
2026-09-22 15:19:24,778 - INFO - Product scraped successfully: https://houseofrohl.com/georgian-era-pulldown-bar-and-food-prep-faucet-english-gold-with-metal-lever-handle-u-4743eg-2/
2026-09-22 15:19:24,778 - INFO - Opening URL: https://houseofrohl.com/georgian-era-pulldown-bar-and-food-prep-faucet-polished-chrome-with-metal-lever-handle-u-4743apc-2/
2026-09-22 15:19:28,236 - INFO - Product scraped successfully: https://houseofrohl.com/georgian-era-pulldown-bar-and-food-prep-faucet-polished-chrome-with-metal-lever-handle-u-4743apc-2/
2026-09-22 15:19:28,236 - INFO - Opening URL: https://houseofrohl.com/georgian-era-pulldown-bar-and-food-prep-faucet-polished-nickel-with-metal-lever-handle-u-4743pn-2/
2026-09-22 15:19:31,609 - INFO - Product scraped successfully: https://houseofrohl.com/georgian-era-pulldown-bar-and-food-prep-faucet-polished-nickel-with-metal-lever-handle-u-4743pn-2/
2026-09-22 15:19:31,609 - INFO - Opening URL: https://houseofrohl.com/georgian-era-pull-down-bar-and-food-prep-faucet-satin-english-gold-with-lever-handle-u-4743seg-2/
2026-09-22 15:19:34,734 - INFO - Product scraped successfully: https://houseofrohl.com/georgian-era-pull-down-bar-and-food-prep-faucet-satin-english-gold-with-lever-handle-u-4743seg-2/
2026-09-22 15:19:34,734 - INFO - Opening URL: https://houseofrohl.com/georgian-era-pulldown-bar-and-food-prep-faucet-satin-nickel-with-metal-lever-handle-u-4743stn-2/
2026-09-22 15:19:38,005 - INFO - Product scraped successfully: https://houseofrohl.com/georgian-era-pulldown-bar-and-food-prep-faucet-satin-nickel-with-metal-lever-handle-u-4743stn-2/
2026-09-22 15:19:38,005 - INFO - Opening URL: https://houseofrohl.com/georgian-era-pulldown-bar-and-food-prep-faucet-unlacquered-brass-with-metal-lever-handle-u-4743ulb-2/
2026-09-22 15:19:41,254 - INFO - Product scraped successfully: https://houseofrohl.com/georgian-era-pulldown-bar-and-food-prep-faucet-unlacquered-brass-with-metal-lever-handle-u-4743ulb-2/
2026-09-22 15:19:41,254 - INFO - Opening URL: https://houseofrohl.com/georgian-era-traditional-pulldown-faucet-english-bronze-with-metal-lever-handle-u-4744eb-2/
2026-09-22 15:19:44,634 - INFO - Product scraped successfully: https://houseofrohl.com/georgian-era-traditional-pulldown-faucet-english-bronze-with-metal-lever-handle-u-4744eb-2/
2026-09-22 15:19:44,634 - INFO - Opening URL: https://houseofrohl.com/georgian-era-traditional-pulldown-faucet-english-gold-with-metal-lever-handle-u-4744eg-2/
2026-09-22 15:19:47,724 - INFO - Product scraped successfully: https://houseofrohl.com/georgian-era-traditional-pulldown-faucet-english-gold-with-metal-lever-handle-u-4744eg-2/
2026-09-22 15:19:47,724 - INFO - Opening URL: https://houseofrohl.com/georgian-era-traditional-pulldown-faucet-polished-chrome-with-metal-lever-handle-u-4744apc-2/
2026-09-22 15:19:50,937 - INFO - Product scraped successfully: https://houseofrohl.com/georgian-era-traditional-pulldown-faucet-polished-chrome-with-metal-lever-handle-u-4744apc-2/
2026-09-22 15:19:50,937 - INFO - Opening URL: https://houseofrohl.com/georgian-era-traditional-pulldown-faucet-polished-nickel-with-metal-lever-handle-u-4744pn-2/
2026-09-22 15:19:54,215 - INFO - Product scraped successfully: https://houseofrohl.com/georgian-era-traditional-pulldown-faucet-polished-nickel-with-metal-lever-handle-u-4744pn-2/
2026-09-22 15:19:54,215 - INFO - Opening URL: https://houseofrohl.com/georgian-era-traditional-pull-down-faucet-satin-english-gold-with-lever-handle-u-4744seg-2/
2026-09-22 15:19:57,346 - INFO - Product scraped successfully: https://houseofrohl.com/georgian-era-traditional-pull-down-faucet-satin-english-gold-with-lever-handle-u-4744seg-2/
2026-09-22 15:19:57,346 - INFO - Opening URL: https://houseofrohl.com/georgian-era-traditional-pulldown-faucet-satin-nickel-with-metal-lever-handle-u-4744stn-2/
2026-09-22 15:20:01,571 - INFO - Product scraped successfully: https://houseofrohl.com/georgian-era-traditional-pulldown-faucet-satin-nickel-with-metal-lever-handle-u-4744stn-2/
2026-09-22 15:20:01,571 - INFO - Opening URL: https://houseofrohl.com/georgian-era-traditional-pulldown-faucet-unlacquered-brass-with-metal-lever-handle-u-4744ulb-2/
2026-09-22 15:20:04,855 - INFO - Product scraped successfully: https://houseofrohl.com/georgian-era-traditional-pulldown-faucet-unlacquered-brass-with-metal-lever-handle-u-4744ulb-2/
2026-09-22 15:20:04,855 - INFO - Opening URL: https://houseofrohl.com/georgian-era-single-lever-single-hole-kitchen-faucet-with-sidespray-english-bronze-with-metal-lever-handle-u-4702eb-2/
2026-09-22 15:20:08,194 - INFO - Product scraped successfully: https://houseofrohl.com/georgian-era-single-lever-single-hole-kitchen-faucet-with-sidespray-english-bronze-with-metal-lever-handle-u-4702eb-2/
2026-09-22 15:20:08,194 - INFO - Opening URL: https://houseofrohl.com/georgian-era-single-lever-single-hole-kitchen-faucet-with-sidespray-english-gold-with-metal-lever-handle-u-4702eg-2/
2026-09-22 15:20:11,197 - INFO - Product scraped successfully: https://houseofrohl.com/georgian-era-single-lever-single-hole-kitchen-faucet-with-sidespray-english-gold-with-metal-lever-handle-u-4702eg-2/
2026-09-22 15:20:11,197 - INFO - Opening URL: https://houseofrohl.com/georgian-era-single-lever-single-hole-kitchen-faucet-with-sidespray-polished-chrome-with-metal-lever-handle-u-4702apc-2/
2026-09-22 15:20:14,264 - INFO - Product scraped successfully: https://houseofrohl.com/georgian-era-single-lever-single-hole-kitchen-faucet-with-sidespray-polished-chrome-with-metal-lever-handle-u-4702apc-2/
2026-09-22 15:20:14,264 - INFO - Opening URL: https://houseofrohl.com/georgian-era-single-lever-single-hole-kitchen-faucet-with-sidespray-polished-nickel-with-metal-lever-handle-u-4702pn-2/
2026-09-22 15:20:17,527 - INFO - Product scraped successfully: https://houseofrohl.com/georgian-era-single-lever-single-hole-kitchen-faucet-with-sidespray-polished-nickel-with-metal-lever-handle-u-4702pn-2/
2026-09-22 15:20:17,527 - INFO - Opening URL: https://houseofrohl.com/georgian-era-single-lever-single-hole-kitchen-faucet-with-sidespray-satin-english-gold-with-metal-lever-handle-u-4702seg-2/
2026-09-22 15:20:20,615 - INFO - Product scraped successfully: https://houseofrohl.com/georgian-era-single-lever-single-hole-kitchen-faucet-with-sidespray-satin-english-gold-with-metal-lever-handle-u-4702seg-2/
2026-09-22 15:20:20,615 - INFO - Opening URL: https://houseofrohl.com/georgian-era-single-lever-single-hole-kitchen-faucet-with-sidespray-satin-nickel-with-metal-lever-handle-u-4702stn-2/
2026-09-22 15:20:23,758 - INFO - Product scraped successfully: https://houseofrohl.com/georgian-era-single-lever-single-hole-kitchen-faucet-with-sidespray-satin-nickel-with-metal-lever-handle-u-4702stn-2/
2026-09-22 15:20:23,758 - INFO - Opening URL: https://houseofrohl.com/georgian-era-single-lever-single-hole-kitchen-faucet-with-sidespray-unlacquered-brass-with-metal-lever-handle-model-number-u-4702ulb-2/
2026-09-22 15:20:27,064 - INFO - Product scraped successfully: https://houseofrohl.com/georgian-era-single-lever-single-hole-kitchen-faucet-with-sidespray-unlacquered-brass-with-metal-lever-handle-model-number-u-4702ulb-2/
2026-09-22 15:20:27,064 - INFO - Opening URL: https://houseofrohl.com/georgian-era-single-hole-kitchen-faucet-with-sidespray-english-bronze-with-metal-lever-handle-u-4710eb-2/
2026-09-22 15:20:30,419 - INFO - Product scraped successfully: https://houseofrohl.com/georgian-era-single-hole-kitchen-faucet-with-sidespray-english-bronze-with-metal-lever-handle-u-4710eb-2/
2026-09-22 15:20:30,419 - INFO - Opening URL: https://houseofrohl.com/georgian-era-single-hole-kitchen-faucet-with-sidespray-english-gold-with-metal-lever-handle-u-4710eg-2/
2026-09-22 15:20:33,820 - INFO - Product scraped successfully: https://houseofrohl.com/georgian-era-single-hole-kitchen-faucet-with-sidespray-english-gold-with-metal-lever-handle-u-4710eg-2/
2026-09-22 15:20:33,820 - INFO - Opening URL: https://houseofrohl.com/georgian-era-single-hole-kitchen-faucet-with-sidespray-polished-chrome-with-metal-lever-handle-u-4710apc-2/
2026-09-22 15:20:36,988 - INFO - Product scraped successfully: https://houseofrohl.com/georgian-era-single-hole-kitchen-faucet-with-sidespray-polished-chrome-with-metal-lever-handle-u-4710apc-2/
2026-09-22 15:20:36,988 - INFO - Opening URL: https://houseofrohl.com/georgian-era-single-hole-kitchen-faucet-with-sidespray-polished-nickel-with-metal-lever-handle-u-4710pn-2/
2026-09-22 15:20:40,631 - INFO - Product scraped successfully: https://houseofrohl.com/georgian-era-single-hole-kitchen-faucet-with-sidespray-polished-nickel-with-metal-lever-handle-u-4710pn-2/
2026-09-22 15:20:40,631 - INFO - Opening URL: https://houseofrohl.com/georgian-era-single-hole-kitchen-faucet-with-sidespray-satin-english-gold-with-metal-lever-handle-u-4710seg-2/
2026-09-22 15:20:43,897 - INFO - Product scraped successfully: https://houseofrohl.com/georgian-era-single-hole-kitchen-faucet-with-sidespray-satin-english-gold-with-metal-lever-handle-u-4710seg-2/
2026-09-22 15:20:43,897 - INFO - Opening URL: https://houseofrohl.com/georgian-era-single-hole-kitchen-faucet-with-sidespray-satin-nickel-with-metal-lever-handle-u-4710stn-2/
2026-09-22 15:20:47,084 - INFO - Product scraped successfully: https://houseofrohl.com/georgian-era-single-hole-kitchen-faucet-with-sidespray-satin-nickel-with-metal-lever-handle-u-4710stn-2/
2026-09-22 15:20:47,084 - INFO - Opening URL: https://houseofrohl.com/georgian-era-single-hole-kitchen-faucet-with-sidespray-unlacquered-brass-with-metal-lever-handle-model-number-u-4710ulb-2/
2026-09-22 15:20:50,251 - INFO - Product scraped successfully: https://houseofrohl.com/georgian-era-single-hole-kitchen-faucet-with-sidespray-unlacquered-brass-with-metal-lever-handle-model-number-u-4710ulb-2/
2026-09-22 15:20:50,251 - INFO - Opening URL: https://houseofrohl.com/san-julio-deck-mount-c-spout-3-leg-bridge-kitchen-faucet-with-sidespray-italian-brass-with-white-porcelain-lever-handle-a1461lpwsib-2/
2026-09-22 15:20:53,577 - INFO - Product scraped successfully: https://houseofrohl.com/san-julio-deck-mount-c-spout-3-leg-bridge-kitchen-faucet-with-sidespray-italian-brass-with-white-porcelain-lever-handle-a1461lpwsib-2/
2026-09-22 15:20:53,577 - INFO - Opening URL: https://houseofrohl.com/san-julio-deck-mount-c-spout-3-leg-bridge-kitchen-faucet-with-sidespray-polished-chrome-with-white-porcelain-lever-handle-a1461lpwsapc-2/
2026-09-22 15:20:56,900 - INFO - Product scraped successfully: https://houseofrohl.com/san-julio-deck-mount-c-spout-3-leg-bridge-kitchen-faucet-with-sidespray-polished-chrome-with-white-porcelain-lever-handle-a1461lpwsapc-2/
2026-09-22 15:20:56,900 - INFO - Opening URL: https://houseofrohl.com/san-julio-deck-mount-c-spout-3-leg-bridge-kitchen-faucet-with-sidespray-polished-nickel-with-white-porcelain-lever-handle-a1461lpwspn-2/
2026-09-22 15:21:00,564 - INFO - Product scraped successfully: https://houseofrohl.com/san-julio-deck-mount-c-spout-3-leg-bridge-kitchen-faucet-with-sidespray-polished-nickel-with-white-porcelain-lever-handle-a1461lpwspn-2/
2026-09-22 15:21:00,565 - INFO - Opening URL: https://houseofrohl.com/san-julio-deck-mount-c-spout-3-leg-bridge-kitchen-faucet-with-sidespray-satin-nickel-with-white-porcelain-lever-handle-a1461lpwsstn-2/
2026-09-22 15:21:03,873 - INFO - Product scraped successfully: https://houseofrohl.com/san-julio-deck-mount-c-spout-3-leg-bridge-kitchen-faucet-with-sidespray-satin-nickel-with-white-porcelain-lever-handle-a1461lpwsstn-2/
2026-09-22 15:21:03,873 - INFO - Opening URL: https://houseofrohl.com/san-julio-deck-mount-c-spout-3-leg-bridge-kitchen-faucet-with-sidespray-tuscan-brass-with-white-porcelain-lever-handle-a1461lpwstcb-2/
2026-09-22 15:21:06,970 - INFO - Product scraped successfully: https://houseofrohl.com/san-julio-deck-mount-c-spout-3-leg-bridge-kitchen-faucet-with-sidespray-tuscan-brass-with-white-porcelain-lever-handle-a1461lpwstcb-2/
2026-09-22 15:21:06,970 - INFO - Opening URL: https://houseofrohl.com/san-julio-deck-mount-c-spout-3-leg-bridge-kitchen-faucet-with-sidespray-italian-brass-with-five-spoke-cross-handle-a1461xwsib-2/
2026-09-22 15:21:10,456 - INFO - Product scraped successfully: https://houseofrohl.com/san-julio-deck-mount-c-spout-3-leg-bridge-kitchen-faucet-with-sidespray-italian-brass-with-five-spoke-cross-handle-a1461xwsib-2/
2026-09-22 15:21:10,456 - INFO - Opening URL: https://houseofrohl.com/san-julio-deck-mount-c-spout-3-leg-bridge-kitchen-faucet-with-sidespray-polished-chrome-with-five-spoke-cross-handle-a1461xwsapc-2/
2026-09-22 15:21:14,130 - INFO - Product scraped successfully: https://houseofrohl.com/san-julio-deck-mount-c-spout-3-leg-bridge-kitchen-faucet-with-sidespray-polished-chrome-with-five-spoke-cross-handle-a1461xwsapc-2/
2026-09-22 15:21:14,130 - INFO - Opening URL: https://houseofrohl.com/san-julio-deck-mount-c-spout-3-leg-bridge-kitchen-faucet-with-sidespray-polished-nickel-with-five-spoke-cross-handle-a1461xwspn-2/
2026-09-22 15:21:18,300 - INFO - Product scraped successfully: https://houseofrohl.com/san-julio-deck-mount-c-spout-3-leg-bridge-kitchen-faucet-with-sidespray-polished-nickel-with-five-spoke-cross-handle-a1461xwspn-2/
2026-09-22 15:21:18,300 - INFO - Opening URL: https://houseofrohl.com/san-julio-deck-mount-c-spout-3-leg-bridge-kitchen-faucet-with-sidespray-satin-nickel-with-five-spoke-cross-handle-a1461xwsstn-2/
2026-09-22 15:21:21,656 - INFO - Product scraped successfully: https://houseofrohl.com/san-julio-deck-mount-c-spout-3-leg-bridge-kitchen-faucet-with-sidespray-satin-nickel-with-five-spoke-cross-handle-a1461xwsstn-2/
2026-09-22 15:21:21,656 - INFO - Opening URL: https://houseofrohl.com/san-julio-deck-mount-c-spout-3-leg-bridge-kitchen-faucet-with-sidespray-tuscan-brass-with-five-spoke-cross-handle-a1461xwstcb-2/
2026-09-22 15:21:24,825 - INFO - Product scraped successfully: https://houseofrohl.com/san-julio-deck-mount-c-spout-3-leg-bridge-kitchen-faucet-with-sidespray-tuscan-brass-with-five-spoke-cross-handle-a1461xwstcb-2/
2026-09-22 15:21:24,825 - INFO - Opening URL: https://houseofrohl.com/san-julio-deck-mount-c-spout-3-leg-bridge-kitchen-faucet-with-sidespray-italian-brass-with-cross-handle-a1461xmwsib-2/
2026-09-22 15:21:28,141 - INFO - Product scraped successfully: https://houseofrohl.com/san-julio-deck-mount-c-spout-3-leg-bridge-kitchen-faucet-with-sidespray-italian-brass-with-cross-handle-a1461xmwsib-2/
2026-09-22 15:21:28,141 - INFO - Opening URL: https://houseofrohl.com/san-julio-deck-mount-c-spout-3-leg-bridge-kitchen-faucet-with-sidespray-polished-chrome-with-cross-handle-a1461xmwsapc-2/
2026-09-22 15:21:32,087 - INFO - Product scraped successfully: https://houseofrohl.com/san-julio-deck-mount-c-spout-3-leg-bridge-kitchen-faucet-with-sidespray-polished-chrome-with-cross-handle-a1461xmwsapc-2/
2026-09-22 15:21:32,087 - INFO - Opening URL: https://houseofrohl.com/san-julio-deck-mount-c-spout-3-leg-bridge-kitchen-faucet-with-sidespray-polished-nickel-with-cross-handle-a1461xmwspn-2/
2026-09-22 15:21:35,884 - INFO - Product scraped successfully: https://houseofrohl.com/san-julio-deck-mount-c-spout-3-leg-bridge-kitchen-faucet-with-sidespray-polished-nickel-with-cross-handle-a1461xmwspn-2/
2026-09-22 15:21:35,884 - INFO - Opening URL: https://houseofrohl.com/san-julio-deck-mount-c-spout-3-leg-bridge-kitchen-faucet-with-sidespray-satin-nickel-with-cross-handle-a1461xmwsstn-2/
2026-09-22 15:21:39,010 - INFO - Product scraped successfully: https://houseofrohl.com/san-julio-deck-mount-c-spout-3-leg-bridge-kitchen-faucet-with-sidespray-satin-nickel-with-cross-handle-a1461xmwsstn-2/
2026-09-22 15:21:39,010 - INFO - Opening URL: https://houseofrohl.com/san-julio-deck-mount-c-spout-3-leg-bridge-kitchen-faucet-with-sidespray-tuscan-brass-with-cross-handle-a1461xmwstcb-2/
2026-09-22 15:21:43,150 - INFO - Product scraped successfully: https://houseofrohl.com/san-julio-deck-mount-c-spout-3-leg-bridge-kitchen-faucet-with-sidespray-tuscan-brass-with-cross-handle-a1461xmwstcb-2/
2026-09-22 15:21:43,150 - INFO - Opening URL: https://houseofrohl.com/san-julio-deck-mount-c-spout-3-leg-bridge-kitchen-faucet-with-sidespray-italian-brass-with-metal-lever-handle-a1461lmwsib-2/
2026-09-22 15:21:46,412 - INFO - Product scraped successfully: https://houseofrohl.com/san-julio-deck-mount-c-spout-3-leg-bridge-kitchen-faucet-with-sidespray-italian-brass-with-metal-lever-handle-a1461lmwsib-2/
2026-09-22 15:21:46,412 - INFO - Opening URL: https://houseofrohl.com/san-julio-deck-mount-c-spout-3-leg-bridge-kitchen-faucet-with-sidespray-polished-chrome-with-metal-lever-handle-a1461lmwsapc-2/
2026-09-22 15:21:49,648 - INFO - Product scraped successfully: https://houseofrohl.com/san-julio-deck-mount-c-spout-3-leg-bridge-kitchen-faucet-with-sidespray-polished-chrome-with-metal-lever-handle-a1461lmwsapc-2/
2026-09-22 15:21:49,648 - INFO - Opening URL: https://houseofrohl.com/san-julio-deck-mount-c-spout-3-leg-bridge-kitchen-faucet-with-sidespray-polished-nickel-with-metal-lever-handle-a1461lmwspn-2/
2026-09-22 15:21:53,008 - INFO - Product scraped successfully: https://houseofrohl.com/san-julio-deck-mount-c-spout-3-leg-bridge-kitchen-faucet-with-sidespray-polished-nickel-with-metal-lever-handle-a1461lmwspn-2/
2026-09-22 15:21:53,008 - INFO - Opening URL: https://houseofrohl.com/san-julio-deck-mount-c-spout-3-leg-bridge-kitchen-faucet-with-sidespray-satin-nickel-with-metal-lever-handle-a1461lmwsstn-2/
2026-09-22 15:21:56,243 - INFO - Product scraped successfully: https://houseofrohl.com/san-julio-deck-mount-c-spout-3-leg-bridge-kitchen-faucet-with-sidespray-satin-nickel-with-metal-lever-handle-a1461lmwsstn-2/
2026-09-22 15:21:56,243 - INFO - Opening URL: https://houseofrohl.com/san-julio-deck-mount-c-spout-3-leg-bridge-kitchen-faucet-with-sidespray-tuscan-brass-with-metal-lever-handle-a1461lmwstcb-2/
2026-09-22 15:21:59,420 - INFO - Product scraped successfully: https://houseofrohl.com/san-julio-deck-mount-c-spout-3-leg-bridge-kitchen-faucet-with-sidespray-tuscan-brass-with-metal-lever-handle-a1461lmwstcb-2/
2026-09-22 15:21:59,420 - INFO - Opening URL: https://houseofrohl.com/cinquanta-single-hole-column-spout-bar-and-food-prep-faucet-with-sidespray-italian-brass-with-metal-lever-handle-a3650-6-5lmwsib-2/
2026-09-22 15:22:02,702 - INFO - Product scraped successfully: https://houseofrohl.com/cinquanta-single-hole-column-spout-bar-and-food-prep-faucet-with-sidespray-italian-brass-with-metal-lever-handle-a3650-6-5lmwsib-2/
2026-09-22 15:22:02,702 - INFO - Opening URL: https://houseofrohl.com/cinquanta-single-hole-column-spout-bar-and-food-prep-faucet-with-sidespray-polished-chrome-with-metal-lever-handle-a3650-6-5lmwsapc-2/
2026-09-22 15:22:05,923 - INFO - Product scraped successfully: https://houseofrohl.com/cinquanta-single-hole-column-spout-bar-and-food-prep-faucet-with-sidespray-polished-chrome-with-metal-lever-handle-a3650-6-5lmwsapc-2/
2026-09-22 15:22:05,923 - INFO - Opening URL: https://houseofrohl.com/cinquanta-single-hole-column-spout-bar-and-food-prep-faucet-with-sidespray-polished-nickel-with-metal-lever-handle-a3650-6-5lmwspn-2/
2026-09-22 15:22:08,938 - INFO - Product scraped successfully: https://houseofrohl.com/cinquanta-single-hole-column-spout-bar-and-food-prep-faucet-with-sidespray-polished-nickel-with-metal-lever-handle-a3650-6-5lmwspn-2/
2026-09-22 15:22:08,938 - INFO - Opening URL: https://houseofrohl.com/cinquanta-single-hole-column-spout-bar-and-food-prep-faucet-with-sidespray-satin-nickel-with-metal-lever-handle-a3650-6-5lmwsstn-2/
2026-09-22 15:22:12,458 - INFO - Product scraped successfully: https://houseofrohl.com/cinquanta-single-hole-column-spout-bar-and-food-prep-faucet-with-sidespray-satin-nickel-with-metal-lever-handle-a3650-6-5lmwsstn-2/
2026-09-22 15:22:12,458 - INFO - Opening URL: https://houseofrohl.com/cinquanta-single-hole-column-spout-bar-and-food-prep-faucet-with-sidespray-tuscan-brass-with-metal-lever-handle-a3650-6-5lmwstcb-2/
2026-09-22 15:22:16,038 - INFO - Product scraped successfully: https://houseofrohl.com/cinquanta-single-hole-column-spout-bar-and-food-prep-faucet-with-sidespray-tuscan-brass-with-metal-lever-handle-a3650-6-5lmwstcb-2/
2026-09-22 15:22:16,038 - INFO - Opening URL: https://houseofrohl.com/cinquanta-single-hole-column-spout-bar-and-food-prep-faucet-italian-brass-with-white-porcelain-lever-handle-a3650-6-5lpib-2/
2026-09-22 15:22:19,203 - INFO - Product scraped successfully: https://houseofrohl.com/cinquanta-single-hole-column-spout-bar-and-food-prep-faucet-italian-brass-with-white-porcelain-lever-handle-a3650-6-5lpib-2/
2026-09-22 15:22:19,203 - INFO - Opening URL: https://houseofrohl.com/cinquanta-single-hole-column-spout-bar-and-food-prep-faucet-polished-chrome-with-white-porcelain-lever-handle-a3650-6-5lpapc-2/
2026-09-22 15:22:22,347 - INFO - Product scraped successfully: https://houseofrohl.com/cinquanta-single-hole-column-spout-bar-and-food-prep-faucet-polished-chrome-with-white-porcelain-lever-handle-a3650-6-5lpapc-2/
2026-09-22 15:22:22,347 - INFO - Opening URL: https://houseofrohl.com/cinquanta-single-hole-column-spout-bar-and-food-prep-faucet-polished-nickel-with-white-porcelain-lever-handle-a3650-6-5lppn-2/
2026-09-22 15:22:25,401 - INFO - Product scraped successfully: https://houseofrohl.com/cinquanta-single-hole-column-spout-bar-and-food-prep-faucet-polished-nickel-with-white-porcelain-lever-handle-a3650-6-5lppn-2/
2026-09-22 15:22:25,401 - INFO - Opening URL: https://houseofrohl.com/cinquanta-single-hole-column-spout-bar-and-food-prep-faucet-satin-nickel-with-white-porcelain-lever-handle-a3650-6-5lpstn-2/
2026-09-22 15:22:28,528 - INFO - Product scraped successfully: https://houseofrohl.com/cinquanta-single-hole-column-spout-bar-and-food-prep-faucet-satin-nickel-with-white-porcelain-lever-handle-a3650-6-5lpstn-2/
2026-09-22 15:22:28,528 - INFO - Opening URL: https://houseofrohl.com/cinquanta-single-hole-column-spout-bar-and-food-prep-faucet-tuscan-brass-with-white-porcelain-lever-handle-a3650-6-5lptcb-2/
2026-09-22 15:22:30,980 - INFO - Product scraped successfully: https://houseofrohl.com/cinquanta-single-hole-column-spout-bar-and-food-prep-faucet-tuscan-brass-with-white-porcelain-lever-handle-a3650-6-5lptcb-2/
2026-09-22 15:22:30,980 - INFO - Opening URL: https://houseofrohl.com/cinquanta-single-hole-column-spout-bar-and-food-prep-faucet-with-sidespray-italian-brass-with-white-porcelain-lever-handle-a3650-6-5lpwsib-2/
2026-09-22 15:22:34,171 - INFO - Product scraped successfully: https://houseofrohl.com/cinquanta-single-hole-column-spout-bar-and-food-prep-faucet-with-sidespray-italian-brass-with-white-porcelain-lever-handle-a3650-6-5lpwsib-2/
2026-09-22 15:22:34,171 - INFO - Opening URL: https://houseofrohl.com/cinquanta-single-hole-column-spout-bar-and-food-prep-faucet-with-sidespray-polished-chrome-with-white-porcelain-lever-handle-a3650-6-5lpwsapc-2/
2026-09-22 15:22:37,368 - INFO - Product scraped successfully: https://houseofrohl.com/cinquanta-single-hole-column-spout-bar-and-food-prep-faucet-with-sidespray-polished-chrome-with-white-porcelain-lever-handle-a3650-6-5lpwsapc-2/
2026-09-22 15:22:37,368 - INFO - Opening URL: https://houseofrohl.com/cinquanta-single-hole-column-spout-bar-and-food-prep-faucet-with-sidespray-polished-nickel-with-white-porcelain-lever-handle-a3650-6-5lpwspn-2/
2026-09-22 15:22:40,390 - INFO - Product scraped successfully: https://houseofrohl.com/cinquanta-single-hole-column-spout-bar-and-food-prep-faucet-with-sidespray-polished-nickel-with-white-porcelain-lever-handle-a3650-6-5lpwspn-2/
2026-09-22 15:22:40,390 - INFO - Opening URL: https://houseofrohl.com/cinquanta-single-hole-column-spout-bar-and-food-prep-faucet-with-sidespray-satin-nickel-with-white-porcelain-lever-handle-a3650-6-5lpwsstn-2/
2026-09-22 15:22:44,265 - INFO - Product scraped successfully: https://houseofrohl.com/cinquanta-single-hole-column-spout-bar-and-food-prep-faucet-with-sidespray-satin-nickel-with-white-porcelain-lever-handle-a3650-6-5lpwsstn-2/
2026-09-22 15:22:44,265 - INFO - Opening URL: https://houseofrohl.com/cinquanta-single-hole-column-spout-bar-and-food-prep-faucet-with-sidespray-tuscan-brass-with-white-porcelain-lever-handle-a3650-6-5lpwstcb-2/
2026-09-22 15:22:47,459 - INFO - Product scraped successfully: https://houseofrohl.com/cinquanta-single-hole-column-spout-bar-and-food-prep-faucet-with-sidespray-tuscan-brass-with-white-porcelain-lever-handle-a3650-6-5lpwstcb-2/
2026-09-22 15:22:47,459 - INFO - Opening URL: https://houseofrohl.com/cinquanta-single-hole-column-spout-bar-and-food-prep-faucet-italian-brass-with-metal-lever-handle-a3650-6-5lmib-2/
2026-09-22 15:22:50,725 - INFO - Product scraped successfully: https://houseofrohl.com/cinquanta-single-hole-column-spout-bar-and-food-prep-faucet-italian-brass-with-metal-lever-handle-a3650-6-5lmib-2/
2026-09-22 15:22:50,725 - INFO - Opening URL: https://houseofrohl.com/cinquanta-single-hole-column-spout-bar-and-food-prep-faucet-polished-chrome-with-metal-lever-handle-a3650-6-5lmapc-2/
2026-09-22 15:22:54,119 - INFO - Product scraped successfully: https://houseofrohl.com/cinquanta-single-hole-column-spout-bar-and-food-prep-faucet-polished-chrome-with-metal-lever-handle-a3650-6-5lmapc-2/
2026-09-22 15:22:54,119 - INFO - Opening URL: https://houseofrohl.com/cinquanta-single-hole-column-spout-bar-and-food-prep-faucet-polished-nickel-with-metal-lever-handle-a3650-6-5lmpn-2/
2026-09-22 15:22:57,386 - INFO - Product scraped successfully: https://houseofrohl.com/cinquanta-single-hole-column-spout-bar-and-food-prep-faucet-polished-nickel-with-metal-lever-handle-a3650-6-5lmpn-2/
2026-09-22 15:22:57,386 - INFO - Opening URL: https://houseofrohl.com/cinquanta-single-hole-column-spout-bar-and-food-prep-faucet-satin-nickel-with-metal-lever-handle-a3650-6-5lmstn-2/
2026-09-22 15:23:00,572 - INFO - Product scraped successfully: https://houseofrohl.com/cinquanta-single-hole-column-spout-bar-and-food-prep-faucet-satin-nickel-with-metal-lever-handle-a3650-6-5lmstn-2/
2026-09-22 15:23:00,572 - INFO - Opening URL: https://houseofrohl.com/cinquanta-single-hole-column-spout-bar-and-food-prep-faucet-tuscan-brass-with-metal-lever-handle-a3650-6-5lmtcb-2/
2026-09-22 15:23:03,854 - INFO - Product scraped successfully: https://houseofrohl.com/cinquanta-single-hole-column-spout-bar-and-food-prep-faucet-tuscan-brass-with-metal-lever-handle-a3650-6-5lmtcb-2/
2026-09-22 15:23:03,854 - INFO - Opening URL: https://houseofrohl.com/cinquanta-acqui-bar-food-prep-kitchen-faucet-unlacquered-brass-a3650-6-5lmulb-2/
2026-09-22 15:23:06,906 - INFO - Product scraped successfully: https://houseofrohl.com/cinquanta-acqui-bar-food-prep-kitchen-faucet-unlacquered-brass-a3650-6-5lmulb-2/
2026-09-22 15:23:06,906 - INFO - Opening URL: https://houseofrohl.com/cinquanta-single-hole-column-spout-kitchen-faucet-with-sidespray-and-extended-spout-italian-brass-with-metal-lever-handle-a3650-11lmwsib-2/
2026-09-22 15:23:10,471 - INFO - Product scraped successfully: https://houseofrohl.com/cinquanta-single-hole-column-spout-kitchen-faucet-with-sidespray-and-extended-spout-italian-brass-with-metal-lever-handle-a3650-11lmwsib-2/
2026-09-22 15:23:10,471 - INFO - Opening URL: https://houseofrohl.com/cinquanta-single-hole-column-spout-kitchen-faucet-with-sidespray-and-extended-spout-polished-chrome-with-metal-lever-handle-a3650-11lmwsapc-2/
2026-09-22 15:23:13,898 - INFO - Product scraped successfully: https://houseofrohl.com/cinquanta-single-hole-column-spout-kitchen-faucet-with-sidespray-and-extended-spout-polished-chrome-with-metal-lever-handle-a3650-11lmwsapc-2/
2026-09-22 15:23:13,898 - INFO - Opening URL: https://houseofrohl.com/cinquanta-single-hole-column-spout-kitchen-faucet-with-sidespray-and-extended-spout-polished-nickel-with-metal-lever-handle-a3650-11lmwspn-2/
2026-09-22 15:23:17,073 - INFO - Product scraped successfully: https://houseofrohl.com/cinquanta-single-hole-column-spout-kitchen-faucet-with-sidespray-and-extended-spout-polished-nickel-with-metal-lever-handle-a3650-11lmwspn-2/
2026-09-22 15:23:17,073 - INFO - Opening URL: https://houseofrohl.com/cinquanta-single-hole-column-spout-kitchen-faucet-with-sidespray-and-extended-spout-satin-nickel-with-metal-lever-handle-a3650-11lmwsstn-2/
2026-09-22 15:23:20,187 - INFO - Product scraped successfully: https://houseofrohl.com/cinquanta-single-hole-column-spout-kitchen-faucet-with-sidespray-and-extended-spout-satin-nickel-with-metal-lever-handle-a3650-11lmwsstn-2/
2026-09-22 15:23:20,187 - INFO - Opening URL: https://houseofrohl.com/cinquanta-single-hole-column-spout-kitchen-faucet-with-sidespray-and-extended-spout-tuscan-brass-with-metal-lever-handle-a3650-11lmwstcb-2/
2026-09-22 15:23:23,716 - INFO - Product scraped successfully: https://houseofrohl.com/cinquanta-single-hole-column-spout-kitchen-faucet-with-sidespray-and-extended-spout-tuscan-brass-with-metal-lever-handle-a3650-11lmwstcb-2/
2026-09-22 15:23:23,716 - INFO - Opening URL: https://houseofrohl.com/san-julio-c-spout-filter-faucet-italian-brass-with-metal-lever-handle-akit1635lmib-2/
2026-09-22 15:23:27,412 - INFO - Product scraped successfully: https://houseofrohl.com/san-julio-c-spout-filter-faucet-italian-brass-with-metal-lever-handle-akit1635lmib-2/
2026-09-22 15:23:27,412 - INFO - Opening URL: https://houseofrohl.com/san-julio-c-spout-filter-faucet-polished-chrome-with-metal-lever-handle-akit1635lmapc-2/
2026-09-22 15:23:31,378 - INFO - Product scraped successfully: https://houseofrohl.com/san-julio-c-spout-filter-faucet-polished-chrome-with-metal-lever-handle-akit1635lmapc-2/
2026-09-22 15:23:31,378 - INFO - Opening URL: https://houseofrohl.com/san-julio-c-spout-filter-faucet-polished-nickel-with-metal-lever-handle-akit1635lmpn-2/
2026-09-22 15:23:34,705 - INFO - Product scraped successfully: https://houseofrohl.com/san-julio-c-spout-filter-faucet-polished-nickel-with-metal-lever-handle-akit1635lmpn-2/
2026-09-22 15:23:34,705 - INFO - Opening URL: https://houseofrohl.com/san-julio-c-spout-filter-faucet-satin-nickel-with-metal-lever-handle-akit1635lmstn-2/
2026-09-22 15:23:37,873 - INFO - Product scraped successfully: https://houseofrohl.com/san-julio-c-spout-filter-faucet-satin-nickel-with-metal-lever-handle-akit1635lmstn-2/
2026-09-22 15:23:37,873 - INFO - Opening URL: https://houseofrohl.com/san-julio-c-spout-filter-faucet-tuscan-brass-with-metal-lever-handle-akit1635lmtcb-2/
2026-09-22 15:23:41,395 - INFO - Product scraped successfully: https://houseofrohl.com/san-julio-c-spout-filter-faucet-tuscan-brass-with-metal-lever-handle-akit1635lmtcb-2/
2026-09-22 15:23:41,395 - INFO - Opening URL: https://houseofrohl.com/san-julio-c-spout-filter-faucet-unlacquered-brass-with-metal-lever-handle-akit1635lmulb-2/
2026-09-22 15:23:44,653 - INFO - Product scraped successfully: https://houseofrohl.com/san-julio-c-spout-filter-faucet-unlacquered-brass-with-metal-lever-handle-akit1635lmulb-2/
2026-09-22 15:23:44,653 - INFO - Opening URL: https://houseofrohl.com/san-julio-c-spout-filter-faucet-italian-brass-with-metal-lever-handle-a1635lmib-2/
2026-09-22 15:23:48,601 - INFO - Product scraped successfully: https://houseofrohl.com/san-julio-c-spout-filter-faucet-italian-brass-with-metal-lever-handle-a1635lmib-2/
2026-09-22 15:23:48,601 - INFO - Opening URL: https://houseofrohl.com/san-julio-c-spout-filter-faucet-matte-black-with-metal-lever-handle-a1635lmmb-2/
2026-09-22 15:23:52,214 - INFO - Product scraped successfully: https://houseofrohl.com/san-julio-c-spout-filter-faucet-matte-black-with-metal-lever-handle-a1635lmmb-2/
2026-09-22 15:23:52,214 - INFO - Opening URL: https://houseofrohl.com/san-julio-c-spout-filter-faucet-polished-chrome-with-metal-lever-handle-a1635lmapc-2/
2026-09-22 15:23:55,452 - INFO - Product scraped successfully: https://houseofrohl.com/san-julio-c-spout-filter-faucet-polished-chrome-with-metal-lever-handle-a1635lmapc-2/
2026-09-22 15:23:55,452 - INFO - Opening URL: https://houseofrohl.com/san-julio-c-spout-filter-faucet-polished-nickel-with-metal-lever-handle-a1635lmpn-2/
2026-09-22 15:23:59,265 - INFO - Product scraped successfully: https://houseofrohl.com/san-julio-c-spout-filter-faucet-polished-nickel-with-metal-lever-handle-a1635lmpn-2/
2026-09-22 15:23:59,265 - INFO - Opening URL: https://houseofrohl.com/san-julio-c-spout-filter-faucet-satin-nickel-with-metal-lever-handle-a1635lmstn-2/
2026-09-22 15:24:02,660 - INFO - Product scraped successfully: https://houseofrohl.com/san-julio-c-spout-filter-faucet-satin-nickel-with-metal-lever-handle-a1635lmstn-2/
2026-09-22 15:24:02,660 - INFO - Opening URL: https://houseofrohl.com/san-julio-c-spout-filter-faucet-tuscan-brass-with-metal-lever-handle-a1635lmtcb-2/
2026-09-22 15:24:05,864 - INFO - Product scraped successfully: https://houseofrohl.com/san-julio-c-spout-filter-faucet-tuscan-brass-with-metal-lever-handle-a1635lmtcb-2/
2026-09-22 15:24:05,864 - INFO - Opening URL: https://houseofrohl.com/san-julio-traditional-c-spout-hot-water-faucet-italian-brass-with-metal-lever-handle-g1655lmib-2/
2026-09-22 15:24:09,187 - INFO - Product scraped successfully: https://houseofrohl.com/san-julio-traditional-c-spout-hot-water-faucet-italian-brass-with-metal-lever-handle-g1655lmib-2/
2026-09-22 15:24:09,187 - INFO - Opening URL: https://houseofrohl.com/san-julio-traditional-c-spout-hot-water-faucet-matte-black-with-metal-lever-handle-g1655lmmb-2/
2026-09-22 15:24:12,529 - INFO - Product scraped successfully: https://houseofrohl.com/san-julio-traditional-c-spout-hot-water-faucet-matte-black-with-metal-lever-handle-g1655lmmb-2/
2026-09-22 15:24:12,529 - INFO - Opening URL: https://houseofrohl.com/san-julio-traditional-c-spout-hot-water-faucet-polished-chrome-with-metal-lever-handle-g1655lmapc-2/
2026-09-22 15:24:15,752 - INFO - Product scraped successfully: https://houseofrohl.com/san-julio-traditional-c-spout-hot-water-faucet-polished-chrome-with-metal-lever-handle-g1655lmapc-2/
2026-09-22 15:24:15,752 - INFO - Opening URL: https://houseofrohl.com/san-julio-traditional-c-spout-hot-water-faucet-polished-nickel-with-metal-lever-handle-g1655lmpn-2/
2026-09-22 15:24:19,025 - INFO - Product scraped successfully: https://houseofrohl.com/san-julio-traditional-c-spout-hot-water-faucet-polished-nickel-with-metal-lever-handle-g1655lmpn-2/
2026-09-22 15:24:19,025 - INFO - Opening URL: https://houseofrohl.com/san-julio-traditional-c-spout-hot-water-faucet-satin-nickel-with-metal-lever-handle-g1655lmstn-2/
2026-09-22 15:24:22,089 - INFO - Product scraped successfully: https://houseofrohl.com/san-julio-traditional-c-spout-hot-water-faucet-satin-nickel-with-metal-lever-handle-g1655lmstn-2/
2026-09-22 15:24:22,089 - INFO - Opening URL: https://houseofrohl.com/san-julio-traditional-c-spout-hot-water-faucet-tuscan-brass-with-metal-lever-handle-g1655lmtcb-2/
2026-09-22 15:24:25,363 - INFO - Product scraped successfully: https://houseofrohl.com/san-julio-traditional-c-spout-hot-water-faucet-tuscan-brass-with-metal-lever-handle-g1655lmtcb-2/
2026-09-22 15:24:25,364 - INFO - Opening URL: https://houseofrohl.com/san-julio-traditional-c-spout-hot-water-faucet-unlacquered-brass-with-metal-lever-handle-g1655lmulb-2/
2026-09-22 15:24:28,476 - INFO - Product scraped successfully: https://houseofrohl.com/san-julio-traditional-c-spout-hot-water-faucet-unlacquered-brass-with-metal-lever-handle-g1655lmulb-2/
2026-09-22 15:24:28,476 - INFO - Opening URL: https://houseofrohl.com/san-julio-traditional-c-spout-hot-water-faucet-tank-and-filter-kit-italian-brass-with-metal-lever-handle-gkit1655lmib-2/
2026-09-22 15:24:31,791 - INFO - Product scraped successfully: https://houseofrohl.com/san-julio-traditional-c-spout-hot-water-faucet-tank-and-filter-kit-italian-brass-with-metal-lever-handle-gkit1655lmib-2/
2026-09-22 15:24:31,791 - INFO - Opening URL: https://houseofrohl.com/san-julio-traditional-c-spout-hot-water-faucet-tank-and-filter-kit-matte-black-with-metal-lever-handle-gkit1655lmmb-2/
2026-09-22 15:24:35,245 - INFO - Product scraped successfully: https://houseofrohl.com/san-julio-traditional-c-spout-hot-water-faucet-tank-and-filter-kit-matte-black-with-metal-lever-handle-gkit1655lmmb-2/
2026-09-22 15:24:35,245 - INFO - Opening URL: https://houseofrohl.com/san-julio-traditional-c-spout-hot-water-faucet-tank-and-filter-kit-polished-chrome-with-metal-lever-handle-gkit1655lmapc-2/
2026-09-22 15:24:38,725 - INFO - Product scraped successfully: https://houseofrohl.com/san-julio-traditional-c-spout-hot-water-faucet-tank-and-filter-kit-polished-chrome-with-metal-lever-handle-gkit1655lmapc-2/
2026-09-22 15:24:38,725 - INFO - Opening URL: https://houseofrohl.com/san-julio-traditional-c-spout-hot-water-faucet-tank-and-filter-kit-polished-nickel-with-metal-lever-handle-gkit1655lmpn-2/
2026-09-22 15:24:41,942 - INFO - Product scraped successfully: https://houseofrohl.com/san-julio-traditional-c-spout-hot-water-faucet-tank-and-filter-kit-polished-nickel-with-metal-lever-handle-gkit1655lmpn-2/
2026-09-22 15:24:41,942 - INFO - Opening URL: https://houseofrohl.com/san-julio-traditional-c-spout-hot-water-faucet-tank-and-filter-kit-satin-nickel-with-metal-lever-handle-gkit1655lmstn-2/
2026-09-22 15:24:45,124 - INFO - Product scraped successfully: https://houseofrohl.com/san-julio-traditional-c-spout-hot-water-faucet-tank-and-filter-kit-satin-nickel-with-metal-lever-handle-gkit1655lmstn-2/
2026-09-22 15:24:45,124 - INFO - Opening URL: https://houseofrohl.com/san-julio-traditional-c-spout-hot-water-faucet-tank-and-filter-kit-tuscan-brass-with-metal-lever-handle-gkit1655lmtcb-2/
2026-09-22 15:24:48,229 - INFO - Product scraped successfully: https://houseofrohl.com/san-julio-traditional-c-spout-hot-water-faucet-tank-and-filter-kit-tuscan-brass-with-metal-lever-handle-gkit1655lmtcb-2/
2026-09-22 15:24:48,229 - INFO - Opening URL: https://houseofrohl.com/san-julio-traditional-c-spout-hot-water-faucet-tank-and-filter-kit-unlacquered-brass-with-metal-lever-handle-gkit1655lmulb-2/
2026-09-22 15:24:51,541 - INFO - Product scraped successfully: https://houseofrohl.com/san-julio-traditional-c-spout-hot-water-faucet-tank-and-filter-kit-unlacquered-brass-with-metal-lever-handle-gkit1655lmulb-2/
2026-09-22 15:24:51,541 - INFO - Opening URL: https://houseofrohl.com/san-julio-single-hole-c-spout-bar-and-food-prep-faucet-italian-brass-with-metal-lever-handle-a1667lmib-2/
2026-09-22 15:24:54,660 - INFO - Product scraped successfully: https://houseofrohl.com/san-julio-single-hole-c-spout-bar-and-food-prep-faucet-italian-brass-with-metal-lever-handle-a1667lmib-2/
2026-09-22 15:24:54,661 - INFO - Opening URL: https://houseofrohl.com/san-julio-single-hole-c-spout-bar-and-food-prep-faucet-polished-chrome-with-metal-lever-handle-a1667lmapc-2/
2026-09-22 15:24:58,150 - INFO - Product scraped successfully: https://houseofrohl.com/san-julio-single-hole-c-spout-bar-and-food-prep-faucet-polished-chrome-with-metal-lever-handle-a1667lmapc-2/
2026-09-22 15:24:58,150 - INFO - Opening URL: https://houseofrohl.com/san-julio-single-hole-c-spout-bar-and-food-prep-faucet-polished-nickel-with-metal-lever-handle-a1667lmpn-2/
2026-09-22 15:25:01,189 - INFO - Product scraped successfully: https://houseofrohl.com/san-julio-single-hole-c-spout-bar-and-food-prep-faucet-polished-nickel-with-metal-lever-handle-a1667lmpn-2/
2026-09-22 15:25:01,189 - INFO - Opening URL: https://houseofrohl.com/san-julio-single-hole-c-spout-bar-and-food-prep-faucet-satin-nickel-with-metal-lever-handle-a1667lmstn-2/
2026-09-22 15:25:05,927 - INFO - Product scraped successfully: https://houseofrohl.com/san-julio-single-hole-c-spout-bar-and-food-prep-faucet-satin-nickel-with-metal-lever-handle-a1667lmstn-2/
2026-09-22 15:25:05,927 - INFO - Opening URL: https://houseofrohl.com/san-julio-single-hole-c-spout-bar-and-food-prep-faucet-tuscan-brass-with-metal-lever-handle-a1667lmtcb-2/
2026-09-22 15:25:09,392 - INFO - Product scraped successfully: https://houseofrohl.com/san-julio-single-hole-c-spout-bar-and-food-prep-faucet-tuscan-brass-with-metal-lever-handle-a1667lmtcb-2/
2026-09-22 15:25:09,392 - INFO - Opening URL: https://houseofrohl.com/san-julio-single-hole-c-spout-bar-and-food-prep-faucet-unlacquered-brass-with-metal-lever-handle-a1667lmulb-2/
2026-09-22 15:25:12,550 - INFO - Product scraped successfully: https://houseofrohl.com/san-julio-single-hole-c-spout-bar-and-food-prep-faucet-unlacquered-brass-with-metal-lever-handle-a1667lmulb-2/
2026-09-22 15:25:12,550 - INFO - Opening URL: https://houseofrohl.com/san-julio-single-hole-c-spout-bar-and-food-prep-faucet-italian-brass-with-white-porcelain-lever-handle-a1667lpib-2/
2026-09-22 15:25:16,047 - INFO - Product scraped successfully: https://houseofrohl.com/san-julio-single-hole-c-spout-bar-and-food-prep-faucet-italian-brass-with-white-porcelain-lever-handle-a1667lpib-2/
2026-09-22 15:25:16,047 - INFO - Opening URL: https://houseofrohl.com/san-julio-single-hole-c-spout-bar-and-food-prep-faucet-polished-chrome-with-white-porcelain-lever-handle-a1667lpapc-2/
2026-09-22 15:25:19,499 - INFO - Product scraped successfully: https://houseofrohl.com/san-julio-single-hole-c-spout-bar-and-food-prep-faucet-polished-chrome-with-white-porcelain-lever-handle-a1667lpapc-2/
2026-09-22 15:25:19,499 - INFO - Opening URL: https://houseofrohl.com/san-julio-single-hole-c-spout-bar-and-food-prep-faucet-polished-nickel-with-white-porcelain-lever-handle-a1667lppn-2/
2026-09-22 15:25:22,682 - INFO - Product scraped successfully: https://houseofrohl.com/san-julio-single-hole-c-spout-bar-and-food-prep-faucet-polished-nickel-with-white-porcelain-lever-handle-a1667lppn-2/
2026-09-22 15:25:22,682 - INFO - Opening URL: https://houseofrohl.com/san-julio-single-hole-c-spout-bar-and-food-prep-faucet-satin-nickel-with-white-porcelain-lever-handle-a1667lpstn-2/
2026-09-22 15:25:25,890 - INFO - Product scraped successfully: https://houseofrohl.com/san-julio-single-hole-c-spout-bar-and-food-prep-faucet-satin-nickel-with-white-porcelain-lever-handle-a1667lpstn-2/
2026-09-22 15:25:25,890 - INFO - Opening URL: https://houseofrohl.com/san-julio-single-hole-c-spout-bar-and-food-prep-faucet-tuscan-brass-with-white-porcelain-lever-handle-a1667lptcb-2/
2026-09-22 15:25:29,122 - INFO - Product scraped successfully: https://houseofrohl.com/san-julio-single-hole-c-spout-bar-and-food-prep-faucet-tuscan-brass-with-white-porcelain-lever-handle-a1667lptcb-2/
2026-09-22 15:25:29,122 - INFO - Opening URL: https://houseofrohl.com/san-julio-single-hole-c-spout-bar-and-food-prep-faucet-unlacquered-brass-with-white-porcelain-lever-handle-a1667lpulb-2/
2026-09-22 15:25:32,243 - INFO - Product scraped successfully: https://houseofrohl.com/san-julio-single-hole-c-spout-bar-and-food-prep-faucet-unlacquered-brass-with-white-porcelain-lever-handle-a1667lpulb-2/
2026-09-22 15:25:32,243 - INFO - Opening URL: https://houseofrohl.com/patrizia-pulldown-bar-and-food-prep-faucet-italian-brass-with-metal-lever-handle-a3420slmib-2/
2026-09-22 15:25:35,580 - INFO - Product scraped successfully: https://houseofrohl.com/patrizia-pulldown-bar-and-food-prep-faucet-italian-brass-with-metal-lever-handle-a3420slmib-2/
2026-09-22 15:25:35,580 - INFO - Opening URL: https://houseofrohl.com/patrizia-pulldown-bar-and-food-prep-faucet-matte-black-with-metal-lever-handle-a3420slmmb-2/
2026-09-22 15:25:38,771 - INFO - Product scraped successfully: https://houseofrohl.com/patrizia-pulldown-bar-and-food-prep-faucet-matte-black-with-metal-lever-handle-a3420slmmb-2/
2026-09-22 15:25:38,771 - INFO - Opening URL: https://houseofrohl.com/patrizia-pulldown-bar-and-food-prep-faucet-polished-chrome-with-metal-lever-handle-a3420slmapc-2/
2026-09-22 15:25:41,942 - INFO - Product scraped successfully: https://houseofrohl.com/patrizia-pulldown-bar-and-food-prep-faucet-polished-chrome-with-metal-lever-handle-a3420slmapc-2/
2026-09-22 15:25:41,942 - INFO - Opening URL: https://houseofrohl.com/patrizia-pulldown-bar-and-food-prep-faucet-polished-nickel-with-metal-lever-handle-a3420slmpn-2/
2026-09-22 15:25:45,146 - INFO - Product scraped successfully: https://houseofrohl.com/patrizia-pulldown-bar-and-food-prep-faucet-polished-nickel-with-metal-lever-handle-a3420slmpn-2/
2026-09-22 15:25:45,146 - INFO - Opening URL: https://houseofrohl.com/patrizia-pulldown-bar-and-food-prep-faucet-satin-nickel-with-metal-lever-handle-a3420slmstn-2/
2026-09-22 15:25:48,714 - INFO - Product scraped successfully: https://houseofrohl.com/patrizia-pulldown-bar-and-food-prep-faucet-satin-nickel-with-metal-lever-handle-a3420slmstn-2/
2026-09-22 15:25:48,714 - INFO - Opening URL: https://houseofrohl.com/patrizia-pulldown-bar-and-food-prep-faucet-tuscan-brass-with-metal-lever-handle-a3420slmtcb-2/
2026-09-22 15:25:52,276 - INFO - Product scraped successfully: https://houseofrohl.com/patrizia-pulldown-bar-and-food-prep-faucet-tuscan-brass-with-metal-lever-handle-a3420slmtcb-2/
2026-09-22 15:25:52,276 - INFO - Opening URL: https://houseofrohl.com/patrizia-pulldown-bar-and-food-prep-faucet-unlacquered-brass-with-metal-lever-handle-a3420slmulb-2/
2026-09-22 15:25:55,748 - INFO - Product scraped successfully: https://houseofrohl.com/patrizia-pulldown-bar-and-food-prep-faucet-unlacquered-brass-with-metal-lever-handle-a3420slmulb-2/
2026-09-22 15:25:55,748 - INFO - Opening URL: https://houseofrohl.com/1983-pulldown-bar-and-food-prep-faucet-matte-black-with-metal-lever-handle-r7514slmmb-2/
2026-09-22 15:25:59,230 - INFO - Product scraped successfully: https://houseofrohl.com/1983-pulldown-bar-and-food-prep-faucet-matte-black-with-metal-lever-handle-r7514slmmb-2/
2026-09-22 15:25:59,230 - INFO - Opening URL: https://houseofrohl.com/1983-pulldown-bar-and-food-prep-faucet-polished-chrome-with-metal-lever-handle-r7514slmapc-2/
2026-09-22 15:26:02,354 - INFO - Product scraped successfully: https://houseofrohl.com/1983-pulldown-bar-and-food-prep-faucet-polished-chrome-with-metal-lever-handle-r7514slmapc-2/
2026-09-22 15:26:02,354 - INFO - Opening URL: https://houseofrohl.com/1983-pulldown-bar-and-food-prep-faucet-polished-nickel-with-metal-lever-handle-r7514slmpn-2/
2026-09-22 15:26:05,617 - INFO - Product scraped successfully: https://houseofrohl.com/1983-pulldown-bar-and-food-prep-faucet-polished-nickel-with-metal-lever-handle-r7514slmpn-2/
2026-09-22 15:26:05,617 - INFO - Opening URL: https://houseofrohl.com/1983-pulldown-bar-and-food-prep-faucet-rose-gold-with-metal-lever-handle-r7514slmrg-2/
2026-09-22 15:26:09,937 - INFO - Product scraped successfully: https://houseofrohl.com/1983-pulldown-bar-and-food-prep-faucet-rose-gold-with-metal-lever-handle-r7514slmrg-2/
2026-09-22 15:26:09,937 - INFO - Opening URL: https://houseofrohl.com/1983-pulldown-bar-and-food-prep-faucet-satin-nickel-with-metal-lever-handle-r7514slmstn-2/
2026-09-22 15:26:14,061 - INFO - Product scraped successfully: https://houseofrohl.com/1983-pulldown-bar-and-food-prep-faucet-satin-nickel-with-metal-lever-handle-r7514slmstn-2/
2026-09-22 15:26:14,061 - INFO - Opening URL: https://houseofrohl.com/1983-pulldown-bar-and-food-prep-faucet-stainless-steel-with-metal-lever-handle-r7514slmss-2/
2026-09-22 15:26:17,499 - INFO - Product scraped successfully: https://houseofrohl.com/1983-pulldown-bar-and-food-prep-faucet-stainless-steel-with-metal-lever-handle-r7514slmss-2/
2026-09-22 15:26:17,499 - INFO - Opening URL: https://houseofrohl.com/patrizia-pulldown-faucet-italian-brass-with-metal-lever-handle-a3420lmib-2/
2026-09-22 15:26:20,802 - INFO - Product scraped successfully: https://houseofrohl.com/patrizia-pulldown-faucet-italian-brass-with-metal-lever-handle-a3420lmib-2/
2026-09-22 15:26:20,804 - INFO - Opening URL: https://houseofrohl.com/patrizia-pulldown-faucet-matte-black-with-metal-lever-handle-a3420lmmb-2/
2026-09-22 15:26:24,461 - INFO - Product scraped successfully: https://houseofrohl.com/patrizia-pulldown-faucet-matte-black-with-metal-lever-handle-a3420lmmb-2/
2026-09-22 15:26:24,461 - INFO - Opening URL: https://houseofrohl.com/patrizia-pulldown-faucet-polished-chrome-with-metal-lever-handle-a3420lmapc-2/
2026-09-22 15:26:27,862 - INFO - Product scraped successfully: https://houseofrohl.com/patrizia-pulldown-faucet-polished-chrome-with-metal-lever-handle-a3420lmapc-2/
2026-09-22 15:26:27,862 - INFO - Opening URL: https://houseofrohl.com/patrizia-pulldown-faucet-polished-nickel-with-metal-lever-handle-a3420lmpn-2/
2026-09-22 15:26:31,173 - INFO - Product scraped successfully: https://houseofrohl.com/patrizia-pulldown-faucet-polished-nickel-with-metal-lever-handle-a3420lmpn-2/
2026-09-22 15:26:31,173 - INFO - Opening URL: https://houseofrohl.com/patrizia-pulldown-faucet-satin-nickel-with-metal-lever-handle-a3420lmstn-2/
2026-09-22 15:26:34,304 - INFO - Product scraped successfully: https://houseofrohl.com/patrizia-pulldown-faucet-satin-nickel-with-metal-lever-handle-a3420lmstn-2/
2026-09-22 15:26:34,304 - INFO - Opening URL: https://houseofrohl.com/patrizia-pulldown-faucet-tuscan-brass-with-metal-lever-handle-a3420lmtcb-2/
2026-09-22 15:26:37,533 - INFO - Product scraped successfully: https://houseofrohl.com/patrizia-pulldown-faucet-tuscan-brass-with-metal-lever-handle-a3420lmtcb-2/
2026-09-22 15:26:37,533 - INFO - Opening URL: https://houseofrohl.com/patrizia-pulldown-faucet-unlacquered-brass-with-metal-lever-handle-a3420lmulb-2/
2026-09-22 15:26:40,772 - INFO - Product scraped successfully: https://houseofrohl.com/patrizia-pulldown-faucet-unlacquered-brass-with-metal-lever-handle-a3420lmulb-2/
2026-09-22 15:26:40,772 - INFO - Opening URL: https://houseofrohl.com/1983-pulldown-kitchen-faucet-matte-black-with-metal-lever-handle-r7514lmmb-2/
2026-09-22 15:26:44,194 - INFO - Product scraped successfully: https://houseofrohl.com/1983-pulldown-kitchen-faucet-matte-black-with-metal-lever-handle-r7514lmmb-2/
2026-09-22 15:26:44,194 - INFO - Opening URL: https://houseofrohl.com/1983-pulldown-kitchen-faucet-polished-chrome-with-metal-lever-handle-r7514lmapc-2/
2026-09-22 15:26:47,340 - INFO - Product scraped successfully: https://houseofrohl.com/1983-pulldown-kitchen-faucet-polished-chrome-with-metal-lever-handle-r7514lmapc-2/
2026-09-22 15:26:47,340 - INFO - Opening URL: https://houseofrohl.com/1983-pulldown-kitchen-faucet-polished-nickel-with-metal-lever-handle-r7514lmpn-2/
2026-09-22 15:26:51,516 - INFO - Product scraped successfully: https://houseofrohl.com/1983-pulldown-kitchen-faucet-polished-nickel-with-metal-lever-handle-r7514lmpn-2/
2026-09-22 15:26:51,516 - INFO - Opening URL: https://houseofrohl.com/1983-pulldown-kitchen-faucet-rose-gold-with-metal-lever-handle-r7514lmrg-2/
2026-09-22 15:26:54,995 - INFO - Product scraped successfully: https://houseofrohl.com/1983-pulldown-kitchen-faucet-rose-gold-with-metal-lever-handle-r7514lmrg-2/
2026-09-22 15:26:54,995 - INFO - Opening URL: https://houseofrohl.com/1983-pulldown-kitchen-faucet-satin-nickel-with-metal-lever-handle-r7514lmstn-2/
2026-09-22 15:26:58,305 - INFO - Product scraped successfully: https://houseofrohl.com/1983-pulldown-kitchen-faucet-satin-nickel-with-metal-lever-handle-r7514lmstn-2/
2026-09-22 15:26:58,305 - INFO - Opening URL: https://houseofrohl.com/1983-pulldown-kitchen-faucet-stainless-steel-with-metal-lever-handle-r7514lmss-2/
2026-09-22 15:27:01,358 - INFO - Product scraped successfully: https://houseofrohl.com/1983-pulldown-kitchen-faucet-stainless-steel-with-metal-lever-handle-r7514lmss-2/
2026-09-22 15:27:01,358 - INFO - Opening URL: https://houseofrohl.com/1983-pulldown-kitchen-faucet-matte-black-with-metal-lever-handle-r7514lmmb-2/
2026-09-22 15:27:04,478 - INFO - Product scraped successfully: https://houseofrohl.com/1983-pulldown-kitchen-faucet-matte-black-with-metal-lever-handle-r7514lmmb-2/
2026-09-22 15:27:04,478 - INFO - Opening URL: https://houseofrohl.com/1983-pulldown-kitchen-faucet-polished-chrome-with-metal-lever-handle-r7514lmapc-2/
2026-09-22 15:27:08,204 - INFO - Product scraped successfully: https://houseofrohl.com/1983-pulldown-kitchen-faucet-polished-chrome-with-metal-lever-handle-r7514lmapc-2/
2026-09-22 15:27:08,204 - INFO - Opening URL: https://houseofrohl.com/1983-pulldown-kitchen-faucet-polished-nickel-with-metal-lever-handle-r7514lmpn-2/
2026-09-22 15:27:11,406 - INFO - Product scraped successfully: https://houseofrohl.com/1983-pulldown-kitchen-faucet-polished-nickel-with-metal-lever-handle-r7514lmpn-2/
2026-09-22 15:27:11,406 - INFO - Opening URL: https://houseofrohl.com/1983-pulldown-kitchen-faucet-rose-gold-with-metal-lever-handle-r7514lmrg-2/
2026-09-22 15:27:14,543 - INFO - Product scraped successfully: https://houseofrohl.com/1983-pulldown-kitchen-faucet-rose-gold-with-metal-lever-handle-r7514lmrg-2/
2026-09-22 15:27:14,543 - INFO - Opening URL: https://houseofrohl.com/1983-pulldown-kitchen-faucet-satin-nickel-with-metal-lever-handle-r7514lmstn-2/
2026-09-22 15:27:18,115 - INFO - Product scraped successfully: https://houseofrohl.com/1983-pulldown-kitchen-faucet-satin-nickel-with-metal-lever-handle-r7514lmstn-2/
2026-09-22 15:27:18,115 - INFO - Opening URL: https://houseofrohl.com/1983-pulldown-kitchen-faucet-stainless-steel-with-metal-lever-handle-r7514lmss-2/
2026-09-22 15:27:26,419 - INFO - Product scraped successfully: https://houseofrohl.com/1983-pulldown-kitchen-faucet-stainless-steel-with-metal-lever-handle-r7514lmss-2/
2026-09-22 15:27:26,419 - INFO - Opening URL: https://houseofrohl.com/1983-pullout-kitchen-faucet-polished-chrome-with-metal-lever-handle-r77v3apc/
2026-09-22 15:27:29,735 - INFO - Product scraped successfully: https://houseofrohl.com/1983-pullout-kitchen-faucet-polished-chrome-with-metal-lever-handle-r77v3apc/
2026-09-22 15:27:29,735 - INFO - Opening URL: https://houseofrohl.com/1983-pullout-kitchen-faucet-polished-nickel-with-metal-lever-handle-r77v3pn/
2026-09-22 15:27:32,921 - INFO - Product scraped successfully: https://houseofrohl.com/1983-pullout-kitchen-faucet-polished-nickel-with-metal-lever-handle-r77v3pn/
2026-09-22 15:27:32,921 - INFO - Opening URL: https://houseofrohl.com/1983-pullout-kitchen-faucet-satin-nickel-with-metal-lever-handle-r77v3stn/
2026-09-22 15:27:36,006 - INFO - Product scraped successfully: https://houseofrohl.com/1983-pullout-kitchen-faucet-satin-nickel-with-metal-lever-handle-r77v3stn/
2026-09-22 15:27:36,006 - INFO - Opening URL: https://houseofrohl.com/san-julio-single-hole-c-spout-kitchen-faucet-with-sidespray-italian-brass-with-metal-lever-handle-a1676lmwsib-2/
2026-09-22 15:27:39,558 - INFO - Product scraped successfully: https://houseofrohl.com/san-julio-single-hole-c-spout-kitchen-faucet-with-sidespray-italian-brass-with-metal-lever-handle-a1676lmwsib-2/
2026-09-22 15:27:39,558 - INFO - Opening URL: https://houseofrohl.com/san-julio-single-hole-c-spout-kitchen-faucet-with-sidespray-polished-chrome-with-metal-lever-handle-a1676lmwsapc-2/
2026-09-22 15:27:42,766 - INFO - Product scraped successfully: https://houseofrohl.com/san-julio-single-hole-c-spout-kitchen-faucet-with-sidespray-polished-chrome-with-metal-lever-handle-a1676lmwsapc-2/
2026-09-22 15:27:42,766 - INFO - Opening URL: https://houseofrohl.com/san-julio-single-hole-c-spout-kitchen-faucet-with-sidespray-polished-nickel-with-metal-lever-handle-a1676lmwspn-2/
2026-09-22 15:27:46,037 - INFO - Product scraped successfully: https://houseofrohl.com/san-julio-single-hole-c-spout-kitchen-faucet-with-sidespray-polished-nickel-with-metal-lever-handle-a1676lmwspn-2/
2026-09-22 15:27:46,037 - INFO - Opening URL: https://houseofrohl.com/san-julio-single-hole-c-spout-kitchen-faucet-with-sidespray-satin-nickel-with-metal-lever-handle-a1676lmwsstn-2/
2026-09-22 15:27:49,197 - INFO - Product scraped successfully: https://houseofrohl.com/san-julio-single-hole-c-spout-kitchen-faucet-with-sidespray-satin-nickel-with-metal-lever-handle-a1676lmwsstn-2/
2026-09-22 15:27:49,197 - INFO - Opening URL: https://houseofrohl.com/san-julio-single-hole-c-spout-kitchen-faucet-with-sidespray-tuscan-brass-with-metal-lever-handle-a1676lmwstcb-2/
2026-09-22 15:27:52,596 - INFO - Product scraped successfully: https://houseofrohl.com/san-julio-single-hole-c-spout-kitchen-faucet-with-sidespray-tuscan-brass-with-metal-lever-handle-a1676lmwstcb-2/
2026-09-22 15:27:52,596 - INFO - Opening URL: https://houseofrohl.com/acqui-wall-mount-column-spout-bridge-kitchen-faucet-italian-brass-with-metal-lever-handle-a1456lmib-2/
2026-09-22 15:27:55,905 - INFO - Product scraped successfully: https://houseofrohl.com/acqui-wall-mount-column-spout-bridge-kitchen-faucet-italian-brass-with-metal-lever-handle-a1456lmib-2/
2026-09-22 15:27:55,913 - INFO - Opening URL: https://houseofrohl.com/acqui-wall-mount-column-spout-bridge-kitchen-faucet-polished-chrome-with-metal-lever-handle-a1456lmapc-2/
2026-09-22 15:27:58,977 - INFO - Product scraped successfully: https://houseofrohl.com/acqui-wall-mount-column-spout-bridge-kitchen-faucet-polished-chrome-with-metal-lever-handle-a1456lmapc-2/
2026-09-22 15:27:58,977 - INFO - Opening URL: https://houseofrohl.com/acqui-wall-mount-column-spout-bridge-kitchen-faucet-polished-nickel-with-metal-lever-handle-a1456lmpn-2/
2026-09-22 15:28:02,691 - INFO - Product scraped successfully: https://houseofrohl.com/acqui-wall-mount-column-spout-bridge-kitchen-faucet-polished-nickel-with-metal-lever-handle-a1456lmpn-2/
2026-09-22 15:28:02,691 - INFO - Opening URL: https://houseofrohl.com/acqui-wall-mount-column-spout-bridge-kitchen-faucet-satin-nickel-with-metal-lever-handle-a1456lmstn-2/
2026-09-22 15:28:05,926 - INFO - Product scraped successfully: https://houseofrohl.com/acqui-wall-mount-column-spout-bridge-kitchen-faucet-satin-nickel-with-metal-lever-handle-a1456lmstn-2/
2026-09-22 15:28:05,926 - INFO - Opening URL: https://houseofrohl.com/acqui-wall-mount-column-spout-bridge-kitchen-faucet-tuscan-brass-with-metal-lever-handle-a1456lmtcb-2/
2026-09-22 15:28:09,066 - INFO - Product scraped successfully: https://houseofrohl.com/acqui-wall-mount-column-spout-bridge-kitchen-faucet-tuscan-brass-with-metal-lever-handle-a1456lmtcb-2/
2026-09-22 15:28:09,066 - INFO - Opening URL: https://houseofrohl.com/acqui-wall-mount-bridge-kitchen-faucet-with-column-spout-unlacquered-brass-a1456lmulb-2/
2026-09-22 15:28:12,328 - INFO - Product scraped successfully: https://houseofrohl.com/acqui-wall-mount-bridge-kitchen-faucet-with-column-spout-unlacquered-brass-a1456lmulb-2/
2026-09-22 15:28:12,328 - INFO - Opening URL: https://houseofrohl.com/acqui-wall-mount-column-spout-bridge-kitchen-faucet-italian-brass-with-cross-handle-a1456xmib-2/
2026-09-22 15:28:17,730 - INFO - Product scraped successfully: https://houseofrohl.com/acqui-wall-mount-column-spout-bridge-kitchen-faucet-italian-brass-with-cross-handle-a1456xmib-2/
2026-09-22 15:28:17,730 - INFO - Opening URL: https://houseofrohl.com/acqui-wall-mount-column-spout-bridge-kitchen-faucet-polished-chrome-with-cross-handle-a1456xmapc-2/
2026-09-22 15:28:21,186 - INFO - Product scraped successfully: https://houseofrohl.com/acqui-wall-mount-column-spout-bridge-kitchen-faucet-polished-chrome-with-cross-handle-a1456xmapc-2/
2026-09-22 15:28:21,186 - INFO - Opening URL: https://houseofrohl.com/acqui-wall-mount-column-spout-bridge-kitchen-faucet-polished-nickel-with-cross-handle-a1456xmpn-2/
2026-09-22 15:28:24,471 - INFO - Product scraped successfully: https://houseofrohl.com/acqui-wall-mount-column-spout-bridge-kitchen-faucet-polished-nickel-with-cross-handle-a1456xmpn-2/
2026-09-22 15:28:24,471 - INFO - Opening URL: https://houseofrohl.com/acqui-wall-mount-column-spout-bridge-kitchen-faucet-satin-nickel-with-cross-handle-a1456xmstn-2/
2026-09-22 15:28:27,917 - INFO - Product scraped successfully: https://houseofrohl.com/acqui-wall-mount-column-spout-bridge-kitchen-faucet-satin-nickel-with-cross-handle-a1456xmstn-2/
2026-09-22 15:28:27,917 - INFO - Opening URL: https://houseofrohl.com/acqui-wall-mount-column-spout-bridge-kitchen-faucet-tuscan-brass-with-cross-handle-a1456xmtcb-2/
2026-09-22 15:28:31,286 - INFO - Product scraped successfully: https://houseofrohl.com/acqui-wall-mount-column-spout-bridge-kitchen-faucet-tuscan-brass-with-cross-handle-a1456xmtcb-2/
2026-09-22 15:28:31,286 - INFO - Opening URL: https://houseofrohl.com/acqui-wall-mount-bridge-kitchen-faucet-with-column-spout-unlacquered-brass-a1456xmulb-2/
2026-09-22 15:28:34,546 - INFO - Product scraped successfully: https://houseofrohl.com/acqui-wall-mount-bridge-kitchen-faucet-with-column-spout-unlacquered-brass-a1456xmulb-2/
2026-09-22 15:28:34,546 - INFO - Opening URL: https://houseofrohl.com/acqui-wall-mount-column-spout-bridge-kitchen-faucet-with-sidespray-italian-brass-with-metal-lever-handle-a1456lmwsib-2/
2026-09-22 15:28:38,074 - INFO - Product scraped successfully: https://houseofrohl.com/acqui-wall-mount-column-spout-bridge-kitchen-faucet-with-sidespray-italian-brass-with-metal-lever-handle-a1456lmwsib-2/
2026-09-22 15:28:38,074 - INFO - Opening URL: https://houseofrohl.com/acqui-wall-mount-column-spout-bridge-kitchen-faucet-with-sidespray-polished-chrome-with-metal-lever-handle-a1456lmwsapc-2/
2026-09-22 15:28:41,192 - INFO - Product scraped successfully: https://houseofrohl.com/acqui-wall-mount-column-spout-bridge-kitchen-faucet-with-sidespray-polished-chrome-with-metal-lever-handle-a1456lmwsapc-2/
2026-09-22 15:28:41,192 - INFO - Opening URL: https://houseofrohl.com/acqui-wall-mount-column-spout-bridge-kitchen-faucet-with-sidespray-polished-nickel-with-metal-lever-handle-a1456lmwspn-2/
2026-09-22 15:28:44,287 - INFO - Product scraped successfully: https://houseofrohl.com/acqui-wall-mount-column-spout-bridge-kitchen-faucet-with-sidespray-polished-nickel-with-metal-lever-handle-a1456lmwspn-2/
2026-09-22 15:28:44,287 - INFO - Opening URL: https://houseofrohl.com/acqui-wall-mount-column-spout-bridge-kitchen-faucet-with-sidespray-satin-nickel-with-metal-lever-handle-a1456lmwsstn-2/
2026-09-22 15:28:47,709 - INFO - Product scraped successfully: https://houseofrohl.com/acqui-wall-mount-column-spout-bridge-kitchen-faucet-with-sidespray-satin-nickel-with-metal-lever-handle-a1456lmwsstn-2/
2026-09-22 15:28:47,709 - INFO - Opening URL: https://houseofrohl.com/acqui-wall-mount-column-spout-bridge-kitchen-faucet-with-sidespray-tuscan-brass-with-metal-lever-handle-a1456lmwstcb-2/
2026-09-22 15:28:51,652 - INFO - Product scraped successfully: https://houseofrohl.com/acqui-wall-mount-column-spout-bridge-kitchen-faucet-with-sidespray-tuscan-brass-with-metal-lever-handle-a1456lmwstcb-2/
2026-09-22 15:28:51,652 - INFO - Opening URL: https://houseofrohl.com/acqui-wall-mount-column-spout-bridge-kitchen-faucet-italian-brass-with-white-porcelain-lever-handle-a1456lpib-2/
2026-09-22 15:28:55,040 - INFO - Product scraped successfully: https://houseofrohl.com/acqui-wall-mount-column-spout-bridge-kitchen-faucet-italian-brass-with-white-porcelain-lever-handle-a1456lpib-2/
2026-09-22 15:28:55,040 - INFO - Opening URL: https://houseofrohl.com/acqui-wall-mount-column-spout-bridge-kitchen-faucet-polished-chrome-with-white-porcelain-lever-handle-a1456lpapc-2/
2026-09-22 15:28:58,243 - INFO - Product scraped successfully: https://houseofrohl.com/acqui-wall-mount-column-spout-bridge-kitchen-faucet-polished-chrome-with-white-porcelain-lever-handle-a1456lpapc-2/
2026-09-22 15:28:58,243 - INFO - Opening URL: https://houseofrohl.com/acqui-wall-mount-column-spout-bridge-kitchen-faucet-polished-nickel-with-white-porcelain-lever-handle-a1456lppn-2/
2026-09-22 15:29:01,601 - INFO - Product scraped successfully: https://houseofrohl.com/acqui-wall-mount-column-spout-bridge-kitchen-faucet-polished-nickel-with-white-porcelain-lever-handle-a1456lppn-2/
2026-09-22 15:29:01,601 - INFO - Opening URL: https://houseofrohl.com/acqui-wall-mount-column-spout-bridge-kitchen-faucet-satin-nickel-with-white-porcelain-lever-handle-a1456lpstn-2/
2026-09-22 15:29:04,926 - INFO - Product scraped successfully: https://houseofrohl.com/acqui-wall-mount-column-spout-bridge-kitchen-faucet-satin-nickel-with-white-porcelain-lever-handle-a1456lpstn-2/
2026-09-22 15:29:04,926 - INFO - Opening URL: https://houseofrohl.com/acqui-wall-mount-column-spout-bridge-kitchen-faucet-tuscan-brass-with-white-porcelain-lever-handle-a1456lptcb-2/
2026-09-22 15:29:08,145 - INFO - Product scraped successfully: https://houseofrohl.com/acqui-wall-mount-column-spout-bridge-kitchen-faucet-tuscan-brass-with-white-porcelain-lever-handle-a1456lptcb-2/
2026-09-22 15:29:08,145 - INFO - Opening URL: https://houseofrohl.com/acqui-wall-mount-column-spout-bridge-kitchen-faucet-with-sidespray-italian-brass-with-cross-handle-a1456xmwsib-2/
2026-09-22 15:29:11,795 - INFO - Product scraped successfully: https://houseofrohl.com/acqui-wall-mount-column-spout-bridge-kitchen-faucet-with-sidespray-italian-brass-with-cross-handle-a1456xmwsib-2/
2026-09-22 15:29:11,795 - INFO - Opening URL: https://houseofrohl.com/acqui-wall-mount-column-spout-bridge-kitchen-faucet-with-sidespray-polished-chrome-with-cross-handle-a1456xmwsapc-2/
2026-09-22 15:29:15,477 - INFO - Product scraped successfully: https://houseofrohl.com/acqui-wall-mount-column-spout-bridge-kitchen-faucet-with-sidespray-polished-chrome-with-cross-handle-a1456xmwsapc-2/
2026-09-22 15:29:15,477 - INFO - Opening URL: https://houseofrohl.com/acqui-wall-mount-column-spout-bridge-kitchen-faucet-with-sidespray-polished-nickel-with-cross-handle-a1456xmwspn-2/
2026-09-22 15:29:18,727 - INFO - Product scraped successfully: https://houseofrohl.com/acqui-wall-mount-column-spout-bridge-kitchen-faucet-with-sidespray-polished-nickel-with-cross-handle-a1456xmwspn-2/
2026-09-22 15:29:18,727 - INFO - Opening URL: https://houseofrohl.com/acqui-wall-mount-column-spout-bridge-kitchen-faucet-with-sidespray-satin-nickel-with-cross-handle-a1456xmwsstn-2/
2026-09-22 15:29:22,265 - INFO - Product scraped successfully: https://houseofrohl.com/acqui-wall-mount-column-spout-bridge-kitchen-faucet-with-sidespray-satin-nickel-with-cross-handle-a1456xmwsstn-2/
2026-09-22 15:29:22,265 - INFO - Opening URL: https://houseofrohl.com/acqui-wall-mount-column-spout-bridge-kitchen-faucet-with-sidespray-tuscan-brass-with-cross-handle-a1456xmwstcb-2/
2026-09-22 15:29:25,780 - INFO - Product scraped successfully: https://houseofrohl.com/acqui-wall-mount-column-spout-bridge-kitchen-faucet-with-sidespray-tuscan-brass-with-cross-handle-a1456xmwstcb-2/
2026-09-22 15:29:25,780 - INFO - Opening URL: https://houseofrohl.com/acqui-wall-mount-column-spout-bridge-kitchen-faucet-with-sidespray-italian-brass-with-white-porcelain-lever-handle-a1456lpwsib-2/
2026-09-22 15:29:29,226 - INFO - Product scraped successfully: https://houseofrohl.com/acqui-wall-mount-column-spout-bridge-kitchen-faucet-with-sidespray-italian-brass-with-white-porcelain-lever-handle-a1456lpwsib-2/
2026-09-22 15:29:29,226 - INFO - Opening URL: https://houseofrohl.com/acqui-wall-mount-column-spout-bridge-kitchen-faucet-with-sidespray-polished-chrome-with-white-porcelain-lever-handle-a1456lpwsapc-2/
2026-09-22 15:29:32,349 - INFO - Product scraped successfully: https://houseofrohl.com/acqui-wall-mount-column-spout-bridge-kitchen-faucet-with-sidespray-polished-chrome-with-white-porcelain-lever-handle-a1456lpwsapc-2/
2026-09-22 15:29:32,349 - INFO - Opening URL: https://houseofrohl.com/acqui-wall-mount-column-spout-bridge-kitchen-faucet-with-sidespray-polished-nickel-with-white-porcelain-lever-handle-a1456lpwspn-2/
2026-09-22 15:29:35,671 - INFO - Product scraped successfully: https://houseofrohl.com/acqui-wall-mount-column-spout-bridge-kitchen-faucet-with-sidespray-polished-nickel-with-white-porcelain-lever-handle-a1456lpwspn-2/
2026-09-22 15:29:35,671 - INFO - Opening URL: https://houseofrohl.com/acqui-wall-mount-column-spout-bridge-kitchen-faucet-with-sidespray-satin-nickel-with-white-porcelain-lever-handle-a1456lpwsstn-2/
2026-09-22 15:29:39,118 - INFO - Product scraped successfully: https://houseofrohl.com/acqui-wall-mount-column-spout-bridge-kitchen-faucet-with-sidespray-satin-nickel-with-white-porcelain-lever-handle-a1456lpwsstn-2/
2026-09-22 15:29:39,118 - INFO - Opening URL: https://houseofrohl.com/acqui-wall-mount-column-spout-bridge-kitchen-faucet-with-sidespray-tuscan-brass-with-white-porcelain-lever-handle-a1456lpwstcb-2/
2026-09-22 15:29:42,469 - INFO - Product scraped successfully: https://houseofrohl.com/acqui-wall-mount-column-spout-bridge-kitchen-faucet-with-sidespray-tuscan-brass-with-white-porcelain-lever-handle-a1456lpwstcb-2/
2026-09-22 15:29:42,469 - INFO - Opening URL: https://houseofrohl.com/acqui-deck-mount-column-spout-3-leg-bridge-kitchen-faucet-with-sidespray-italian-brass-with-metal-lever-handle-a1458lmwsib-2/
2026-09-22 15:29:46,144 - INFO - Product scraped successfully: https://houseofrohl.com/acqui-deck-mount-column-spout-3-leg-bridge-kitchen-faucet-with-sidespray-italian-brass-with-metal-lever-handle-a1458lmwsib-2/
2026-09-22 15:29:46,144 - INFO - Opening URL: https://houseofrohl.com/acqui-deck-mount-column-spout-3-leg-bridge-kitchen-faucet-with-sidespray-polished-chrome-with-metal-lever-handle-a1458lmwsapc-2/
2026-09-22 15:29:50,102 - INFO - Product scraped successfully: https://houseofrohl.com/acqui-deck-mount-column-spout-3-leg-bridge-kitchen-faucet-with-sidespray-polished-chrome-with-metal-lever-handle-a1458lmwsapc-2/
2026-09-22 15:29:50,102 - INFO - Opening URL: https://houseofrohl.com/acqui-deck-mount-column-spout-3-leg-bridge-kitchen-faucet-with-sidespray-polished-nickel-with-metal-lever-handle-a1458lmwspn-2/
2026-09-22 15:29:53,422 - INFO - Product scraped successfully: https://houseofrohl.com/acqui-deck-mount-column-spout-3-leg-bridge-kitchen-faucet-with-sidespray-polished-nickel-with-metal-lever-handle-a1458lmwspn-2/
2026-09-22 15:29:53,422 - INFO - Opening URL: https://houseofrohl.com/acqui-deck-mount-column-spout-3-leg-bridge-kitchen-faucet-with-sidespray-satin-nickel-with-metal-lever-handle-a1458lmwsstn-2/
2026-09-22 15:29:56,692 - INFO - Product scraped successfully: https://houseofrohl.com/acqui-deck-mount-column-spout-3-leg-bridge-kitchen-faucet-with-sidespray-satin-nickel-with-metal-lever-handle-a1458lmwsstn-2/
2026-09-22 15:29:56,692 - INFO - Opening URL: https://houseofrohl.com/acqui-deck-mount-column-spout-3-leg-bridge-kitchen-faucet-with-sidespray-tuscan-brass-with-metal-lever-handle-a1458lmwstcb-2/
2026-09-22 15:30:00,084 - INFO - Product scraped successfully: https://houseofrohl.com/acqui-deck-mount-column-spout-3-leg-bridge-kitchen-faucet-with-sidespray-tuscan-brass-with-metal-lever-handle-a1458lmwstcb-2/
2026-09-22 15:30:00,084 - INFO - Opening URL: https://houseofrohl.com/acqui-deck-mount-column-spout-3-leg-bridge-kitchen-faucet-with-sidespray-unlacquered-brass-with-metal-lever-handle-a1458lmwsulb-2/
2026-09-22 15:30:04,279 - INFO - Product scraped successfully: https://houseofrohl.com/acqui-deck-mount-column-spout-3-leg-bridge-kitchen-faucet-with-sidespray-unlacquered-brass-with-metal-lever-handle-a1458lmwsulb-2/
2026-09-22 15:30:04,279 - INFO - Opening URL: https://houseofrohl.com/acqui-deck-mount-column-spout-3-leg-bridge-kitchen-faucet-with-sidespray-italian-brass-with-white-porcelain-lever-handle-a1458lpwsib-2/
2026-09-22 15:30:07,997 - INFO - Product scraped successfully: https://houseofrohl.com/acqui-deck-mount-column-spout-3-leg-bridge-kitchen-faucet-with-sidespray-italian-brass-with-white-porcelain-lever-handle-a1458lpwsib-2/
2026-09-22 15:30:07,997 - INFO - Opening URL: https://houseofrohl.com/acqui-deck-mount-column-spout-3-leg-bridge-kitchen-faucet-with-sidespray-polished-chrome-with-white-porcelain-lever-handle-a1458lpwsapc-2/
2026-09-22 15:30:11,157 - INFO - Product scraped successfully: https://houseofrohl.com/acqui-deck-mount-column-spout-3-leg-bridge-kitchen-faucet-with-sidespray-polished-chrome-with-white-porcelain-lever-handle-a1458lpwsapc-2/
2026-09-22 15:30:11,157 - INFO - Opening URL: https://houseofrohl.com/acqui-deck-mount-column-spout-3-leg-bridge-kitchen-faucet-with-sidespray-polished-nickel-with-white-porcelain-lever-handle-a1458lpwspn-2/
2026-09-22 15:30:14,436 - INFO - Product scraped successfully: https://houseofrohl.com/acqui-deck-mount-column-spout-3-leg-bridge-kitchen-faucet-with-sidespray-polished-nickel-with-white-porcelain-lever-handle-a1458lpwspn-2/
2026-09-22 15:30:14,436 - INFO - Opening URL: https://houseofrohl.com/acqui-deck-mount-column-spout-3-leg-bridge-kitchen-faucet-with-sidespray-satin-nickel-with-white-porcelain-lever-handle-a1458lpwsstn-2/
2026-09-22 15:30:18,898 - INFO - Product scraped successfully: https://houseofrohl.com/acqui-deck-mount-column-spout-3-leg-bridge-kitchen-faucet-with-sidespray-satin-nickel-with-white-porcelain-lever-handle-a1458lpwsstn-2/
2026-09-22 15:30:18,898 - INFO - Opening URL: https://houseofrohl.com/acqui-deck-mount-column-spout-3-leg-bridge-kitchen-faucet-with-sidespray-tuscan-brass-with-white-porcelain-lever-handle-a1458lpwstcb-2/
2026-09-22 15:30:22,478 - INFO - Product scraped successfully: https://houseofrohl.com/acqui-deck-mount-column-spout-3-leg-bridge-kitchen-faucet-with-sidespray-tuscan-brass-with-white-porcelain-lever-handle-a1458lpwstcb-2/
2026-09-22 15:30:22,478 - INFO - Opening URL: https://houseofrohl.com/acqui-deck-mount-column-spout-3-leg-bridge-kitchen-faucet-with-sidespray-unlacquered-brass-with-white-porcelain-lever-handle-a1458lpwsulb-2/
2026-09-22 15:30:25,620 - INFO - Product scraped successfully: https://houseofrohl.com/acqui-deck-mount-column-spout-3-leg-bridge-kitchen-faucet-with-sidespray-unlacquered-brass-with-white-porcelain-lever-handle-a1458lpwsulb-2/
2026-09-22 15:30:25,620 - INFO - Opening URL: https://houseofrohl.com/acqui-deck-mount-column-spout-3-leg-bridge-kitchen-faucet-with-sidespray-italian-brass-with-cross-handle-a1458xmwsib-2/
2026-09-22 15:30:29,057 - INFO - Product scraped successfully: https://houseofrohl.com/acqui-deck-mount-column-spout-3-leg-bridge-kitchen-faucet-with-sidespray-italian-brass-with-cross-handle-a1458xmwsib-2/
2026-09-22 15:30:29,057 - INFO - Opening URL: https://houseofrohl.com/acqui-deck-mount-column-spout-3-leg-bridge-kitchen-faucet-with-sidespray-polished-chrome-with-cross-handle-a1458xmwsapc-2/
2026-09-22 15:30:32,184 - INFO - Product scraped successfully: https://houseofrohl.com/acqui-deck-mount-column-spout-3-leg-bridge-kitchen-faucet-with-sidespray-polished-chrome-with-cross-handle-a1458xmwsapc-2/
2026-09-22 15:30:32,184 - INFO - Opening URL: https://houseofrohl.com/acqui-deck-mount-column-spout-3-leg-bridge-kitchen-faucet-with-sidespray-polished-nickel-with-cross-handle-a1458xmwspn-2/
2026-09-22 15:30:35,641 - INFO - Product scraped successfully: https://houseofrohl.com/acqui-deck-mount-column-spout-3-leg-bridge-kitchen-faucet-with-sidespray-polished-nickel-with-cross-handle-a1458xmwspn-2/
2026-09-22 15:30:35,641 - INFO - Opening URL: https://houseofrohl.com/acqui-deck-mount-column-spout-3-leg-bridge-kitchen-faucet-with-sidespray-satin-nickel-with-cross-handle-a1458xmwsstn-2/
2026-09-22 15:30:39,119 - INFO - Product scraped successfully: https://houseofrohl.com/acqui-deck-mount-column-spout-3-leg-bridge-kitchen-faucet-with-sidespray-satin-nickel-with-cross-handle-a1458xmwsstn-2/
2026-09-22 15:30:39,119 - INFO - Opening URL: https://houseofrohl.com/acqui-deck-mount-column-spout-3-leg-bridge-kitchen-faucet-with-sidespray-tuscan-brass-with-cross-handle-a1458xmwstcb-2/
2026-09-22 15:30:42,614 - INFO - Product scraped successfully: https://houseofrohl.com/acqui-deck-mount-column-spout-3-leg-bridge-kitchen-faucet-with-sidespray-tuscan-brass-with-cross-handle-a1458xmwstcb-2/
2026-09-22 15:30:42,614 - INFO - Opening URL: https://houseofrohl.com/acqui-deck-mount-column-spout-3-leg-bridge-kitchen-faucet-with-sidespray-unlacquered-brass-with-cross-handle-a1458xmwsulb-2/
2026-09-22 15:30:45,978 - INFO - Product scraped successfully: https://houseofrohl.com/acqui-deck-mount-column-spout-3-leg-bridge-kitchen-faucet-with-sidespray-unlacquered-brass-with-cross-handle-a1458xmwsulb-2/
2026-09-22 15:30:45,978 - INFO - Opening URL: https://houseofrohl.com/acqui-column-spout-filter-faucet-italian-brass-with-white-porcelain-lever-handle-a1435lpib-2/
2026-09-22 15:30:49,446 - INFO - Product scraped successfully: https://houseofrohl.com/acqui-column-spout-filter-faucet-italian-brass-with-white-porcelain-lever-handle-a1435lpib-2/
2026-09-22 15:30:49,446 - INFO - Opening URL: https://houseofrohl.com/acqui-column-spout-filter-faucet-matte-black-with-white-porcelain-lever-handle-a1435lpmb-2/
2026-09-22 15:30:52,746 - INFO - Product scraped successfully: https://houseofrohl.com/acqui-column-spout-filter-faucet-matte-black-with-white-porcelain-lever-handle-a1435lpmb-2/
2026-09-22 15:30:52,746 - INFO - Opening URL: https://houseofrohl.com/acqui-column-spout-filter-faucet-polished-chrome-with-white-porcelain-lever-handle-a1435lpapc-2/
2026-09-22 15:30:56,178 - INFO - Product scraped successfully: https://houseofrohl.com/acqui-column-spout-filter-faucet-polished-chrome-with-white-porcelain-lever-handle-a1435lpapc-2/
2026-09-22 15:30:56,178 - INFO - Opening URL: https://houseofrohl.com/acqui-column-spout-filter-faucet-polished-nickel-with-white-porcelain-lever-handle-a1435lppn-2/
2026-09-22 15:30:59,385 - INFO - Product scraped successfully: https://houseofrohl.com/acqui-column-spout-filter-faucet-polished-nickel-with-white-porcelain-lever-handle-a1435lppn-2/
2026-09-22 15:30:59,385 - INFO - Opening URL: https://houseofrohl.com/acqui-column-spout-filter-faucet-satin-nickel-with-white-porcelain-lever-handle-a1435lpstn-2/
2026-09-22 15:31:03,040 - INFO - Product scraped successfully: https://houseofrohl.com/acqui-column-spout-filter-faucet-satin-nickel-with-white-porcelain-lever-handle-a1435lpstn-2/
2026-09-22 15:31:03,040 - INFO - Opening URL: https://houseofrohl.com/acqui-column-spout-filter-faucet-tuscan-brass-with-white-porcelain-lever-handle-a1435lptcb-2/
2026-09-22 15:31:06,332 - INFO - Product scraped successfully: https://houseofrohl.com/acqui-column-spout-filter-faucet-tuscan-brass-with-white-porcelain-lever-handle-a1435lptcb-2/
2026-09-22 15:31:06,332 - INFO - Opening URL: https://houseofrohl.com/acqui-column-spout-filter-faucet-italian-brass-with-metal-lever-handle-akit1435lmib-2/
2026-09-22 15:31:11,608 - INFO - Product scraped successfully: https://houseofrohl.com/acqui-column-spout-filter-faucet-italian-brass-with-metal-lever-handle-akit1435lmib-2/
2026-09-22 15:31:11,608 - INFO - Opening URL: https://houseofrohl.com/acqui-column-spout-filter-faucet-polished-chrome-with-metal-lever-handle-akit1435lmapc-2/
2026-09-22 15:31:15,129 - INFO - Product scraped successfully: https://houseofrohl.com/acqui-column-spout-filter-faucet-polished-chrome-with-metal-lever-handle-akit1435lmapc-2/
2026-09-22 15:31:15,129 - INFO - Opening URL: https://houseofrohl.com/acqui-column-spout-filter-faucet-polished-nickel-with-metal-lever-handle-akit1435lmpn-2/
2026-09-22 15:31:18,276 - INFO - Product scraped successfully: https://houseofrohl.com/acqui-column-spout-filter-faucet-polished-nickel-with-metal-lever-handle-akit1435lmpn-2/
2026-09-22 15:31:18,276 - INFO - Opening URL: https://houseofrohl.com/acqui-column-spout-filter-faucet-satin-nickel-with-metal-lever-handle-akit1435lmstn-2/
2026-09-22 15:31:21,645 - INFO - Product scraped successfully: https://houseofrohl.com/acqui-column-spout-filter-faucet-satin-nickel-with-metal-lever-handle-akit1435lmstn-2/
2026-09-22 15:31:21,646 - INFO - Opening URL: https://houseofrohl.com/acqui-column-spout-filter-faucet-tuscan-brass-with-metal-lever-handle-akit1435lmtcb-2/
2026-09-22 15:31:24,899 - INFO - Product scraped successfully: https://houseofrohl.com/acqui-column-spout-filter-faucet-tuscan-brass-with-metal-lever-handle-akit1435lmtcb-2/
2026-09-22 15:31:24,899 - INFO - Opening URL: https://houseofrohl.com/acqui-column-spout-filter-faucet-unlacquered-brass-with-metal-lever-handle-akit1435lmulb-2/
2026-09-22 15:31:28,448 - INFO - Product scraped successfully: https://houseofrohl.com/acqui-column-spout-filter-faucet-unlacquered-brass-with-metal-lever-handle-akit1435lmulb-2/
2026-09-22 15:31:28,448 - INFO - Opening URL: https://houseofrohl.com/acqui-column-spout-filter-faucet-italian-brass-with-cross-handle-akit1435xmib-2/
2026-09-22 15:31:32,046 - INFO - Product scraped successfully: https://houseofrohl.com/acqui-column-spout-filter-faucet-italian-brass-with-cross-handle-akit1435xmib-2/
2026-09-22 15:31:32,046 - INFO - Opening URL: https://houseofrohl.com/acqui-column-spout-filter-faucet-polished-chrome-with-cross-handle-akit1435xmapc-2/
2026-09-22 15:31:35,325 - INFO - Product scraped successfully: https://houseofrohl.com/acqui-column-spout-filter-faucet-polished-chrome-with-cross-handle-akit1435xmapc-2/
2026-09-22 15:31:35,326 - INFO - Opening URL: https://houseofrohl.com/acqui-column-spout-filter-faucet-polished-nickel-with-cross-handle-akit1435xmpn-2/
2026-09-22 15:31:38,676 - INFO - Product scraped successfully: https://houseofrohl.com/acqui-column-spout-filter-faucet-polished-nickel-with-cross-handle-akit1435xmpn-2/
2026-09-22 15:31:38,676 - INFO - Opening URL: https://houseofrohl.com/acqui-column-spout-filter-faucet-satin-nickel-with-cross-handle-akit1435xmstn-2/
2026-09-22 15:31:42,702 - INFO - Product scraped successfully: https://houseofrohl.com/acqui-column-spout-filter-faucet-satin-nickel-with-cross-handle-akit1435xmstn-2/
2026-09-22 15:31:42,702 - INFO - Opening URL: https://houseofrohl.com/acqui-column-spout-filter-faucet-tuscan-brass-with-cross-handle-akit1435xmtcb-2/
2026-09-22 15:31:46,102 - INFO - Product scraped successfully: https://houseofrohl.com/acqui-column-spout-filter-faucet-tuscan-brass-with-cross-handle-akit1435xmtcb-2/
2026-09-22 15:31:46,102 - INFO - Opening URL: https://houseofrohl.com/acqui-column-spout-filter-faucet-unlacquered-brass-with-cross-handle-akit1435xmulb-2/
2026-09-22 15:31:49,188 - INFO - Product scraped successfully: https://houseofrohl.com/acqui-column-spout-filter-faucet-unlacquered-brass-with-cross-handle-akit1435xmulb-2/
2026-09-22 15:31:49,188 - INFO - Opening URL: https://houseofrohl.com/acqui-column-spout-filter-faucet-italian-brass-with-metal-lever-handle-a1435lmib-2/
2026-09-22 15:31:53,053 - INFO - Product scraped successfully: https://houseofrohl.com/acqui-column-spout-filter-faucet-italian-brass-with-metal-lever-handle-a1435lmib-2/
2026-09-22 15:31:53,053 - INFO - Opening URL: https://houseofrohl.com/acqui-column-spout-filter-faucet-polished-chrome-with-metal-lever-handle-a1435lmapc-2/
2026-09-22 15:31:56,313 - INFO - Product scraped successfully: https://houseofrohl.com/acqui-column-spout-filter-faucet-polished-chrome-with-metal-lever-handle-a1435lmapc-2/
2026-09-22 15:31:56,313 - INFO - Opening URL: https://houseofrohl.com/acqui-column-spout-filter-faucet-polished-nickel-with-metal-lever-handle-a1435lmpn-2/
2026-09-22 15:31:59,637 - INFO - Product scraped successfully: https://houseofrohl.com/acqui-column-spout-filter-faucet-polished-nickel-with-metal-lever-handle-a1435lmpn-2/
2026-09-22 15:31:59,637 - INFO - Opening URL: https://houseofrohl.com/acqui-column-spout-filter-faucet-satin-nickel-with-metal-lever-handle-a1435lmstn-2/
2026-09-22 15:32:02,678 - INFO - Product scraped successfully: https://houseofrohl.com/acqui-column-spout-filter-faucet-satin-nickel-with-metal-lever-handle-a1435lmstn-2/
2026-09-22 15:32:02,678 - INFO - Opening URL: https://houseofrohl.com/acqui-column-spout-filter-faucet-tuscan-brass-with-metal-lever-handle-a1435lmtcb-2/
2026-09-22 15:32:05,931 - INFO - Product scraped successfully: https://houseofrohl.com/acqui-column-spout-filter-faucet-tuscan-brass-with-metal-lever-handle-a1435lmtcb-2/
2026-09-22 15:32:05,931 - INFO - Opening URL: https://houseofrohl.com/acqui-column-spout-filter-faucet-italian-brass-with-cross-handle-a1435xmib-2/
2026-09-22 15:32:09,536 - INFO - Product scraped successfully: https://houseofrohl.com/acqui-column-spout-filter-faucet-italian-brass-with-cross-handle-a1435xmib-2/
2026-09-22 15:32:09,536 - INFO - Opening URL: https://houseofrohl.com/acqui-column-spout-filter-faucet-matte-black-with-cross-handle-a1435xmmb-2/
2026-09-22 15:32:12,812 - INFO - Product scraped successfully: https://houseofrohl.com/acqui-column-spout-filter-faucet-matte-black-with-cross-handle-a1435xmmb-2/
2026-09-22 15:32:12,812 - INFO - Opening URL: https://houseofrohl.com/acqui-column-spout-filter-faucet-polished-chrome-with-cross-handle-a1435xmapc-2/
2026-09-22 15:32:15,971 - INFO - Product scraped successfully: https://houseofrohl.com/acqui-column-spout-filter-faucet-polished-chrome-with-cross-handle-a1435xmapc-2/
2026-09-22 15:32:15,971 - INFO - Opening URL: https://houseofrohl.com/acqui-column-spout-filter-faucet-polished-nickel-with-cross-handle-a1435xmpn-2/
2026-09-22 15:32:19,218 - INFO - Product scraped successfully: https://houseofrohl.com/acqui-column-spout-filter-faucet-polished-nickel-with-cross-handle-a1435xmpn-2/
2026-09-22 15:32:19,218 - INFO - Opening URL: https://houseofrohl.com/acqui-column-spout-filter-faucet-satin-nickel-with-cross-handle-a1435xmstn-2/
2026-09-22 15:32:23,176 - INFO - Product scraped successfully: https://houseofrohl.com/acqui-column-spout-filter-faucet-satin-nickel-with-cross-handle-a1435xmstn-2/
2026-09-22 15:32:23,176 - INFO - Opening URL: https://houseofrohl.com/acqui-column-spout-filter-faucet-tuscan-brass-with-cross-handle-a1435xmtcb-2/
2026-09-22 15:32:26,425 - INFO - Product scraped successfully: https://houseofrohl.com/acqui-column-spout-filter-faucet-tuscan-brass-with-cross-handle-a1435xmtcb-2/
2026-09-22 15:32:26,425 - INFO - Opening URL: https://houseofrohl.com/acqui-column-spout-filter-faucet-unlacquered-brass-with-cross-handle-a1435xmulb-2/
2026-09-22 15:32:29,538 - INFO - Product scraped successfully: https://houseofrohl.com/acqui-column-spout-filter-faucet-unlacquered-brass-with-cross-handle-a1435xmulb-2/
2026-09-22 15:32:29,538 - INFO - Opening URL: https://houseofrohl.com/acqui-column-spout-filter-faucet-italian-brass-with-white-porcelain-lever-handle-akit1435lpib-2/
2026-09-22 15:32:32,905 - INFO - Product scraped successfully: https://houseofrohl.com/acqui-column-spout-filter-faucet-italian-brass-with-white-porcelain-lever-handle-akit1435lpib-2/
2026-09-22 15:32:32,905 - INFO - Opening URL: https://houseofrohl.com/acqui-column-spout-filter-faucet-polished-chrome-with-white-porcelain-lever-handle-akit1435lpapc-2/
2026-09-22 15:32:36,018 - INFO - Product scraped successfully: https://houseofrohl.com/acqui-column-spout-filter-faucet-polished-chrome-with-white-porcelain-lever-handle-akit1435lpapc-2/
2026-09-22 15:32:36,018 - INFO - Opening URL: https://houseofrohl.com/acqui-column-spout-filter-faucet-polished-nickel-with-white-porcelain-lever-handle-akit1435lppn-2/
2026-09-22 15:32:39,720 - INFO - Product scraped successfully: https://houseofrohl.com/acqui-column-spout-filter-faucet-polished-nickel-with-white-porcelain-lever-handle-akit1435lppn-2/
2026-09-22 15:32:39,729 - INFO - Opening URL: https://houseofrohl.com/acqui-column-spout-filter-faucet-satin-nickel-with-white-porcelain-lever-handle-akit1435lpstn-2/
2026-09-22 15:32:43,256 - INFO - Product scraped successfully: https://houseofrohl.com/acqui-column-spout-filter-faucet-satin-nickel-with-white-porcelain-lever-handle-akit1435lpstn-2/
2026-09-22 15:32:43,256 - INFO - Opening URL: https://houseofrohl.com/acqui-column-spout-filter-faucet-tuscan-brass-with-white-porcelain-lever-handle-akit1435lptcb-2/
2026-09-22 15:32:46,562 - INFO - Product scraped successfully: https://houseofrohl.com/acqui-column-spout-filter-faucet-tuscan-brass-with-white-porcelain-lever-handle-akit1435lptcb-2/
2026-09-22 15:32:46,562 - INFO - Opening URL: https://houseofrohl.com/acqui-column-spout-hot-water-faucet-tank-and-filter-kit-italian-brass-with-metal-lever-handle-gkit1445lmib-2/
2026-09-22 15:32:49,941 - INFO - Product scraped successfully: https://houseofrohl.com/acqui-column-spout-hot-water-faucet-tank-and-filter-kit-italian-brass-with-metal-lever-handle-gkit1445lmib-2/
2026-09-22 15:32:49,941 - INFO - Opening URL: https://houseofrohl.com/acqui-column-spout-hot-water-faucet-tank-and-filter-kit-matte-black-with-metal-lever-handle-gkit1445lmmb-2/
2026-09-22 15:32:53,187 - INFO - Product scraped successfully: https://houseofrohl.com/acqui-column-spout-hot-water-faucet-tank-and-filter-kit-matte-black-with-metal-lever-handle-gkit1445lmmb-2/
2026-09-22 15:32:53,187 - INFO - Opening URL: https://houseofrohl.com/acqui-column-spout-hot-water-faucet-tank-and-filter-kit-polished-chrome-with-metal-lever-handle-gkit1445lmapc-2/
2026-09-22 15:32:56,363 - INFO - Product scraped successfully: https://houseofrohl.com/acqui-column-spout-hot-water-faucet-tank-and-filter-kit-polished-chrome-with-metal-lever-handle-gkit1445lmapc-2/
2026-09-22 15:32:56,363 - INFO - Opening URL: https://houseofrohl.com/acqui-column-spout-hot-water-faucet-tank-and-filter-kit-polished-nickel-with-metal-lever-handle-gkit1445lmpn-2/
2026-09-22 15:32:59,482 - INFO - Product scraped successfully: https://houseofrohl.com/acqui-column-spout-hot-water-faucet-tank-and-filter-kit-polished-nickel-with-metal-lever-handle-gkit1445lmpn-2/
2026-09-22 15:32:59,482 - INFO - Opening URL: https://houseofrohl.com/acqui-column-spout-hot-water-faucet-tank-and-filter-kit-satin-nickel-with-metal-lever-handle-gkit1445lmstn-2/
2026-09-22 15:33:02,627 - INFO - Product scraped successfully: https://houseofrohl.com/acqui-column-spout-hot-water-faucet-tank-and-filter-kit-satin-nickel-with-metal-lever-handle-gkit1445lmstn-2/
2026-09-22 15:33:02,627 - INFO - Opening URL: https://houseofrohl.com/acqui-column-spout-hot-water-faucet-tank-and-filter-kit-tuscan-brass-with-metal-lever-handle-gkit1445lmtcb-2/
2026-09-22 15:33:05,887 - INFO - Product scraped successfully: https://houseofrohl.com/acqui-column-spout-hot-water-faucet-tank-and-filter-kit-tuscan-brass-with-metal-lever-handle-gkit1445lmtcb-2/
2026-09-22 15:33:05,887 - INFO - Opening URL: https://houseofrohl.com/acqui-column-spout-hot-water-faucet-tank-and-filter-kit-unlacquered-brass-with-metal-lever-handle-gkit1445lmulb-2/
2026-09-22 15:33:09,297 - INFO - Product scraped successfully: https://houseofrohl.com/acqui-column-spout-hot-water-faucet-tank-and-filter-kit-unlacquered-brass-with-metal-lever-handle-gkit1445lmulb-2/
2026-09-22 15:33:09,298 - INFO - Opening URL: https://houseofrohl.com/acqui-column-spout-hot-water-faucet-italian-brass-with-metal-lever-handle-g1445lmib-2/
2026-09-22 15:33:12,430 - INFO - Product scraped successfully: https://houseofrohl.com/acqui-column-spout-hot-water-faucet-italian-brass-with-metal-lever-handle-g1445lmib-2/
2026-09-22 15:33:12,431 - INFO - Opening URL: https://houseofrohl.com/acqui-column-spout-hot-water-faucet-matte-black-with-metal-lever-handle-g1445lmmb-2/
2026-09-22 15:33:15,654 - INFO - Product scraped successfully: https://houseofrohl.com/acqui-column-spout-hot-water-faucet-matte-black-with-metal-lever-handle-g1445lmmb-2/
2026-09-22 15:33:15,654 - INFO - Opening URL: https://houseofrohl.com/acqui-column-spout-hot-water-faucet-polished-chrome-with-metal-lever-handle-g1445lmapc-2/
2026-09-22 15:33:18,794 - INFO - Product scraped successfully: https://houseofrohl.com/acqui-column-spout-hot-water-faucet-polished-chrome-with-metal-lever-handle-g1445lmapc-2/
2026-09-22 15:33:18,794 - INFO - Opening URL: https://houseofrohl.com/acqui-column-spout-hot-water-faucet-polished-nickel-with-metal-lever-handle-g1445lmpn-2/
2026-09-22 15:33:21,899 - INFO - Product scraped successfully: https://houseofrohl.com/acqui-column-spout-hot-water-faucet-polished-nickel-with-metal-lever-handle-g1445lmpn-2/
2026-09-22 15:33:21,899 - INFO - Opening URL: https://houseofrohl.com/acqui-column-spout-hot-water-faucet-satin-nickel-with-metal-lever-handle-g1445lmstn-2/
2026-09-22 15:33:25,055 - INFO - Product scraped successfully: https://houseofrohl.com/acqui-column-spout-hot-water-faucet-satin-nickel-with-metal-lever-handle-g1445lmstn-2/
2026-09-22 15:33:25,055 - INFO - Opening URL: https://houseofrohl.com/acqui-column-spout-hot-water-faucet-tuscan-brass-with-metal-lever-handle-g1445lmtcb-2/
2026-09-22 15:33:28,489 - INFO - Product scraped successfully: https://houseofrohl.com/acqui-column-spout-hot-water-faucet-tuscan-brass-with-metal-lever-handle-g1445lmtcb-2/
2026-09-22 15:33:28,489 - INFO - Opening URL: https://houseofrohl.com/acqui-column-spout-hot-water-faucet-unlacquered-brass-with-metal-lever-handle-g1445lmulb-2/
2026-09-22 15:33:32,244 - INFO - Product scraped successfully: https://houseofrohl.com/acqui-column-spout-hot-water-faucet-unlacquered-brass-with-metal-lever-handle-g1445lmulb-2/
2026-09-22 15:33:32,244 - INFO - Opening URL: https://houseofrohl.com/acqui-single-hole-column-spout-bar-food-prep-faucet-italian-brass-with-metal-lever-handle-a1680lmib-2/
2026-09-22 15:33:35,459 - INFO - Product scraped successfully: https://houseofrohl.com/acqui-single-hole-column-spout-bar-food-prep-faucet-italian-brass-with-metal-lever-handle-a1680lmib-2/
2026-09-22 15:33:35,459 - INFO - Opening URL: https://houseofrohl.com/acqui-single-hole-column-spout-bar-food-prep-faucet-polished-chrome-with-metal-lever-handle-a1680lmapc-2/
2026-09-22 15:33:38,583 - INFO - Product scraped successfully: https://houseofrohl.com/acqui-single-hole-column-spout-bar-food-prep-faucet-polished-chrome-with-metal-lever-handle-a1680lmapc-2/
2026-09-22 15:33:38,583 - INFO - Opening URL: https://houseofrohl.com/acqui-single-hole-column-spout-bar-food-prep-faucet-polished-nickel-with-metal-lever-handle-a1680lmpn-2/
2026-09-22 15:33:42,126 - INFO - Product scraped successfully: https://houseofrohl.com/acqui-single-hole-column-spout-bar-food-prep-faucet-polished-nickel-with-metal-lever-handle-a1680lmpn-2/
2026-09-22 15:33:42,126 - INFO - Opening URL: https://houseofrohl.com/acqui-single-hole-column-spout-bar-food-prep-faucet-satin-nickel-with-metal-lever-handle-a1680lmstn-2/
2026-09-22 15:33:45,232 - INFO - Product scraped successfully: https://houseofrohl.com/acqui-single-hole-column-spout-bar-food-prep-faucet-satin-nickel-with-metal-lever-handle-a1680lmstn-2/
2026-09-22 15:33:45,232 - INFO - Opening URL: https://houseofrohl.com/acqui-single-hole-column-spout-bar-food-prep-faucet-tuscan-brass-with-metal-lever-handle-a1680lmtcb-2/
2026-09-22 15:33:48,808 - INFO - Product scraped successfully: https://houseofrohl.com/acqui-single-hole-column-spout-bar-food-prep-faucet-tuscan-brass-with-metal-lever-handle-a1680lmtcb-2/
2026-09-22 15:33:48,808 - INFO - Opening URL: https://houseofrohl.com/acqui-two-handle-bar-food-prep-kitchen-faucet-unlacquered-brass-a1680lmulb-2/
2026-09-22 15:33:51,979 - INFO - Product scraped successfully: https://houseofrohl.com/acqui-two-handle-bar-food-prep-kitchen-faucet-unlacquered-brass-a1680lmulb-2/
2026-09-22 15:33:51,979 - INFO - Opening URL: https://houseofrohl.com/acqui-single-hole-column-spout-bar-food-prep-faucet-italian-brass-with-white-porcelain-lever-handle-a1680lpib-2/
2026-09-22 15:33:55,219 - INFO - Product scraped successfully: https://houseofrohl.com/acqui-single-hole-column-spout-bar-food-prep-faucet-italian-brass-with-white-porcelain-lever-handle-a1680lpib-2/
2026-09-22 15:33:55,219 - INFO - Opening URL: https://houseofrohl.com/acqui-single-hole-column-spout-bar-food-prep-faucet-polished-chrome-with-white-porcelain-lever-handle-a1680lpapc-2/
2026-09-22 15:33:58,533 - INFO - Product scraped successfully: https://houseofrohl.com/acqui-single-hole-column-spout-bar-food-prep-faucet-polished-chrome-with-white-porcelain-lever-handle-a1680lpapc-2/
2026-09-22 15:33:58,533 - INFO - Opening URL: https://houseofrohl.com/acqui-single-hole-column-spout-bar-food-prep-faucet-polished-nickel-with-white-porcelain-lever-handle-a1680lppn-2/
2026-09-22 15:34:01,818 - INFO - Product scraped successfully: https://houseofrohl.com/acqui-single-hole-column-spout-bar-food-prep-faucet-polished-nickel-with-white-porcelain-lever-handle-a1680lppn-2/
2026-09-22 15:34:01,818 - INFO - Opening URL: https://houseofrohl.com/acqui-single-hole-column-spout-bar-food-prep-faucet-satin-nickel-with-white-porcelain-lever-handle-a1680lpstn-2/
2026-09-22 15:34:05,008 - INFO - Product scraped successfully: https://houseofrohl.com/acqui-single-hole-column-spout-bar-food-prep-faucet-satin-nickel-with-white-porcelain-lever-handle-a1680lpstn-2/
2026-09-22 15:34:05,012 - INFO - Opening URL: https://houseofrohl.com/acqui-single-hole-column-spout-bar-food-prep-faucet-tuscan-brass-with-white-porcelain-lever-handle-a1680lptcb-2/
2026-09-22 15:34:08,431 - INFO - Product scraped successfully: https://houseofrohl.com/acqui-single-hole-column-spout-bar-food-prep-faucet-tuscan-brass-with-white-porcelain-lever-handle-a1680lptcb-2/
2026-09-22 15:34:08,431 - INFO - Opening URL: https://houseofrohl.com/acqui-single-hole-column-spout-kitchen-faucet-with-sidespray-italian-brass-with-white-porcelain-lever-handle-a1679lpwsib-2/
2026-09-22 15:34:11,999 - INFO - Product scraped successfully: https://houseofrohl.com/acqui-single-hole-column-spout-kitchen-faucet-with-sidespray-italian-brass-with-white-porcelain-lever-handle-a1679lpwsib-2/
2026-09-22 15:34:11,999 - INFO - Opening URL: https://houseofrohl.com/acqui-single-hole-column-spout-kitchen-faucet-with-sidespray-polished-chrome-with-white-porcelain-lever-handle-a1679lpwsapc-2/
2026-09-22 15:34:15,117 - INFO - Product scraped successfully: https://houseofrohl.com/acqui-single-hole-column-spout-kitchen-faucet-with-sidespray-polished-chrome-with-white-porcelain-lever-handle-a1679lpwsapc-2/
2026-09-22 15:34:15,117 - INFO - Opening URL: https://houseofrohl.com/acqui-single-hole-column-spout-kitchen-faucet-with-sidespray-polished-nickel-with-white-porcelain-lever-handle-a1679lpwspn-2/
2026-09-22 15:34:18,435 - INFO - Product scraped successfully: https://houseofrohl.com/acqui-single-hole-column-spout-kitchen-faucet-with-sidespray-polished-nickel-with-white-porcelain-lever-handle-a1679lpwspn-2/
2026-09-22 15:34:18,435 - INFO - Opening URL: https://houseofrohl.com/acqui-single-hole-column-spout-kitchen-faucet-with-sidespray-satin-nickel-with-white-porcelain-lever-handle-a1679lpwsstn-2/
2026-09-22 15:34:21,969 - INFO - Product scraped successfully: https://houseofrohl.com/acqui-single-hole-column-spout-kitchen-faucet-with-sidespray-satin-nickel-with-white-porcelain-lever-handle-a1679lpwsstn-2/
2026-09-22 15:34:21,969 - INFO - Opening URL: https://houseofrohl.com/acqui-single-hole-column-spout-kitchen-faucet-with-sidespray-tuscan-brass-with-white-porcelain-lever-handle-a1679lpwstcb-2/
2026-09-22 15:34:25,235 - INFO - Product scraped successfully: https://houseofrohl.com/acqui-single-hole-column-spout-kitchen-faucet-with-sidespray-tuscan-brass-with-white-porcelain-lever-handle-a1679lpwstcb-2/
2026-09-22 15:34:25,235 - INFO - Opening URL: https://houseofrohl.com/acqui-single-hole-column-spout-kitchen-faucet-with-sidespray-italian-brass-with-metal-lever-handle-a1679lmwsib-2/
2026-09-22 15:34:28,616 - INFO - Product scraped successfully: https://houseofrohl.com/acqui-single-hole-column-spout-kitchen-faucet-with-sidespray-italian-brass-with-metal-lever-handle-a1679lmwsib-2/
2026-09-22 15:34:28,616 - INFO - Opening URL: https://houseofrohl.com/acqui-single-hole-column-spout-kitchen-faucet-with-sidespray-polished-chrome-with-metal-lever-handle-a1679lmwsapc-2/
2026-09-22 15:34:31,811 - INFO - Product scraped successfully: https://houseofrohl.com/acqui-single-hole-column-spout-kitchen-faucet-with-sidespray-polished-chrome-with-metal-lever-handle-a1679lmwsapc-2/
2026-09-22 15:34:31,811 - INFO - Opening URL: https://houseofrohl.com/acqui-single-hole-column-spout-kitchen-faucet-with-sidespray-polished-nickel-with-metal-lever-handle-a1679lmwspn-2/
2026-09-22 15:34:34,974 - INFO - Product scraped successfully: https://houseofrohl.com/acqui-single-hole-column-spout-kitchen-faucet-with-sidespray-polished-nickel-with-metal-lever-handle-a1679lmwspn-2/
2026-09-22 15:34:34,974 - INFO - Opening URL: https://houseofrohl.com/acqui-single-hole-column-spout-kitchen-faucet-with-sidespray-satin-nickel-with-metal-lever-handle-a1679lmwsstn-2/
2026-09-22 15:34:38,163 - INFO - Product scraped successfully: https://houseofrohl.com/acqui-single-hole-column-spout-kitchen-faucet-with-sidespray-satin-nickel-with-metal-lever-handle-a1679lmwsstn-2/
2026-09-22 15:34:38,163 - INFO - Opening URL: https://houseofrohl.com/acqui-single-hole-column-spout-kitchen-faucet-with-sidespray-tuscan-brass-with-metal-lever-handle-a1679lmwstcb-2/
2026-09-22 15:34:42,351 - INFO - Product scraped successfully: https://houseofrohl.com/acqui-single-hole-column-spout-kitchen-faucet-with-sidespray-tuscan-brass-with-metal-lever-handle-a1679lmwstcb-2/
2026-09-22 15:34:42,351 - INFO - Opening URL: https://houseofrohl.com/acqui-two-handle-kitchen-faucet-with-side-spray-unlacquered-brass-a1679lmwsulb-2/
2026-09-22 15:34:45,722 - INFO - Product scraped successfully: https://houseofrohl.com/acqui-two-handle-kitchen-faucet-with-side-spray-unlacquered-brass-a1679lmwsulb-2/
2026-09-22 15:34:45,722 - INFO - Opening URL: https://houseofrohl.com/acqui-single-hole-column-spout-kitchen-faucet-with-sidespray-italian-brass-with-metal-lever-handle-a3608lmwsib-2/
2026-09-22 15:34:49,166 - INFO - Product scraped successfully: https://houseofrohl.com/acqui-single-hole-column-spout-kitchen-faucet-with-sidespray-italian-brass-with-metal-lever-handle-a3608lmwsib-2/
2026-09-22 15:34:49,166 - INFO - Opening URL: https://houseofrohl.com/acqui-single-hole-column-spout-kitchen-faucet-with-sidespray-polished-chrome-with-metal-lever-handle-a3608lmwsapc-2/
2026-09-22 15:34:52,444 - INFO - Product scraped successfully: https://houseofrohl.com/acqui-single-hole-column-spout-kitchen-faucet-with-sidespray-polished-chrome-with-metal-lever-handle-a3608lmwsapc-2/
2026-09-22 15:34:52,444 - INFO - Opening URL: https://houseofrohl.com/acqui-single-hole-column-spout-kitchen-faucet-with-sidespray-polished-nickel-with-metal-lever-handle-a3608lmwspn-2/
2026-09-22 15:34:55,705 - INFO - Product scraped successfully: https://houseofrohl.com/acqui-single-hole-column-spout-kitchen-faucet-with-sidespray-polished-nickel-with-metal-lever-handle-a3608lmwspn-2/
2026-09-22 15:34:55,705 - INFO - Opening URL: https://houseofrohl.com/acqui-single-hole-column-spout-kitchen-faucet-with-sidespray-satin-nickel-with-metal-lever-handle-a3608lmwsstn-2/
2026-09-22 15:34:58,881 - INFO - Product scraped successfully: https://houseofrohl.com/acqui-single-hole-column-spout-kitchen-faucet-with-sidespray-satin-nickel-with-metal-lever-handle-a3608lmwsstn-2/
2026-09-22 15:34:58,881 - INFO - Opening URL: https://houseofrohl.com/acqui-single-hole-column-spout-kitchen-faucet-with-sidespray-tuscan-brass-with-metal-lever-handle-a3608lmwstcb-2/
2026-09-22 15:35:02,052 - INFO - Product scraped successfully: https://houseofrohl.com/acqui-single-hole-column-spout-kitchen-faucet-with-sidespray-tuscan-brass-with-metal-lever-handle-a3608lmwstcb-2/
2026-09-22 15:35:02,052 - INFO - Opening URL: https://houseofrohl.com/acqui-single-hole-column-spout-kitchen-faucet-with-sidespray-italian-brass-with-white-porcelain-lever-handle-a3608lpwsib-2/
2026-09-22 15:35:06,219 - INFO - Product scraped successfully: https://houseofrohl.com/acqui-single-hole-column-spout-kitchen-faucet-with-sidespray-italian-brass-with-white-porcelain-lever-handle-a3608lpwsib-2/
2026-09-22 15:35:06,219 - INFO - Opening URL: https://houseofrohl.com/acqui-single-hole-column-spout-kitchen-faucet-with-sidespray-polished-chrome-with-white-porcelain-lever-handle-a3608lpwsapc-2/
2026-09-22 15:35:10,138 - INFO - Product scraped successfully: https://houseofrohl.com/acqui-single-hole-column-spout-kitchen-faucet-with-sidespray-polished-chrome-with-white-porcelain-lever-handle-a3608lpwsapc-2/
2026-09-22 15:35:10,138 - INFO - Opening URL: https://houseofrohl.com/acqui-single-hole-column-spout-kitchen-faucet-with-sidespray-polished-nickel-with-white-porcelain-lever-handle-a3608lpwspn-2/
2026-09-22 15:35:13,968 - INFO - Product scraped successfully: https://houseofrohl.com/acqui-single-hole-column-spout-kitchen-faucet-with-sidespray-polished-nickel-with-white-porcelain-lever-handle-a3608lpwspn-2/
2026-09-22 15:35:13,968 - INFO - Opening URL: https://houseofrohl.com/acqui-single-hole-column-spout-kitchen-faucet-with-sidespray-satin-nickel-with-white-porcelain-lever-handle-a3608lpwsstn-2/
2026-09-22 15:35:17,154 - INFO - Product scraped successfully: https://houseofrohl.com/acqui-single-hole-column-spout-kitchen-faucet-with-sidespray-satin-nickel-with-white-porcelain-lever-handle-a3608lpwsstn-2/
2026-09-22 15:35:17,155 - INFO - Opening URL: https://houseofrohl.com/acqui-single-hole-column-spout-kitchen-faucet-with-sidespray-tuscan-brass-with-white-porcelain-lever-handle-a3608lpwstcb-2/
2026-09-22 15:35:20,449 - INFO - Product scraped successfully: https://houseofrohl.com/acqui-single-hole-column-spout-kitchen-faucet-with-sidespray-tuscan-brass-with-white-porcelain-lever-handle-a3608lpwstcb-2/
2026-09-22 15:35:20,449 - INFO - Opening URL: https://houseofrohl.com/acqui-single-hole-column-spout-kitchen-faucet-with-sidespray-and-extended-spout-italian-brass-with-white-porcelain-lever-handle-a3608-11lpwsib-2/
2026-09-22 15:35:23,787 - INFO - Product scraped successfully: https://houseofrohl.com/acqui-single-hole-column-spout-kitchen-faucet-with-sidespray-and-extended-spout-italian-brass-with-white-porcelain-lever-handle-a3608-11lpwsib-2/
2026-09-22 15:35:23,787 - INFO - Opening URL: https://houseofrohl.com/acqui-single-hole-column-spout-kitchen-faucet-with-sidespray-and-extended-spout-polished-chrome-with-white-porcelain-lever-handle-a3608-11lpwsapc-2/
2026-09-22 15:35:26,900 - INFO - Product scraped successfully: https://houseofrohl.com/acqui-single-hole-column-spout-kitchen-faucet-with-sidespray-and-extended-spout-polished-chrome-with-white-porcelain-lever-handle-a3608-11lpwsapc-2/
2026-09-22 15:35:26,900 - INFO - Opening URL: https://houseofrohl.com/acqui-single-hole-column-spout-kitchen-faucet-with-sidespray-and-extended-spout-polished-nickel-with-white-porcelain-lever-handle-a3608-11lpwspn-2/
2026-09-22 15:35:30,078 - INFO - Product scraped successfully: https://houseofrohl.com/acqui-single-hole-column-spout-kitchen-faucet-with-sidespray-and-extended-spout-polished-nickel-with-white-porcelain-lever-handle-a3608-11lpwspn-2/
2026-09-22 15:35:30,078 - INFO - Opening URL: https://houseofrohl.com/acqui-single-hole-column-spout-kitchen-faucet-with-sidespray-and-extended-spout-satin-nickel-with-white-porcelain-lever-handle-a3608-11lpwsstn-2/
2026-09-22 15:35:33,821 - INFO - Product scraped successfully: https://houseofrohl.com/acqui-single-hole-column-spout-kitchen-faucet-with-sidespray-and-extended-spout-satin-nickel-with-white-porcelain-lever-handle-a3608-11lpwsstn-2/
2026-09-22 15:35:33,821 - INFO - Opening URL: https://houseofrohl.com/acqui-single-hole-column-spout-kitchen-faucet-with-sidespray-and-extended-spout-tuscan-brass-with-white-porcelain-lever-handle-a3608-11lpwstcb-2/
2026-09-22 15:35:37,089 - INFO - Product scraped successfully: https://houseofrohl.com/acqui-single-hole-column-spout-kitchen-faucet-with-sidespray-and-extended-spout-tuscan-brass-with-white-porcelain-lever-handle-a3608-11lpwstcb-2/
2026-09-22 15:35:37,089 - INFO - Opening URL: https://houseofrohl.com/holborn-pulldown-kitchen-faucet-english-bronze-with-metal-lever-handle-u-4044eb-2/
2026-09-22 15:35:40,473 - INFO - Product scraped successfully: https://houseofrohl.com/holborn-pulldown-kitchen-faucet-english-bronze-with-metal-lever-handle-u-4044eb-2/
2026-09-22 15:35:40,473 - INFO - Opening URL: https://houseofrohl.com/holborn-pulldown-kitchen-faucet-english-gold-with-metal-lever-handle-u-4044eg-2/
2026-09-22 15:35:44,020 - INFO - Product scraped successfully: https://houseofrohl.com/holborn-pulldown-kitchen-faucet-english-gold-with-metal-lever-handle-u-4044eg-2/
2026-09-22 15:35:44,020 - INFO - Opening URL: https://houseofrohl.com/holborn-pulldown-kitchen-faucet-polished-chrome-with-metal-lever-handle-u-4044apc-2/
2026-09-22 15:35:47,093 - INFO - Product scraped successfully: https://houseofrohl.com/holborn-pulldown-kitchen-faucet-polished-chrome-with-metal-lever-handle-u-4044apc-2/
2026-09-22 15:35:47,093 - INFO - Opening URL: https://houseofrohl.com/holborn-pulldown-kitchen-faucet-polished-nickel-with-metal-lever-handle-u-4044pn-2/
2026-09-22 15:35:50,322 - INFO - Product scraped successfully: https://houseofrohl.com/holborn-pulldown-kitchen-faucet-polished-nickel-with-metal-lever-handle-u-4044pn-2/
2026-09-22 15:35:50,322 - INFO - Opening URL: https://houseofrohl.com/holborn-pulldown-kitchen-faucet-satin-english-gold-with-metal-lever-handle-u-4044seg-2/
2026-09-22 15:35:53,516 - INFO - Product scraped successfully: https://houseofrohl.com/holborn-pulldown-kitchen-faucet-satin-english-gold-with-metal-lever-handle-u-4044seg-2/
2026-09-22 15:35:53,516 - INFO - Opening URL: https://houseofrohl.com/holborn-pulldown-kitchen-faucet-satin-nickel-with-metal-lever-handle-u-4044stn-2/
2026-09-22 15:35:56,937 - INFO - Product scraped successfully: https://houseofrohl.com/holborn-pulldown-kitchen-faucet-satin-nickel-with-metal-lever-handle-u-4044stn-2/
2026-09-22 15:35:56,937 - INFO - Opening URL: https://houseofrohl.com/holborn-pulldown-kitchen-faucet-unlacquered-brass-with-metal-lever-handle-u-4044ulb-2/
2026-09-22 15:36:00,170 - INFO - Product scraped successfully: https://houseofrohl.com/holborn-pulldown-kitchen-faucet-unlacquered-brass-with-metal-lever-handle-u-4044ulb-2/
2026-09-22 15:36:00,170 - INFO - Opening URL: https://houseofrohl.com/holborn-pulldown-bar-and-food-prep-faucet-english-bronze-with-metal-lever-handle-u-4043eb-2/
2026-09-22 15:36:03,918 - INFO - Product scraped successfully: https://houseofrohl.com/holborn-pulldown-bar-and-food-prep-faucet-english-bronze-with-metal-lever-handle-u-4043eb-2/
2026-09-22 15:36:03,919 - INFO - Opening URL: https://houseofrohl.com/holborn-pulldown-bar-and-food-prep-faucet-english-gold-with-metal-lever-handle-u-4043eg-2/
2026-09-22 15:36:07,130 - INFO - Product scraped successfully: https://houseofrohl.com/holborn-pulldown-bar-and-food-prep-faucet-english-gold-with-metal-lever-handle-u-4043eg-2/
2026-09-22 15:36:07,130 - INFO - Opening URL: https://houseofrohl.com/holborn-pulldown-bar-and-food-prep-faucet-polished-chrome-with-metal-lever-handle-u-4043apc-2/
2026-09-22 15:36:10,294 - INFO - Product scraped successfully: https://houseofrohl.com/holborn-pulldown-bar-and-food-prep-faucet-polished-chrome-with-metal-lever-handle-u-4043apc-2/
2026-09-22 15:36:10,294 - INFO - Opening URL: https://houseofrohl.com/holborn-pulldown-bar-and-food-prep-faucet-polished-nickel-with-metal-lever-handle-u-4043pn-2/
2026-09-22 15:36:13,431 - INFO - Product scraped successfully: https://houseofrohl.com/holborn-pulldown-bar-and-food-prep-faucet-polished-nickel-with-metal-lever-handle-u-4043pn-2/
2026-09-22 15:36:13,431 - INFO - Opening URL: https://houseofrohl.com/holborn-pulldown-bar-and-food-prep-faucet-satin-english-gold-with-metal-lever-handle-u-4043seg-2/
2026-09-22 15:36:16,568 - INFO - Product scraped successfully: https://houseofrohl.com/holborn-pulldown-bar-and-food-prep-faucet-satin-english-gold-with-metal-lever-handle-u-4043seg-2/
2026-09-22 15:36:16,568 - INFO - Opening URL: https://houseofrohl.com/holborn-pulldown-bar-and-food-prep-faucet-satin-nickel-with-metal-lever-handle-u-4043stn-2/
2026-09-22 15:36:20,079 - INFO - Product scraped successfully: https://houseofrohl.com/holborn-pulldown-bar-and-food-prep-faucet-satin-nickel-with-metal-lever-handle-u-4043stn-2/
2026-09-22 15:36:20,079 - INFO - Opening URL: https://houseofrohl.com/holborn-pulldown-bar-and-food-prep-faucet-unlacquered-brass-with-metal-lever-handle-u-4043ulb-2/
2026-09-22 15:36:23,394 - INFO - Product scraped successfully: https://houseofrohl.com/holborn-pulldown-bar-and-food-prep-faucet-unlacquered-brass-with-metal-lever-handle-u-4043ulb-2/
2026-09-22 15:36:23,394 - INFO - Opening URL: https://houseofrohl.com/armstrong-pulldown-bar-and-food-prep-faucet-polished-chrome-with-metal-lever-handle-u-4543ht-apc-2/
2026-09-22 15:36:27,055 - INFO - Product scraped successfully: https://houseofrohl.com/armstrong-pulldown-bar-and-food-prep-faucet-polished-chrome-with-metal-lever-handle-u-4543ht-apc-2/
2026-09-22 15:36:27,055 - INFO - Opening URL: https://houseofrohl.com/armstrong-pulldown-bar-and-food-prep-faucet-polished-nickel-with-metal-lever-handle-u-4543ht-pn-2/
2026-09-22 15:36:31,332 - INFO - Product scraped successfully: https://houseofrohl.com/armstrong-pulldown-bar-and-food-prep-faucet-polished-nickel-with-metal-lever-handle-u-4543ht-pn-2/
2026-09-22 15:36:31,332 - INFO - Opening URL: https://houseofrohl.com/armstrong-pulldown-bar-and-food-prep-faucet-satin-english-gold-with-metal-lever-handle-u-4543ht-seg-2/
2026-09-22 15:36:35,164 - INFO - Product scraped successfully: https://houseofrohl.com/armstrong-pulldown-bar-and-food-prep-faucet-satin-english-gold-with-metal-lever-handle-u-4543ht-seg-2/
2026-09-22 15:36:35,164 - INFO - Opening URL: https://houseofrohl.com/armstrong-pulldown-bar-and-food-prep-faucet-satin-nickel-with-metal-lever-handle-u-4543ht-stn-2/
2026-09-22 15:36:38,342 - INFO - Product scraped successfully: https://houseofrohl.com/armstrong-pulldown-bar-and-food-prep-faucet-satin-nickel-with-metal-lever-handle-u-4543ht-stn-2/
2026-09-22 15:36:38,342 - INFO - Opening URL: https://houseofrohl.com/armstrong-pulldown-bar-and-food-prep-faucet-unlacquered-brass-with-metal-lever-handle-model-number-u-4543ht-ulb-2/
2026-09-22 15:36:41,694 - INFO - Product scraped successfully: https://houseofrohl.com/armstrong-pulldown-bar-and-food-prep-faucet-unlacquered-brass-with-metal-lever-handle-model-number-u-4543ht-ulb-2/
2026-09-22 15:36:41,694 - INFO - Opening URL: https://houseofrohl.com/armstrong-pulldown-touchless-kitchen-faucet-polished-chrome-with-metal-lever-handle-u-4534ht-apc-2/
2026-09-22 15:36:45,542 - INFO - Product scraped successfully: https://houseofrohl.com/armstrong-pulldown-touchless-kitchen-faucet-polished-chrome-with-metal-lever-handle-u-4534ht-apc-2/
2026-09-22 15:36:45,542 - INFO - Opening URL: https://houseofrohl.com/armstrong-pulldown-touchless-kitchen-faucet-polished-nickel-with-metal-lever-handle-u-4534ht-pn-2/
2026-09-22 15:36:48,735 - INFO - Product scraped successfully: https://houseofrohl.com/armstrong-pulldown-touchless-kitchen-faucet-polished-nickel-with-metal-lever-handle-u-4534ht-pn-2/
2026-09-22 15:36:48,735 - INFO - Opening URL: https://houseofrohl.com/armstrong-pulldown-touchless-kitchen-faucet-satin-english-gold-with-metal-lever-handle-u-4534ht-seg-2/
2026-09-22 15:36:51,976 - INFO - Product scraped successfully: https://houseofrohl.com/armstrong-pulldown-touchless-kitchen-faucet-satin-english-gold-with-metal-lever-handle-u-4534ht-seg-2/
2026-09-22 15:36:51,976 - INFO - Opening URL: https://houseofrohl.com/armstrong-pulldown-touchless-kitchen-faucet-satin-nickel-with-metal-lever-handle-u-4534ht-stn-2/
2026-09-22 15:36:55,181 - INFO - Product scraped successfully: https://houseofrohl.com/armstrong-pulldown-touchless-kitchen-faucet-satin-nickel-with-metal-lever-handle-u-4534ht-stn-2/
2026-09-22 15:36:55,181 - INFO - Opening URL: https://houseofrohl.com/armstrong-pulldown-touchless-kitchen-faucet-unlacquered-brass-with-metal-lever-handle-model-number-u-4534ht-ulb-2/
2026-09-22 15:36:58,372 - INFO - Product scraped successfully: https://houseofrohl.com/armstrong-pulldown-touchless-kitchen-faucet-unlacquered-brass-with-metal-lever-handle-model-number-u-4534ht-ulb-2/
2026-09-22 15:36:58,372 - INFO - Opening URL: https://houseofrohl.com/armstrong-bar-and-food-prep-faucet-polished-chrome-with-metal-lever-handle-u-4513ht-apc-2/
2026-09-22 15:37:02,109 - INFO - Product scraped successfully: https://houseofrohl.com/armstrong-bar-and-food-prep-faucet-polished-chrome-with-metal-lever-handle-u-4513ht-apc-2/
2026-09-22 15:37:02,109 - INFO - Opening URL: https://houseofrohl.com/armstrong-bar-and-food-prep-faucet-polished-nickel-with-metal-lever-handle-u-4513ht-pn-2/
2026-09-22 15:37:05,344 - INFO - Product scraped successfully: https://houseofrohl.com/armstrong-bar-and-food-prep-faucet-polished-nickel-with-metal-lever-handle-u-4513ht-pn-2/
2026-09-22 15:37:05,344 - INFO - Opening URL: https://houseofrohl.com/armstrong-bar-and-food-prep-faucet-satin-english-gold-with-metal-lever-handle-u-4513ht-seg-2/
2026-09-22 15:37:09,577 - INFO - Product scraped successfully: https://houseofrohl.com/armstrong-bar-and-food-prep-faucet-satin-english-gold-with-metal-lever-handle-u-4513ht-seg-2/
2026-09-22 15:37:09,577 - INFO - Opening URL: https://houseofrohl.com/armstrong-bar-and-food-prep-faucet-satin-nickel-with-metal-lever-handle-u-4513ht-stn-2/
2026-09-22 15:37:12,874 - INFO - Product scraped successfully: https://houseofrohl.com/armstrong-bar-and-food-prep-faucet-satin-nickel-with-metal-lever-handle-u-4513ht-stn-2/
2026-09-22 15:37:12,882 - INFO - Opening URL: https://houseofrohl.com/armstrong-bar-and-food-prep-faucet-unlacquered-brass-with-metal-lever-handle-model-number-u-4513ht-ulb-2/
2026-09-22 15:37:15,974 - INFO - Product scraped successfully: https://houseofrohl.com/armstrong-bar-and-food-prep-faucet-unlacquered-brass-with-metal-lever-handle-model-number-u-4513ht-ulb-2/
2026-09-22 15:37:15,975 - INFO - Opening URL: https://houseofrohl.com/armstrong-bridge-kitchen-faucet-polished-chrome-with-metal-lever-handle-u-4549ht-apc-2/
2026-09-22 15:37:21,279 - INFO - Product scraped successfully: https://houseofrohl.com/armstrong-bridge-kitchen-faucet-polished-chrome-with-metal-lever-handle-u-4549ht-apc-2/
2026-09-22 15:37:21,279 - INFO - Opening URL: https://houseofrohl.com/armstrong-bridge-kitchen-faucet-polished-nickel-with-metal-lever-handle-u-4549ht-pn-2/
2026-09-22 15:37:29,619 - INFO - Product scraped successfully: https://houseofrohl.com/armstrong-bridge-kitchen-faucet-polished-nickel-with-metal-lever-handle-u-4549ht-pn-2/
2026-09-22 15:37:29,619 - INFO - Opening URL: https://houseofrohl.com/armstrong-bridge-kitchen-faucet-satin-english-gold-with-metal-lever-handle-u-4549ht-seg-2/
2026-09-22 15:37:32,707 - INFO - Product scraped successfully: https://houseofrohl.com/armstrong-bridge-kitchen-faucet-satin-english-gold-with-metal-lever-handle-u-4549ht-seg-2/
2026-09-22 15:37:32,707 - INFO - Opening URL: https://houseofrohl.com/armstrong-bridge-kitchen-faucet-satin-nickel-with-metal-lever-handle-u-4549ht-stn-2/
2026-09-22 15:37:36,126 - INFO - Product scraped successfully: https://houseofrohl.com/armstrong-bridge-kitchen-faucet-satin-nickel-with-metal-lever-handle-u-4549ht-stn-2/
2026-09-22 15:37:36,126 - INFO - Opening URL: https://houseofrohl.com/armstrong-bridge-kitchen-faucet-unlacquered-brass-with-metal-lever-handle-model-number-u-4549ht-ulb-2/
2026-09-22 15:37:39,320 - INFO - Product scraped successfully: https://houseofrohl.com/armstrong-bridge-kitchen-faucet-unlacquered-brass-with-metal-lever-handle-model-number-u-4549ht-ulb-2/
2026-09-22 15:37:39,320 - INFO - Opening URL: https://houseofrohl.com/armstrong-pulldown-kitchen-faucet-polished-chrome-with-metal-lever-handle-u-4544ht-apc-2/
2026-09-22 15:37:43,930 - INFO - Product scraped successfully: https://houseofrohl.com/armstrong-pulldown-kitchen-faucet-polished-chrome-with-metal-lever-handle-u-4544ht-apc-2/
2026-09-22 15:37:43,930 - INFO - Opening URL: https://houseofrohl.com/armstrong-pulldown-kitchen-faucet-polished-nickel-with-metal-lever-handle-u-4544ht-pn-2/
2026-09-22 15:37:47,014 - INFO - Product scraped successfully: https://houseofrohl.com/armstrong-pulldown-kitchen-faucet-polished-nickel-with-metal-lever-handle-u-4544ht-pn-2/
2026-09-22 15:37:47,015 - INFO - Opening URL: https://houseofrohl.com/armstrong-pulldown-kitchen-faucet-satin-english-gold-with-metal-lever-handle-u-4544ht-seg-2/
2026-09-22 15:37:50,121 - INFO - Product scraped successfully: https://houseofrohl.com/armstrong-pulldown-kitchen-faucet-satin-english-gold-with-metal-lever-handle-u-4544ht-seg-2/
2026-09-22 15:37:50,121 - INFO - Opening URL: https://houseofrohl.com/armstrong-pulldown-kitchen-faucet-satin-nickel-with-metal-lever-handle-u-4544ht-stn-2/
2026-09-22 15:37:53,376 - INFO - Product scraped successfully: https://houseofrohl.com/armstrong-pulldown-kitchen-faucet-satin-nickel-with-metal-lever-handle-u-4544ht-stn-2/
2026-09-22 15:37:53,376 - INFO - Opening URL: https://houseofrohl.com/armstrong-pulldown-kitchen-faucet-unlacquered-brass-with-metal-lever-handle-model-number-u-4544ht-ulb-2/
2026-09-22 15:37:56,724 - INFO - Product scraped successfully: https://houseofrohl.com/armstrong-pulldown-kitchen-faucet-unlacquered-brass-with-metal-lever-handle-model-number-u-4544ht-ulb-2/
2026-09-22 15:37:56,724 - INFO - Opening URL: https://houseofrohl.com/campo-deck-mount-u-spout-3-leg-bridge-faucet-with-sidespray-italian-brass-with-industrial-metal-wheel-handle-a3358iwwsib-2/
2026-09-22 15:38:00,253 - INFO - Product scraped successfully: https://houseofrohl.com/campo-deck-mount-u-spout-3-leg-bridge-faucet-with-sidespray-italian-brass-with-industrial-metal-wheel-handle-a3358iwwsib-2/
2026-09-22 15:38:00,253 - INFO - Opening URL: https://houseofrohl.com/campo-deck-mount-u-spout-3-leg-bridge-faucet-with-sidespray-matte-black-with-industrial-metal-wheel-handle-a3358iwwsmb-2/
2026-09-22 15:38:04,086 - INFO - Product scraped successfully: https://houseofrohl.com/campo-deck-mount-u-spout-3-leg-bridge-faucet-with-sidespray-matte-black-with-industrial-metal-wheel-handle-a3358iwwsmb-2/
2026-09-22 15:38:04,086 - INFO - Opening URL: https://houseofrohl.com/campo-deck-mount-u-spout-3-leg-bridge-faucet-with-sidespray-matte-black-and-unlacquered-brass-a3358iwwsmbu-2
2026-09-22 15:38:07,470 - INFO - Product scraped successfully: https://houseofrohl.com/campo-deck-mount-u-spout-3-leg-bridge-faucet-with-sidespray-matte-black-and-unlacquered-brass-a3358iwwsmbu-2
2026-09-22 15:38:07,470 - INFO - Opening URL: https://houseofrohl.com/campo-deck-mount-u-spout-3-leg-bridge-faucet-with-sidespray-polished-chrome-with-industrial-metal-wheel-handle-a3358iwwsapc-2/
2026-09-22 15:38:10,576 - INFO - Product scraped successfully: https://houseofrohl.com/campo-deck-mount-u-spout-3-leg-bridge-faucet-with-sidespray-polished-chrome-with-industrial-metal-wheel-handle-a3358iwwsapc-2/
2026-09-22 15:38:10,576 - INFO - Opening URL: https://houseofrohl.com/campo-deck-mount-u-spout-3-leg-bridge-faucet-with-sidespray-polished-nickel-with-industrial-metal-wheel-handle-a3358iwwspn-2/
2026-09-22 15:38:13,988 - INFO - Product scraped successfully: https://houseofrohl.com/campo-deck-mount-u-spout-3-leg-bridge-faucet-with-sidespray-polished-nickel-with-industrial-metal-wheel-handle-a3358iwwspn-2/
2026-09-22 15:38:13,988 - INFO - Opening URL: https://houseofrohl.com/campo-deck-mount-u-spout-3-leg-bridge-faucet-with-sidespray-satin-nickel-with-industrial-metal-wheel-handle-a3358iwwsstn-2/
2026-09-22 15:38:17,220 - INFO - Product scraped successfully: https://houseofrohl.com/campo-deck-mount-u-spout-3-leg-bridge-faucet-with-sidespray-satin-nickel-with-industrial-metal-wheel-handle-a3358iwwsstn-2/
2026-09-22 15:38:17,220 - INFO - Opening URL: https://houseofrohl.com/campo-deck-mount-u-spout-3-leg-bridge-faucet-with-sidespray-tuscan-brass-with-industrial-metal-wheel-handle-a3358iwwstcb-2/
2026-09-22 15:38:20,553 - INFO - Product scraped successfully: https://houseofrohl.com/campo-deck-mount-u-spout-3-leg-bridge-faucet-with-sidespray-tuscan-brass-with-industrial-metal-wheel-handle-a3358iwwstcb-2/
2026-09-22 15:38:20,553 - INFO - Opening URL: https://houseofrohl.com/campo-deck-mount-u-spout-3-leg-bridge-faucet-with-sidespray-unlacquered-brass-with-industrial-metal-wheel-handle-a3358iwwsulb-2/
2026-09-22 15:38:23,746 - INFO - Product scraped successfully: https://houseofrohl.com/campo-deck-mount-u-spout-3-leg-bridge-faucet-with-sidespray-unlacquered-brass-with-industrial-metal-wheel-handle-a3358iwwsulb-2/
2026-09-22 15:38:23,746 - INFO - Opening URL: https://houseofrohl.com/campo-deck-mount-u-spout-3-leg-bridge-faucet-with-sidespray-italian-brass-with-industrial-metal-lever-handle-a3358ilwsib-2/
2026-09-22 15:38:27,107 - INFO - Product scraped successfully: https://houseofrohl.com/campo-deck-mount-u-spout-3-leg-bridge-faucet-with-sidespray-italian-brass-with-industrial-metal-lever-handle-a3358ilwsib-2/
2026-09-22 15:38:27,107 - INFO - Opening URL: https://houseofrohl.com/campo-deck-mount-u-spout-3-leg-bridge-faucet-with-sidespray-matte-black-with-industrial-metal-lever-handle-a3358ilwsmb-2/
2026-09-22 15:38:30,344 - INFO - Product scraped successfully: https://houseofrohl.com/campo-deck-mount-u-spout-3-leg-bridge-faucet-with-sidespray-matte-black-with-industrial-metal-lever-handle-a3358ilwsmb-2/
2026-09-22 15:38:30,345 - INFO - Opening URL: https://houseofrohl.com/campo-deck-mount-u-spout-3-leg-bridge-faucet-with-sidespray-matte-black-and-unlacquered-brass-a3358ilwsmbu-2
2026-09-22 15:38:33,755 - INFO - Product scraped successfully: https://houseofrohl.com/campo-deck-mount-u-spout-3-leg-bridge-faucet-with-sidespray-matte-black-and-unlacquered-brass-a3358ilwsmbu-2
2026-09-22 15:38:33,755 - INFO - Opening URL: https://houseofrohl.com/campo-deck-mount-u-spout-3-leg-bridge-faucet-with-sidespray-polished-chrome-with-industrial-metal-lever-handle-a3358ilwsapc-2/
2026-09-22 15:38:37,247 - INFO - Product scraped successfully: https://houseofrohl.com/campo-deck-mount-u-spout-3-leg-bridge-faucet-with-sidespray-polished-chrome-with-industrial-metal-lever-handle-a3358ilwsapc-2/
2026-09-22 15:38:37,247 - INFO - Opening URL: https://houseofrohl.com/campo-deck-mount-u-spout-3-leg-bridge-faucet-with-sidespray-polished-nickel-with-industrial-metal-lever-handle-a3358ilwspn-2/
2026-09-22 15:38:40,477 - INFO - Product scraped successfully: https://houseofrohl.com/campo-deck-mount-u-spout-3-leg-bridge-faucet-with-sidespray-polished-nickel-with-industrial-metal-lever-handle-a3358ilwspn-2/
2026-09-22 15:38:40,479 - INFO - Opening URL: https://houseofrohl.com/campo-deck-mount-u-spout-3-leg-bridge-faucet-with-sidespray-satin-nickel-with-industrial-metal-lever-handle-a3358ilwsstn-2/
2026-09-22 15:38:43,946 - INFO - Product scraped successfully: https://houseofrohl.com/campo-deck-mount-u-spout-3-leg-bridge-faucet-with-sidespray-satin-nickel-with-industrial-metal-lever-handle-a3358ilwsstn-2/
2026-09-22 15:38:43,946 - INFO - Opening URL: https://houseofrohl.com/campo-deck-mount-u-spout-3-leg-bridge-faucet-with-sidespray-tuscan-brass-with-industrial-metal-lever-handle-a3358ilwstcb-2/
2026-09-22 15:38:47,561 - INFO - Product scraped successfully: https://houseofrohl.com/campo-deck-mount-u-spout-3-leg-bridge-faucet-with-sidespray-tuscan-brass-with-industrial-metal-lever-handle-a3358ilwstcb-2/
2026-09-22 15:38:47,561 - INFO - Opening URL: https://houseofrohl.com/campo-deck-mount-u-spout-3-leg-bridge-faucet-with-sidespray-unlacquered-brass-with-industrial-metal-lever-handle-a3358ilwsulb-2/
2026-09-22 15:38:50,640 - INFO - Product scraped successfully: https://houseofrohl.com/campo-deck-mount-u-spout-3-leg-bridge-faucet-with-sidespray-unlacquered-brass-with-industrial-metal-lever-handle-a3358ilwsulb-2/
2026-09-22 15:38:50,640 - INFO - Opening URL: https://houseofrohl.com/gotham-c-spout-hot-water-faucet-tank-and-filter-kit-polished-chrome-with-metal-lever-handle-mbkit7945lmapc-2/
2026-09-22 15:38:53,759 - INFO - Product scraped successfully: https://houseofrohl.com/gotham-c-spout-hot-water-faucet-tank-and-filter-kit-polished-chrome-with-metal-lever-handle-mbkit7945lmapc-2/
2026-09-22 15:38:53,759 - INFO - Opening URL: https://houseofrohl.com/gotham-c-spout-hot-water-faucet-tank-and-filter-kit-polished-nickel-with-metal-lever-handle-mbkit7945lmpn-2/
2026-09-22 15:38:56,874 - INFO - Product scraped successfully: https://houseofrohl.com/gotham-c-spout-hot-water-faucet-tank-and-filter-kit-polished-nickel-with-metal-lever-handle-mbkit7945lmpn-2/
2026-09-22 15:38:56,874 - INFO - Opening URL: https://houseofrohl.com/gotham-c-spout-hot-water-faucet-tank-and-filter-kit-satin-nickel-with-metal-lever-handle-mbkit7945lmstn-2/
2026-09-22 15:38:59,668 - INFO - Product scraped successfully: https://houseofrohl.com/gotham-c-spout-hot-water-faucet-tank-and-filter-kit-satin-nickel-with-metal-lever-handle-mbkit7945lmstn-2/
2026-09-22 15:38:59,668 - INFO - Opening URL: https://houseofrohl.com/gotham-c-spout-filter-faucet-polished-chrome-with-metal-lever-handle-mbkit7917lmapc-2/
2026-09-22 15:39:02,167 - INFO - Product scraped successfully: https://houseofrohl.com/gotham-c-spout-filter-faucet-polished-chrome-with-metal-lever-handle-mbkit7917lmapc-2/
2026-09-22 15:39:02,167 - INFO - Opening URL: https://houseofrohl.com/gotham-c-spout-filter-faucet-polished-nickel-with-metal-lever-handle-mbkit7917lmpn-2/
2026-09-22 15:39:04,342 - INFO - Product scraped successfully: https://houseofrohl.com/gotham-c-spout-filter-faucet-polished-nickel-with-metal-lever-handle-mbkit7917lmpn-2/
2026-09-22 15:39:04,342 - INFO - Opening URL: https://houseofrohl.com/gotham-c-spout-filter-faucet-satin-nickel-with-metal-lever-handle-mbkit7917lmstn-2/
2026-09-22 15:39:06,588 - INFO - Product scraped successfully: https://houseofrohl.com/gotham-c-spout-filter-faucet-satin-nickel-with-metal-lever-handle-mbkit7917lmstn-2/
2026-09-22 15:39:06,589 - INFO - Opening URL: https://houseofrohl.com/gotham-c-spout-filter-faucet-polished-chrome-with-metal-lever-handle-mb7917lmapc-2/
2026-09-22 15:39:08,980 - INFO - Product scraped successfully: https://houseofrohl.com/gotham-c-spout-filter-faucet-polished-chrome-with-metal-lever-handle-mb7917lmapc-2/
2026-09-22 15:39:08,980 - INFO - Opening URL: https://houseofrohl.com/gotham-c-spout-filter-faucet-polished-nickel-with-metal-lever-handle-mb7917lmpn-2/
2026-09-22 15:39:11,205 - INFO - Product scraped successfully: https://houseofrohl.com/gotham-c-spout-filter-faucet-polished-nickel-with-metal-lever-handle-mb7917lmpn-2/
2026-09-22 15:39:11,205 - INFO - Opening URL: https://houseofrohl.com/gotham-c-spout-filter-faucet-satin-nickel-with-metal-lever-handle-mb7917lmstn-2/
2026-09-22 15:39:13,336 - INFO - Product scraped successfully: https://houseofrohl.com/gotham-c-spout-filter-faucet-satin-nickel-with-metal-lever-handle-mb7917lmstn-2/
2026-09-22 15:39:13,336 - INFO - Opening URL: https://houseofrohl.com/campo-side-lever-pulldown-faucet-italian-brass-with-industrial-metal-lever-handle-a3431ilib-2/
2026-09-22 15:39:16,560 - INFO - Product scraped successfully: https://houseofrohl.com/campo-side-lever-pulldown-faucet-italian-brass-with-industrial-metal-lever-handle-a3431ilib-2/
2026-09-22 15:39:16,560 - INFO - Opening URL: https://houseofrohl.com/campo-side-lever-pulldown-faucet-matte-black-with-industrial-metal-lever-handle-a3431ilmb-2/
2026-09-22 15:39:18,802 - INFO - Product scraped successfully: https://houseofrohl.com/campo-side-lever-pulldown-faucet-matte-black-with-industrial-metal-lever-handle-a3431ilmb-2/
2026-09-22 15:39:18,802 - INFO - Opening URL: https://houseofrohl.com/campo-side-lever-pulldown-faucet-matte-black-and-orange-a3431ilmbo-2
2026-09-22 15:39:22,739 - INFO - Product scraped successfully: https://houseofrohl.com/campo-side-lever-pulldown-faucet-matte-black-and-orange-a3431ilmbo-2
2026-09-22 15:39:22,739 - INFO - Opening URL: https://houseofrohl.com/campo-side-lever-pulldown-faucet-polished-chrome-with-industrial-metal-lever-handle-a3431ilapc-2/
2026-09-22 15:39:24,935 - INFO - Product scraped successfully: https://houseofrohl.com/campo-side-lever-pulldown-faucet-polished-chrome-with-industrial-metal-lever-handle-a3431ilapc-2/
2026-09-22 15:39:24,935 - INFO - Opening URL: https://houseofrohl.com/campo-side-lever-pulldown-faucet-polished-nickel-with-industrial-metal-lever-handle-a3431ilpn-2/
2026-09-22 15:39:27,143 - INFO - Product scraped successfully: https://houseofrohl.com/campo-side-lever-pulldown-faucet-polished-nickel-with-industrial-metal-lever-handle-a3431ilpn-2/
2026-09-22 15:39:27,143 - INFO - Opening URL: https://houseofrohl.com/campo-side-lever-pulldown-faucet-satin-nickel-with-industrial-metal-lever-handle-a3431ilstn-2/
2026-09-22 15:39:29,609 - INFO - Product scraped successfully: https://houseofrohl.com/campo-side-lever-pulldown-faucet-satin-nickel-with-industrial-metal-lever-handle-a3431ilstn-2/
2026-09-22 15:39:29,609 - INFO - Opening URL: https://houseofrohl.com/campo-side-lever-pulldown-faucet-tuscan-brass-with-industrial-metal-lever-handle-a3431iltcb-2/
2026-09-22 15:39:31,858 - INFO - Product scraped successfully: https://houseofrohl.com/campo-side-lever-pulldown-faucet-tuscan-brass-with-industrial-metal-lever-handle-a3431iltcb-2/
2026-09-22 15:39:31,859 - INFO - Opening URL: https://houseofrohl.com/campo-side-lever-pulldown-faucet-unlacquered-brass-with-industrial-metal-lever-handle-a3431ilulb-2/
2026-09-22 15:39:34,408 - INFO - Product scraped successfully: https://houseofrohl.com/campo-side-lever-pulldown-faucet-unlacquered-brass-with-industrial-metal-lever-handle-a3431ilulb-2/
2026-09-22 15:39:34,408 - INFO - Opening URL: https://houseofrohl.com/gotham-c-spout-hot-water-faucet-polished-chrome-with-metal-lever-handle-mb7945lmapc-2/
2026-09-22 15:39:36,693 - INFO - Product scraped successfully: https://houseofrohl.com/gotham-c-spout-hot-water-faucet-polished-chrome-with-metal-lever-handle-mb7945lmapc-2/
2026-09-22 15:39:36,693 - INFO - Opening URL: https://houseofrohl.com/gotham-c-spout-hot-water-faucet-polished-nickel-with-metal-lever-handle-mb7945lmpn-2/
2026-09-22 15:39:39,057 - INFO - Product scraped successfully: https://houseofrohl.com/gotham-c-spout-hot-water-faucet-polished-nickel-with-metal-lever-handle-mb7945lmpn-2/
2026-09-22 15:39:39,057 - INFO - Opening URL: https://houseofrohl.com/gotham-c-spout-hot-water-faucet-satin-nickel-with-metal-lever-handle-mb7945lmstn-2/
2026-09-22 15:39:41,382 - INFO - Product scraped successfully: https://houseofrohl.com/gotham-c-spout-hot-water-faucet-satin-nickel-with-metal-lever-handle-mb7945lmstn-2/
2026-09-22 15:39:41,382 - INFO - Opening URL: https://houseofrohl.com/graceline-pulldown-bar-food-prep-faucet-antique-gold-mb7930slmag-2/
2026-09-22 15:39:44,279 - INFO - Product scraped successfully: https://houseofrohl.com/graceline-pulldown-bar-food-prep-faucet-antique-gold-mb7930slmag-2/
2026-09-22 15:39:44,279 - INFO - Opening URL: https://houseofrohl.com/graceline-pulldown-bar-and-food-prep-faucet-matte-black-with-metal-lever-handle-mb7930slmmb-2/
2026-09-22 15:39:46,604 - INFO - Product scraped successfully: https://houseofrohl.com/graceline-pulldown-bar-and-food-prep-faucet-matte-black-with-metal-lever-handle-mb7930slmmb-2/
2026-09-22 15:39:46,604 - INFO - Opening URL: https://houseofrohl.com/graceline-pulldown-bar-food-prep-faucet-matte-black-with-antique-gold-accent-mb7930slmmba-2/
2026-09-22 15:39:48,839 - INFO - Product scraped successfully: https://houseofrohl.com/graceline-pulldown-bar-food-prep-faucet-matte-black-with-antique-gold-accent-mb7930slmmba-2/
2026-09-22 15:39:48,840 - INFO - Opening URL: https://houseofrohl.com/graceline-pulldown-bar-and-food-prep-faucet-matte-black-with-gold-accent-with-lever-handle-mb7930slmmbg-2/
2026-09-22 15:39:51,005 - INFO - Product scraped successfully: https://houseofrohl.com/graceline-pulldown-bar-and-food-prep-faucet-matte-black-with-gold-accent-with-lever-handle-mb7930slmmbg-2/
2026-09-22 15:39:51,005 - INFO - Opening URL: https://houseofrohl.com/graceline-pulldown-bar-and-food-prep-faucet-polished-chrome-with-metal-lever-handle-mb7930slmapc-2/
2026-09-22 15:39:53,193 - INFO - Product scraped successfully: https://houseofrohl.com/graceline-pulldown-bar-and-food-prep-faucet-polished-chrome-with-metal-lever-handle-mb7930slmapc-2/
2026-09-22 15:39:53,193 - INFO - Opening URL: https://houseofrohl.com/graceline-pulldown-bar-and-food-prep-faucet-polished-nickel-with-metal-lever-handle-mb7930slmpn-2/
2026-09-22 15:39:55,384 - INFO - Product scraped successfully: https://houseofrohl.com/graceline-pulldown-bar-and-food-prep-faucet-polished-nickel-with-metal-lever-handle-mb7930slmpn-2/
2026-09-22 15:39:55,385 - INFO - Opening URL: https://houseofrohl.com/graceline-pulldown-bar-and-food-prep-faucet-satin-gold-with-metal-lever-handle-mb7930slmsg-2/
2026-09-22 15:39:58,981 - INFO - Product scraped successfully: https://houseofrohl.com/graceline-pulldown-bar-and-food-prep-faucet-satin-gold-with-metal-lever-handle-mb7930slmsg-2/
2026-09-22 15:39:58,982 - INFO - Opening URL: https://houseofrohl.com/graceline-pulldown-bar-and-food-prep-faucet-satin-nickel-with-metal-lever-handle-mb7930slmstn-2/
2026-09-22 15:40:01,186 - INFO - Product scraped successfully: https://houseofrohl.com/graceline-pulldown-bar-and-food-prep-faucet-satin-nickel-with-metal-lever-handle-mb7930slmstn-2/
2026-09-22 15:40:01,187 - INFO - Opening URL: https://houseofrohl.com/graceline-pull-down-bar-food-prep-kitchen-faucet-with-c-spout-unlacquered-brass-mb7930slmulb-2/
2026-09-22 15:40:03,459 - INFO - Product scraped successfully: https://houseofrohl.com/graceline-pull-down-bar-food-prep-kitchen-faucet-with-c-spout-unlacquered-brass-mb7930slmulb-2/
2026-09-22 15:40:03,460 - INFO - Opening URL: https://houseofrohl.com/graceline-pulldown-kitchen-faucet-antique-gold-mb7930lmag-2/
2026-09-22 15:40:05,875 - INFO - Product scraped successfully: https://houseofrohl.com/graceline-pulldown-kitchen-faucet-antique-gold-mb7930lmag-2/
2026-09-22 15:40:05,875 - INFO - Opening URL: https://houseofrohl.com/graceline-pulldown-kitchen-faucet-matte-black-with-metal-lever-handle-mb7930lmmb-2/
2026-09-22 15:40:08,152 - INFO - Product scraped successfully: https://houseofrohl.com/graceline-pulldown-kitchen-faucet-matte-black-with-metal-lever-handle-mb7930lmmb-2/
2026-09-22 15:40:08,152 - INFO - Opening URL: https://houseofrohl.com/graceline-pulldown-kitchen-faucet-matte-black-with-antique-gold-accent-mb7930lmmba-2/
2026-09-22 15:40:10,374 - INFO - Product scraped successfully: https://houseofrohl.com/graceline-pulldown-kitchen-faucet-matte-black-with-antique-gold-accent-mb7930lmmba-2/
2026-09-22 15:40:10,376 - INFO - Opening URL: https://houseofrohl.com/graceline-pulldown-kitchen-faucet-matte-black-with-gold-accent-with-lever-handle-mb7930lmmbg-2/
2026-09-22 15:40:13,211 - INFO - Product scraped successfully: https://houseofrohl.com/graceline-pulldown-kitchen-faucet-matte-black-with-gold-accent-with-lever-handle-mb7930lmmbg-2/
2026-09-22 15:40:13,211 - INFO - Opening URL: https://houseofrohl.com/graceline-pulldown-kitchen-faucet-polished-chrome-with-metal-lever-handle-mb7930lmapc-2/
2026-09-22 15:40:15,358 - INFO - Product scraped successfully: https://houseofrohl.com/graceline-pulldown-kitchen-faucet-polished-chrome-with-metal-lever-handle-mb7930lmapc-2/
2026-09-22 15:40:15,358 - INFO - Opening URL: https://houseofrohl.com/graceline-pulldown-kitchen-faucet-polished-nickel-with-metal-lever-handle-mb7930lmpn-2/
2026-09-22 15:40:17,743 - INFO - Product scraped successfully: https://houseofrohl.com/graceline-pulldown-kitchen-faucet-polished-nickel-with-metal-lever-handle-mb7930lmpn-2/
2026-09-22 15:40:17,743 - INFO - Opening URL: https://houseofrohl.com/graceline-pulldown-kitchen-faucet-satin-gold-with-metal-lever-handle-mb7930lmsg-2/
2026-09-22 15:40:20,086 - INFO - Product scraped successfully: https://houseofrohl.com/graceline-pulldown-kitchen-faucet-satin-gold-with-metal-lever-handle-mb7930lmsg-2/
2026-09-22 15:40:20,086 - INFO - Opening URL: https://houseofrohl.com/graceline-pulldown-kitchen-faucet-satin-nickel-with-metal-lever-handle-mb7930lmstn-2/
2026-09-22 15:40:22,318 - INFO - Product scraped successfully: https://houseofrohl.com/graceline-pulldown-kitchen-faucet-satin-nickel-with-metal-lever-handle-mb7930lmstn-2/
2026-09-22 15:40:22,318 - INFO - Opening URL: https://houseofrohl.com/graceline-pull-down-kitchen-faucet-with-c-spout-unlacquered-brass-mb7930lmulb-2/
2026-09-22 15:40:24,667 - INFO - Product scraped successfully: https://houseofrohl.com/graceline-pull-down-kitchen-faucet-with-c-spout-unlacquered-brass-mb7930lmulb-2/
2026-09-22 15:40:24,667 - INFO - Opening URL: https://houseofrohl.com/arolla-inline-filter-system-complete-with-cartridge-hrk-2000/
2026-09-22 15:40:28,162 - INFO - Product scraped successfully: https://houseofrohl.com/arolla-inline-filter-system-complete-with-cartridge-hrk-2000/
2026-09-22 15:40:28,162 - INFO - Opening URL: https://houseofrohl.com/1-function-kitchen-handspray-for-series-az-unfinished-4401/
2026-09-22 15:40:30,422 - INFO - Product scraped successfully: https://houseofrohl.com/1-function-kitchen-handspray-for-series-az-unfinished-4401/
2026-09-22 15:40:30,422 - INFO - Opening URL: https://houseofrohl.com/2-function-kitchen-handspray-for-series-az-lk-ttrd-ttsq-unfinished-4381/
2026-09-22 15:40:32,806 - INFO - Product scraped successfully: https://houseofrohl.com/2-function-kitchen-handspray-for-series-az-lk-ttrd-ttsq-unfinished-4381/
2026-09-22 15:40:32,808 - INFO - Opening URL: https://houseofrohl.com/azure-pulldown-kitchen-faucet-black-az201bk/
2026-09-22 15:40:35,846 - INFO - Product scraped successfully: https://houseofrohl.com/azure-pulldown-kitchen-faucet-black-az201bk/
2026-09-22 15:40:35,846 - INFO - Opening URL: https://houseofrohl.com/azure-pulldown-kitchen-faucet-brushed-gold-az201bg/
2026-09-22 15:40:38,194 - INFO - Product scraped successfully: https://houseofrohl.com/azure-pulldown-kitchen-faucet-brushed-gold-az201bg/
2026-09-22 15:40:38,194 - INFO - Opening URL: https://houseofrohl.com/azure-pulldown-kitchen-faucet-chrome-az201c/
2026-09-22 15:40:40,415 - INFO - Product scraped successfully: https://houseofrohl.com/azure-pulldown-kitchen-faucet-chrome-az201c/
2026-09-22 15:40:40,415 - INFO - Opening URL: https://houseofrohl.com/azure-pulldown-kitchen-faucet-polished-nickel-model-number-az201pn/
2026-09-22 15:40:42,736 - INFO - Product scraped successfully: https://houseofrohl.com/azure-pulldown-kitchen-faucet-polished-nickel-model-number-az201pn/
2026-09-22 15:40:42,736 - INFO - Opening URL: https://houseofrohl.com/azure-pulldown-kitchen-faucet-stainless-steel-finish-az201ss/
2026-09-22 15:40:44,941 - INFO - Product scraped successfully: https://houseofrohl.com/azure-pulldown-kitchen-faucet-stainless-steel-finish-az201ss/
2026-09-22 15:40:44,941 - INFO - Opening URL: https://houseofrohl.com/azure-pulldown-kitchen-faucet-black-az101bk/
2026-09-22 15:40:47,409 - INFO - Product scraped successfully: https://houseofrohl.com/azure-pulldown-kitchen-faucet-black-az101bk/
2026-09-22 15:40:47,409 - INFO - Opening URL: https://houseofrohl.com/azure-pulldown-kitchen-faucet-brushed-gold-az101bg/
2026-09-22 15:40:49,842 - INFO - Product scraped successfully: https://houseofrohl.com/azure-pulldown-kitchen-faucet-brushed-gold-az101bg/
2026-09-22 15:40:49,842 - INFO - Opening URL: https://houseofrohl.com/azure-pulldown-kitchen-faucet-chrome-az101c/
2026-09-22 15:40:52,202 - INFO - Product scraped successfully: https://houseofrohl.com/azure-pulldown-kitchen-faucet-chrome-az101c/
2026-09-22 15:40:52,202 - INFO - Opening URL: https://houseofrohl.com/azure-pulldown-kitchen-faucet-polished-nickel-model-number-az101pn/
2026-09-22 15:40:54,426 - INFO - Product scraped successfully: https://houseofrohl.com/azure-pulldown-kitchen-faucet-polished-nickel-model-number-az101pn/
2026-09-22 15:40:54,426 - INFO - Opening URL: https://houseofrohl.com/azure-pulldown-kitchen-faucet-stainless-steel-finish-az101ss/
2026-09-22 15:40:57,263 - INFO - Product scraped successfully: https://houseofrohl.com/azure-pulldown-kitchen-faucet-stainless-steel-finish-az101ss/
2026-09-22 15:40:57,263 - INFO - Opening URL: https://houseofrohl.com/azure-pulldown-kitchen-faucet-black-az101bk/
2026-09-22 15:40:59,489 - INFO - Product scraped successfully: https://houseofrohl.com/azure-pulldown-kitchen-faucet-black-az101bk/
2026-09-22 15:40:59,489 - INFO - Opening URL: https://houseofrohl.com/azure-pulldown-kitchen-faucet-brushed-gold-az101bg/
2026-09-22 15:41:01,765 - INFO - Product scraped successfully: https://houseofrohl.com/azure-pulldown-kitchen-faucet-brushed-gold-az101bg/
2026-09-22 15:41:01,767 - INFO - Opening URL: https://houseofrohl.com/azure-pulldown-kitchen-faucet-chrome-az101c/
2026-09-22 15:41:04,034 - INFO - Product scraped successfully: https://houseofrohl.com/azure-pulldown-kitchen-faucet-chrome-az101c/
2026-09-22 15:41:04,034 - INFO - Opening URL: https://houseofrohl.com/azure-pulldown-kitchen-faucet-polished-nickel-model-number-az101pn/
2026-09-22 15:41:06,302 - INFO - Product scraped successfully: https://houseofrohl.com/azure-pulldown-kitchen-faucet-polished-nickel-model-number-az101pn/
2026-09-22 15:41:06,302 - INFO - Opening URL: https://houseofrohl.com/azure-pulldown-kitchen-faucet-stainless-steel-finish-az101ss/
2026-09-22 15:41:08,640 - INFO - Product scraped successfully: https://houseofrohl.com/azure-pulldown-kitchen-faucet-stainless-steel-finish-az101ss/
2026-09-22 15:41:08,640 - INFO - Opening URL: https://houseofrohl.com/azure-bridge-pulldown-kitchen-faucet-black-az400bk/
2026-09-22 15:41:11,603 - INFO - Product scraped successfully: https://houseofrohl.com/azure-bridge-pulldown-kitchen-faucet-black-az400bk/
2026-09-22 15:41:11,603 - INFO - Opening URL: https://houseofrohl.com/azure-bridge-pulldown-kitchen-faucet-brushed-gold-az400bg/
2026-09-22 15:41:23,138 - INFO - Product scraped successfully: https://houseofrohl.com/azure-bridge-pulldown-kitchen-faucet-brushed-gold-az400bg/
2026-09-22 15:41:23,138 - INFO - Opening URL: https://houseofrohl.com/azure-bridge-pulldown-kitchen-faucet-chrome-az400c/
2026-09-22 15:41:26,680 - INFO - Product scraped successfully: https://houseofrohl.com/azure-bridge-pulldown-kitchen-faucet-chrome-az400c/
2026-09-22 15:41:26,680 - INFO - Opening URL: https://houseofrohl.com/azure-bridge-pulldown-kitchen-faucet-polished-nickel-model-number-az400pn/
2026-09-22 15:41:29,793 - INFO - Product scraped successfully: https://houseofrohl.com/azure-bridge-pulldown-kitchen-faucet-polished-nickel-model-number-az400pn/
2026-09-22 15:41:29,793 - INFO - Opening URL: https://houseofrohl.com/azure-bridge-pulldown-kitchen-faucet-stainless-steel-finish-az400ss/
2026-09-22 15:41:32,152 - INFO - Product scraped successfully: https://houseofrohl.com/azure-bridge-pulldown-kitchen-faucet-stainless-steel-finish-az400ss/
2026-09-22 15:41:32,152 - INFO - Opening URL: https://houseofrohl.com/azure-bridge-pulldown-kitchen-faucet-black-az400bk/
2026-09-22 15:41:37,239 - INFO - Product scraped successfully: https://houseofrohl.com/azure-bridge-pulldown-kitchen-faucet-black-az400bk/
2026-09-22 15:41:37,239 - INFO - Opening URL: https://houseofrohl.com/azure-bridge-pulldown-kitchen-faucet-brushed-gold-az400bg/
2026-09-22 15:41:42,554 - INFO - Product scraped successfully: https://houseofrohl.com/azure-bridge-pulldown-kitchen-faucet-brushed-gold-az400bg/
2026-09-22 15:41:42,554 - INFO - Opening URL: https://houseofrohl.com/azure-bridge-pulldown-kitchen-faucet-chrome-az400c/
2026-09-22 15:41:46,608 - INFO - Product scraped successfully: https://houseofrohl.com/azure-bridge-pulldown-kitchen-faucet-chrome-az400c/
2026-09-22 15:41:46,608 - INFO - Opening URL: https://houseofrohl.com/azure-bridge-pulldown-kitchen-faucet-polished-nickel-model-number-az400pn/
2026-09-22 15:41:51,068 - INFO - Product scraped successfully: https://houseofrohl.com/azure-bridge-pulldown-kitchen-faucet-polished-nickel-model-number-az400pn/
2026-09-22 15:41:51,068 - INFO - Opening URL: https://houseofrohl.com/azure-bridge-pulldown-kitchen-faucet-stainless-steel-finish-az400ss/
2026-09-22 15:41:55,466 - INFO - Product scraped successfully: https://houseofrohl.com/azure-bridge-pulldown-kitchen-faucet-stainless-steel-finish-az400ss/
2026-09-22 15:41:55,466 - INFO - Opening URL: https://houseofrohl.com/azure-pulldown-kitchen-faucet-black-az201bk/
2026-09-22 15:42:00,487 - INFO - Product scraped successfully: https://houseofrohl.com/azure-pulldown-kitchen-faucet-black-az201bk/
2026-09-22 15:42:00,487 - INFO - Opening URL: https://houseofrohl.com/azure-pulldown-kitchen-faucet-brushed-gold-az201bg/
2026-09-22 15:42:05,717 - INFO - Product scraped successfully: https://houseofrohl.com/azure-pulldown-kitchen-faucet-brushed-gold-az201bg/
2026-09-22 15:42:05,717 - INFO - Opening URL: https://houseofrohl.com/azure-pulldown-kitchen-faucet-chrome-az201c/
2026-09-22 15:42:11,891 - INFO - Product scraped successfully: https://houseofrohl.com/azure-pulldown-kitchen-faucet-chrome-az201c/
2026-09-22 15:42:11,891 - INFO - Opening URL: https://houseofrohl.com/azure-pulldown-kitchen-faucet-polished-nickel-model-number-az201pn/
2026-09-22 15:42:16,384 - INFO - Product scraped successfully: https://houseofrohl.com/azure-pulldown-kitchen-faucet-polished-nickel-model-number-az201pn/
2026-09-22 15:42:16,386 - INFO - Opening URL: https://houseofrohl.com/azure-pulldown-kitchen-faucet-stainless-steel-finish-az201ss/
2026-09-22 15:42:19,951 - INFO - Product scraped successfully: https://houseofrohl.com/azure-pulldown-kitchen-faucet-stainless-steel-finish-az201ss/
2026-09-22 15:42:19,951 - INFO - Opening URL: https://houseofrohl.com/azure-bar-and-food-prep-kitchen-faucet-black-az601bk/
2026-09-22 15:42:24,154 - INFO - Product scraped successfully: https://houseofrohl.com/azure-bar-and-food-prep-kitchen-faucet-black-az601bk/
2026-09-22 15:42:24,154 - INFO - Opening URL: https://houseofrohl.com/azure-bar-and-food-prep-kitchen-faucet-brushed-gold-az601bg/
2026-09-22 15:42:28,545 - INFO - Product scraped successfully: https://houseofrohl.com/azure-bar-and-food-prep-kitchen-faucet-brushed-gold-az601bg/
2026-09-22 15:42:28,545 - INFO - Opening URL: https://houseofrohl.com/azure-bar-and-food-prep-kitchen-faucet-chrome-az601c/
2026-09-22 15:42:36,652 - INFO - Product scraped successfully: https://houseofrohl.com/azure-bar-and-food-prep-kitchen-faucet-chrome-az601c/
2026-09-22 15:42:36,652 - INFO - Opening URL: https://houseofrohl.com/azure-bar-and-food-prep-kitchen-faucet-polished-nickel-model-number-az601pn/
2026-09-22 15:42:43,758 - INFO - Product scraped successfully: https://houseofrohl.com/azure-bar-and-food-prep-kitchen-faucet-polished-nickel-model-number-az601pn/
2026-09-22 15:42:43,758 - INFO - Opening URL: https://houseofrohl.com/azure-bar-and-food-prep-kitchen-faucet-stainless-steel-finish-az601ss/
2026-09-22 15:42:48,606 - INFO - Product scraped successfully: https://houseofrohl.com/azure-bar-and-food-prep-kitchen-faucet-stainless-steel-finish-az601ss/
2026-09-22 15:42:48,607 - INFO - Opening URL: https://houseofrohl.com/azure-bar-and-food-prep-kitchen-faucet-black-az601bk/
2026-09-22 15:42:53,731 - INFO - Product scraped successfully: https://houseofrohl.com/azure-bar-and-food-prep-kitchen-faucet-black-az601bk/
2026-09-22 15:42:53,731 - INFO - Opening URL: https://houseofrohl.com/azure-bar-and-food-prep-kitchen-faucet-brushed-gold-az601bg/
2026-09-22 15:43:00,240 - INFO - Product scraped successfully: https://houseofrohl.com/azure-bar-and-food-prep-kitchen-faucet-brushed-gold-az601bg/
2026-09-22 15:43:00,240 - INFO - Opening URL: https://houseofrohl.com/azure-bar-and-food-prep-kitchen-faucet-chrome-az601c/
2026-09-22 15:43:02,927 - INFO - Product scraped successfully: https://houseofrohl.com/azure-bar-and-food-prep-kitchen-faucet-chrome-az601c/
2026-09-22 15:43:02,927 - INFO - Opening URL: https://houseofrohl.com/azure-bar-and-food-prep-kitchen-faucet-polished-nickel-model-number-az601pn/
2026-09-22 15:43:07,905 - INFO - Product scraped successfully: https://houseofrohl.com/azure-bar-and-food-prep-kitchen-faucet-polished-nickel-model-number-az601pn/
2026-09-22 15:43:07,905 - INFO - Opening URL: https://houseofrohl.com/azure-bar-and-food-prep-kitchen-faucet-stainless-steel-finish-az601ss/
2026-09-22 15:43:13,306 - INFO - Product scraped successfully: https://houseofrohl.com/azure-bar-and-food-prep-kitchen-faucet-stainless-steel-finish-az601ss/
2026-09-22 15:43:13,306 - INFO - Opening URL: https://houseofrohl.com/azure-filter-kitchen-faucet-black-az701bk/
2026-09-22 15:43:20,742 - INFO - Product scraped successfully: https://houseofrohl.com/azure-filter-kitchen-faucet-black-az701bk/
2026-09-22 15:43:20,743 - INFO - Opening URL: https://houseofrohl.com/azure-filter-kitchen-faucet-brushed-gold-az701bg/
2026-09-22 15:43:25,786 - INFO - Product scraped successfully: https://houseofrohl.com/azure-filter-kitchen-faucet-brushed-gold-az701bg/
2026-09-22 15:43:25,786 - INFO - Opening URL: https://houseofrohl.com/azure-filter-kitchen-faucet-chrome-az701c/
2026-09-22 15:43:33,125 - INFO - Product scraped successfully: https://houseofrohl.com/azure-filter-kitchen-faucet-chrome-az701c/
2026-09-22 15:43:33,126 - INFO - Opening URL: https://houseofrohl.com/azure-filter-kitchen-faucet-polished-nickel-model-number-az701pn/
2026-09-22 15:43:38,933 - INFO - Product scraped successfully: https://houseofrohl.com/azure-filter-kitchen-faucet-polished-nickel-model-number-az701pn/
2026-09-22 15:43:38,933 - INFO - Opening URL: https://houseofrohl.com/azure-filter-kitchen-faucet-stainless-steel-finish-az701ss/
2026-09-22 15:43:44,603 - INFO - Product scraped successfully: https://houseofrohl.com/azure-filter-kitchen-faucet-stainless-steel-finish-az701ss/
2026-09-22 15:43:44,603 - INFO - Opening URL: https://houseofrohl.com/azure-two-handle-pulldown-kitchen-faucet-black-az801bk/
2026-09-22 15:43:50,581 - INFO - Product scraped successfully: https://houseofrohl.com/azure-two-handle-pulldown-kitchen-faucet-black-az801bk/
2026-09-22 15:43:50,581 - INFO - Opening URL: https://houseofrohl.com/azure-two-handle-pulldown-kitchen-faucet-brushed-gold-az801bg/
2026-09-22 15:43:56,968 - INFO - Product scraped successfully: https://houseofrohl.com/azure-two-handle-pulldown-kitchen-faucet-brushed-gold-az801bg/
2026-09-22 15:43:56,968 - INFO - Opening URL: https://houseofrohl.com/azure-two-handle-pulldown-kitchen-faucet-chrome-az801c/
2026-09-22 15:44:06,517 - INFO - Product scraped successfully: https://houseofrohl.com/azure-two-handle-pulldown-kitchen-faucet-chrome-az801c/
2026-09-22 15:44:06,517 - INFO - Opening URL: https://houseofrohl.com/azure-two-handle-pulldown-kitchen-faucet-polished-nickel-model-number-az801pn/
2026-09-22 15:44:14,349 - INFO - Product scraped successfully: https://houseofrohl.com/azure-two-handle-pulldown-kitchen-faucet-polished-nickel-model-number-az801pn/
2026-09-22 15:44:14,349 - INFO - Opening URL: https://houseofrohl.com/azure-two-handle-pulldown-kitchen-faucet-stainless-steel-finish-az801ss/
2026-09-22 15:44:20,066 - INFO - Product scraped successfully: https://houseofrohl.com/azure-two-handle-pulldown-kitchen-faucet-stainless-steel-finish-az801ss/
2026-09-22 15:44:20,067 - INFO - Opening URL: https://houseofrohl.com/azure-two-handle-pulldown-kitchen-faucet-black-az801bk/
2026-09-22 15:44:26,436 - INFO - Product scraped successfully: https://houseofrohl.com/azure-two-handle-pulldown-kitchen-faucet-black-az801bk/
2026-09-22 15:44:26,437 - INFO - Opening URL: https://houseofrohl.com/azure-two-handle-pulldown-kitchen-faucet-brushed-gold-az801bg/
2026-09-22 15:44:34,192 - INFO - Product scraped successfully: https://houseofrohl.com/azure-two-handle-pulldown-kitchen-faucet-brushed-gold-az801bg/
2026-09-22 15:44:34,192 - INFO - Opening URL: https://houseofrohl.com/azure-two-handle-pulldown-kitchen-faucet-chrome-az801c/
2026-09-22 15:44:40,960 - INFO - Product scraped successfully: https://houseofrohl.com/azure-two-handle-pulldown-kitchen-faucet-chrome-az801c/
2026-09-22 15:44:40,960 - INFO - Opening URL: https://houseofrohl.com/azure-two-handle-pulldown-kitchen-faucet-polished-nickel-model-number-az801pn/
2026-09-22 15:44:48,855 - INFO - Product scraped successfully: https://houseofrohl.com/azure-two-handle-pulldown-kitchen-faucet-polished-nickel-model-number-az801pn/
2026-09-22 15:44:48,855 - INFO - Opening URL: https://houseofrohl.com/azure-two-handle-pulldown-kitchen-faucet-stainless-steel-finish-az801ss/
2026-09-22 15:44:55,030 - INFO - Product scraped successfully: https://houseofrohl.com/azure-two-handle-pulldown-kitchen-faucet-stainless-steel-finish-az801ss/
2026-09-22 15:44:55,030 - INFO - Opening URL: https://houseofrohl.com/azure-filter-kitchen-faucet-black-az701bk/
2026-09-22 15:44:59,366 - INFO - Product scraped successfully: https://houseofrohl.com/azure-filter-kitchen-faucet-black-az701bk/
2026-09-22 15:44:59,366 - INFO - Opening URL: https://houseofrohl.com/azure-filter-kitchen-faucet-brushed-gold-az701bg/
2026-09-22 15:45:09,941 - INFO - Product scraped successfully: https://houseofrohl.com/azure-filter-kitchen-faucet-brushed-gold-az701bg/
2026-09-22 15:45:09,941 - INFO - Opening URL: https://houseofrohl.com/azure-filter-kitchen-faucet-chrome-az701c/
2026-09-22 15:45:19,261 - INFO - Product scraped successfully: https://houseofrohl.com/azure-filter-kitchen-faucet-chrome-az701c/
2026-09-22 15:45:19,261 - INFO - Opening URL: https://houseofrohl.com/azure-filter-kitchen-faucet-polished-nickel-model-number-az701pn/
2026-09-22 15:45:24,531 - INFO - Product scraped successfully: https://houseofrohl.com/azure-filter-kitchen-faucet-polished-nickel-model-number-az701pn/
2026-09-22 15:45:24,531 - INFO - Opening URL: https://houseofrohl.com/azure-filter-kitchen-faucet-stainless-steel-finish-az701ss/
2026-09-22 15:45:29,771 - INFO - Product scraped successfully: https://houseofrohl.com/azure-filter-kitchen-faucet-stainless-steel-finish-az701ss/
2026-09-22 15:45:29,771 - INFO - Opening URL: https://houseofrohl.com/bistro-pulldown-kitchen-faucet-chrome-bi201c/
2026-09-22 15:45:37,745 - INFO - Product scraped successfully: https://houseofrohl.com/bistro-pulldown-kitchen-faucet-chrome-bi201c/
2026-09-22 15:45:37,745 - INFO - Opening URL: https://houseofrohl.com/bistro-pulldown-kitchen-faucet-chrome-and-black-bi201cbk/
2026-09-22 15:45:43,457 - INFO - Product scraped successfully: https://houseofrohl.com/bistro-pulldown-kitchen-faucet-chrome-and-black-bi201cbk/
2026-09-22 15:45:43,457 - INFO - Opening URL: https://houseofrohl.com/bistro-pulldown-kitchen-faucet-stainless-and-black-bi201ssbk/
2026-09-22 15:45:56,626 - INFO - Product scraped successfully: https://houseofrohl.com/bistro-pulldown-kitchen-faucet-stainless-and-black-bi201ssbk/
2026-09-22 15:45:56,626 - INFO - Opening URL: https://houseofrohl.com/cayo-pullout-kitchen-faucet-chrome-cy101c/
2026-09-22 15:46:02,348 - INFO - Product scraped successfully: https://houseofrohl.com/cayo-pullout-kitchen-faucet-chrome-cy101c/
2026-09-22 15:46:02,348 - INFO - Opening URL: https://houseofrohl.com/cayo-pullout-kitchen-faucet-stainless-steel-finish-cy101ss/
2026-09-22 15:46:09,002 - INFO - Product scraped successfully: https://houseofrohl.com/cayo-pullout-kitchen-faucet-stainless-steel-finish-cy101ss/
2026-09-22 15:46:09,003 - INFO - Opening URL: https://houseofrohl.com/cayo-pullout-kitchen-faucet-chrome-cy101c/
2026-09-22 15:46:14,091 - INFO - Product scraped successfully: https://houseofrohl.com/cayo-pullout-kitchen-faucet-chrome-cy101c/
2026-09-22 15:46:14,091 - INFO - Opening URL: https://houseofrohl.com/cayo-pullout-kitchen-faucet-stainless-steel-finish-cy101ss/
2026-09-22 15:46:20,085 - INFO - Product scraped successfully: https://houseofrohl.com/cayo-pullout-kitchen-faucet-stainless-steel-finish-cy101ss/
2026-09-22 15:46:20,085 - INFO - Opening URL: https://houseofrohl.com/cayo-pullout-bar-and-food-prep-kitchen-faucet-chrome-cy601c/
2026-09-22 15:46:24,704 - INFO - Product scraped successfully: https://houseofrohl.com/cayo-pullout-bar-and-food-prep-kitchen-faucet-chrome-cy601c/
2026-09-22 15:46:24,704 - INFO - Opening URL: https://houseofrohl.com/cayo-pullout-bar-and-food-prep-kitchen-faucet-stainless-steel-finish-cy601ss/
2026-09-22 15:46:29,070 - INFO - Product scraped successfully: https://houseofrohl.com/cayo-pullout-bar-and-food-prep-kitchen-faucet-stainless-steel-finish-cy601ss/
2026-09-22 15:46:29,070 - INFO - Opening URL: https://houseofrohl.com/cayo-pullout-bar-and-food-prep-kitchen-faucet-chrome-cy601c/
2026-09-22 15:46:35,504 - INFO - Product scraped successfully: https://houseofrohl.com/cayo-pullout-bar-and-food-prep-kitchen-faucet-chrome-cy601c/
2026-09-22 15:46:35,504 - INFO - Opening URL: https://houseofrohl.com/cayo-pullout-bar-and-food-prep-kitchen-faucet-stainless-steel-finish-cy601ss/
2026-09-22 15:46:40,285 - INFO - Product scraped successfully: https://houseofrohl.com/cayo-pullout-bar-and-food-prep-kitchen-faucet-stainless-steel-finish-cy601ss/
2026-09-22 15:46:40,285 - INFO - Opening URL: https://houseofrohl.com/ludik-pulldown-kitchen-faucet-black-lk101bk/
2026-09-22 15:46:48,608 - INFO - Product scraped successfully: https://houseofrohl.com/ludik-pulldown-kitchen-faucet-black-lk101bk/
2026-09-22 15:46:48,608 - INFO - Opening URL: https://houseofrohl.com/ludik-pulldown-kitchen-faucet-brushed-gold-lk101bg/
2026-09-22 15:46:51,683 - INFO - Product scraped successfully: https://houseofrohl.com/ludik-pulldown-kitchen-faucet-brushed-gold-lk101bg/
2026-09-22 15:46:51,684 - INFO - Opening URL: https://houseofrohl.com/ludik-pulldown-kitchen-faucet-chrome-lk101c/
2026-09-22 15:47:03,070 - INFO - Product scraped successfully: https://houseofrohl.com/ludik-pulldown-kitchen-faucet-chrome-lk101c/
2026-09-22 15:47:03,070 - INFO - Opening URL: https://houseofrohl.com/ludik-pulldown-kitchen-faucet-stainless-steel-finish-lk101ss/
2026-09-22 15:47:11,679 - INFO - Product scraped successfully: https://houseofrohl.com/ludik-pulldown-kitchen-faucet-stainless-steel-finish-lk101ss/
2026-09-22 15:47:11,679 - INFO - Opening URL: https://houseofrohl.com/mythic-pulldown-kitchen-faucet-black-my101bk/
2026-09-22 15:47:16,409 - INFO - Product scraped successfully: https://houseofrohl.com/mythic-pulldown-kitchen-faucet-black-my101bk/
2026-09-22 15:47:16,409 - INFO - Opening URL: https://houseofrohl.com/mythic-pulldown-kitchen-faucet-chrome-my101c/
2026-09-22 15:47:25,932 - INFO - Product scraped successfully: https://houseofrohl.com/mythic-pulldown-kitchen-faucet-chrome-my101c/
2026-09-22 15:47:25,932 - INFO - Opening URL: https://houseofrohl.com/mythic-pulldown-kitchen-faucet-stainless-steel-finish-my101ss/
2026-09-22 15:47:33,476 - INFO - Product scraped successfully: https://houseofrohl.com/mythic-pulldown-kitchen-faucet-stainless-steel-finish-my101ss/
2026-09-22 15:47:33,476 - INFO - Opening URL: https://houseofrohl.com/mythic-pulldown-kitchen-faucet-black-my101bk/
2026-09-22 15:47:41,327 - INFO - Product scraped successfully: https://houseofrohl.com/mythic-pulldown-kitchen-faucet-black-my101bk/
2026-09-22 15:47:41,327 - INFO - Opening URL: https://houseofrohl.com/mythic-pulldown-kitchen-faucet-chrome-my101c/
2026-09-22 15:47:46,845 - INFO - Product scraped successfully: https://houseofrohl.com/mythic-pulldown-kitchen-faucet-chrome-my101c/
2026-09-22 15:47:46,845 - INFO - Opening URL: https://houseofrohl.com/mythic-pulldown-kitchen-faucet-stainless-steel-finish-my101ss/
2026-09-22 15:47:54,805 - INFO - Product scraped successfully: https://houseofrohl.com/mythic-pulldown-kitchen-faucet-stainless-steel-finish-my101ss/
2026-09-22 15:47:54,805 - INFO - Opening URL: https://houseofrohl.com/trattoria-pulldown-kitchen-faucet-with-c-spout-black-ttrd101bk/
2026-09-22 15:48:00,352 - INFO - Product scraped successfully: https://houseofrohl.com/trattoria-pulldown-kitchen-faucet-with-c-spout-black-ttrd101bk/
2026-09-22 15:48:00,352 - INFO - Opening URL: https://houseofrohl.com/trattoria-pulldown-kitchen-faucet-with-c-spout-brushed-gold-ttrd101bg/
2026-09-22 15:48:05,785 - INFO - Product scraped successfully: https://houseofrohl.com/trattoria-pulldown-kitchen-faucet-with-c-spout-brushed-gold-ttrd101bg/
2026-09-22 15:48:05,786 - INFO - Opening URL: https://houseofrohl.com/trattoria-pulldown-kitchen-faucet-with-c-spout-chrome-ttrd101c/
2026-09-22 15:48:12,235 - INFO - Product scraped successfully: https://houseofrohl.com/trattoria-pulldown-kitchen-faucet-with-c-spout-chrome-ttrd101c/
2026-09-22 15:48:12,235 - INFO - Opening URL: https://houseofrohl.com/trattoria-pulldown-kitchen-faucet-with-c-spout-stainless-steel-finish-ttrd101ss/
2026-09-22 15:48:18,510 - INFO - Product scraped successfully: https://houseofrohl.com/trattoria-pulldown-kitchen-faucet-with-c-spout-stainless-steel-finish-ttrd101ss/
2026-09-22 15:48:18,510 - INFO - Opening URL: https://houseofrohl.com/trattoria-pulldown-kitchen-faucet-with-u-spout-black-ttsq101bk/
2026-09-22 15:48:23,458 - INFO - Product scraped successfully: https://houseofrohl.com/trattoria-pulldown-kitchen-faucet-with-u-spout-black-ttsq101bk/
2026-09-22 15:48:23,458 - INFO - Opening URL: https://houseofrohl.com/trattoria-pulldown-kitchen-faucet-with-u-spout-brushed-gold-ttsq101bg/
2026-09-22 15:48:28,936 - INFO - Product scraped successfully: https://houseofrohl.com/trattoria-pulldown-kitchen-faucet-with-u-spout-brushed-gold-ttsq101bg/
2026-09-22 15:48:28,936 - INFO - Opening URL: https://houseofrohl.com/trattoria-pulldown-kitchen-faucet-with-u-spout-chrome-ttsq101c/
2026-09-22 15:48:33,212 - INFO - Product scraped successfully: https://houseofrohl.com/trattoria-pulldown-kitchen-faucet-with-u-spout-chrome-ttsq101c/
2026-09-22 15:48:33,212 - INFO - Opening URL: https://houseofrohl.com/trattoria-pulldown-kitchen-faucet-with-u-spout-stainless-steel-finish-ttsq101ss/
2026-09-22 15:48:37,476 - INFO - Product scraped successfully: https://houseofrohl.com/trattoria-pulldown-kitchen-faucet-with-u-spout-stainless-steel-finish-ttsq101ss/
2026-09-22 15:48:37,476 - INFO - Opening URL: https://houseofrohl.com/trattoria-pulldown-kitchen-faucet-with-c-spout-black-ttrd101bk/
2026-09-22 15:48:42,501 - INFO - Product scraped successfully: https://houseofrohl.com/trattoria-pulldown-kitchen-faucet-with-c-spout-black-ttrd101bk/
2026-09-22 15:48:42,501 - INFO - Opening URL: https://houseofrohl.com/trattoria-pulldown-kitchen-faucet-with-c-spout-brushed-gold-ttrd101bg/
2026-09-22 15:48:47,312 - INFO - Product scraped successfully: https://houseofrohl.com/trattoria-pulldown-kitchen-faucet-with-c-spout-brushed-gold-ttrd101bg/
2026-09-22 15:48:47,312 - INFO - Opening URL: https://houseofrohl.com/trattoria-pulldown-kitchen-faucet-with-c-spout-chrome-ttrd101c/
2026-09-22 15:48:59,405 - INFO - Product scraped successfully: https://houseofrohl.com/trattoria-pulldown-kitchen-faucet-with-c-spout-chrome-ttrd101c/
2026-09-22 15:48:59,405 - INFO - Opening URL: https://houseofrohl.com/trattoria-pulldown-kitchen-faucet-with-c-spout-stainless-steel-finish-ttrd101ss/
2026-09-22 15:49:09,013 - INFO - Product scraped successfully: https://houseofrohl.com/trattoria-pulldown-kitchen-faucet-with-c-spout-stainless-steel-finish-ttrd101ss/
2026-09-22 15:49:09,013 - INFO - Opening URL: https://houseofrohl.com/trattoria-pulldown-kitchen-faucet-with-u-spout-black-ttsq101bk/
2026-09-22 15:49:16,148 - INFO - Product scraped successfully: https://houseofrohl.com/trattoria-pulldown-kitchen-faucet-with-u-spout-black-ttsq101bk/
2026-09-22 15:49:16,148 - INFO - Opening URL: https://houseofrohl.com/trattoria-pulldown-kitchen-faucet-with-u-spout-brushed-gold-ttsq101bg/
2026-09-22 15:49:20,854 - INFO - Product scraped successfully: https://houseofrohl.com/trattoria-pulldown-kitchen-faucet-with-u-spout-brushed-gold-ttsq101bg/
2026-09-22 15:49:20,854 - INFO - Opening URL: https://houseofrohl.com/trattoria-pulldown-kitchen-faucet-with-u-spout-chrome-ttsq101c/
2026-09-22 15:49:24,682 - INFO - Product scraped successfully: https://houseofrohl.com/trattoria-pulldown-kitchen-faucet-with-u-spout-chrome-ttsq101c/
2026-09-22 15:49:24,685 - INFO - Opening URL: https://houseofrohl.com/trattoria-pulldown-kitchen-faucet-with-u-spout-stainless-steel-finish-ttsq101ss/
2026-09-22 15:49:29,409 - INFO - Product scraped successfully: https://houseofrohl.com/trattoria-pulldown-kitchen-faucet-with-u-spout-stainless-steel-finish-ttsq101ss/
2026-09-22 15:49:29,409 - INFO - Opening URL: https://houseofrohl.com/georgian-era-pulldown-touchless-faucet-english-bronze-u-4734eb-2/
2026-09-22 15:49:35,785 - INFO - Product scraped successfully: https://houseofrohl.com/georgian-era-pulldown-touchless-faucet-english-bronze-u-4734eb-2/
2026-09-22 15:49:35,785 - INFO - Opening URL: https://houseofrohl.com/georgian-era-pulldown-touchless-faucet-polished-chrome-u-4734apc-2/
2026-09-22 15:49:39,577 - INFO - Product scraped successfully: https://houseofrohl.com/georgian-era-pulldown-touchless-faucet-polished-chrome-u-4734apc-2/
2026-09-22 15:49:39,577 - INFO - Opening URL: https://houseofrohl.com/georgian-era-pulldown-touchless-faucet-polished-nickel-u-4734pn-2/
2026-09-22 15:49:45,772 - INFO - Product scraped successfully: https://houseofrohl.com/georgian-era-pulldown-touchless-faucet-polished-nickel-u-4734pn-2/
2026-09-22 15:49:45,772 - INFO - Opening URL: https://houseofrohl.com/georgian-era-pulldown-touchless-faucet-satin-english-gold-u-4734seg-2/
2026-09-22 15:49:50,236 - INFO - Product scraped successfully: https://houseofrohl.com/georgian-era-pulldown-touchless-faucet-satin-english-gold-u-4734seg-2/
2026-09-22 15:49:50,236 - INFO - Opening URL: https://houseofrohl.com/georgian-era-pulldown-touchless-faucet-satin-english-gold-u-4734stn-2/
2026-09-22 15:49:55,621 - INFO - Product scraped successfully: https://houseofrohl.com/georgian-era-pulldown-touchless-faucet-satin-english-gold-u-4734stn-2/
2026-09-22 15:49:55,621 - INFO - Opening URL: https://houseofrohl.com/georgian-era-pulldown-touchless-faucet-unlacquered-brass-model-number-u-4734ulb-2/
2026-09-22 15:49:59,667 - INFO - Product scraped successfully: https://houseofrohl.com/georgian-era-pulldown-touchless-faucet-unlacquered-brass-model-number-u-4734ulb-2/
2026-09-22 15:49:59,667 - INFO - Opening URL: https://houseofrohl.com/holborn-pulldown-touchless-faucet-polished-chrome-with-lever-handle-u-4034ls-apc-2/
2026-09-22 15:50:04,401 - INFO - Product scraped successfully: https://houseofrohl.com/holborn-pulldown-touchless-faucet-polished-chrome-with-lever-handle-u-4034ls-apc-2/
2026-09-22 15:50:04,401 - INFO - Opening URL: https://houseofrohl.com/holborn-pulldown-touchless-faucet-polished-nickel-with-lever-handle-u-4034ls-pn-2/
2026-09-22 15:50:09,459 - INFO - Product scraped successfully: https://houseofrohl.com/holborn-pulldown-touchless-faucet-polished-nickel-with-lever-handle-u-4034ls-pn-2/
2026-09-22 15:50:09,459 - INFO - Opening URL: https://houseofrohl.com/holborn-pulldown-touchless-faucet-satin-english-gold-with-lever-handle-u-4034ls-seg-2/
2026-09-22 15:50:15,999 - INFO - Product scraped successfully: https://houseofrohl.com/holborn-pulldown-touchless-faucet-satin-english-gold-with-lever-handle-u-4034ls-seg-2/
2026-09-22 15:50:15,999 - INFO - Opening URL: https://houseofrohl.com/holborn-pulldown-touchless-faucet-satin-nickel-with-lever-handle-u-4034ls-stn-2/
2026-09-22 15:50:20,092 - INFO - Product scraped successfully: https://houseofrohl.com/holborn-pulldown-touchless-faucet-satin-nickel-with-lever-handle-u-4034ls-stn-2/
2026-09-22 15:50:20,092 - INFO - Opening URL: https://houseofrohl.com/holborn-pulldown-touchless-faucet-unlacquered-brass-with-lever-handle-model-number-u-4034ls-ulb-2/
2026-09-22 15:50:25,449 - INFO - Product scraped successfully: https://houseofrohl.com/holborn-pulldown-touchless-faucet-unlacquered-brass-with-lever-handle-model-number-u-4034ls-ulb-2/
2026-09-22 15:50:25,449 - INFO - Opening URL: https://houseofrohl.com/lux-pull-down-bar-food-prep-kitchen-faucet-antique-gold-model-number-r7519ag/
2026-09-22 15:50:30,539 - INFO - Product scraped successfully: https://houseofrohl.com/lux-pull-down-bar-food-prep-kitchen-faucet-antique-gold-model-number-r7519ag/
2026-09-22 15:50:30,539 - INFO - Opening URL: https://houseofrohl.com/lux-side-handle-bar-and-food-prep-stainless-steel-pulldown-faucet-brushed-stainless-steel-with-lever-handle-r7519sb
2026-09-22 15:50:35,007 - INFO - Product scraped successfully: https://houseofrohl.com/lux-side-handle-bar-and-food-prep-stainless-steel-pulldown-faucet-brushed-stainless-steel-with-lever-handle-r7519sb
2026-09-22 15:50:35,007 - INFO - Opening URL: https://houseofrohl.com/lux-side-handle-bar-and-food-prep-stainless-steel-pulldown-faucet-matte-black-with-lever-handle-r7519mb/
2026-09-22 15:50:42,375 - INFO - Product scraped successfully: https://houseofrohl.com/lux-side-handle-bar-and-food-prep-stainless-steel-pulldown-faucet-matte-black-with-lever-handle-r7519mb/
2026-09-22 15:50:42,376 - INFO - Opening URL: https://houseofrohl.com/lux-side-handle-bar-and-food-prep-stainless-steel-pulldown-faucet-polished-chrome-with-lever-handle-r7519apc/
2026-09-22 15:50:46,444 - INFO - Product scraped successfully: https://houseofrohl.com/lux-side-handle-bar-and-food-prep-stainless-steel-pulldown-faucet-polished-chrome-with-lever-handle-r7519apc/
2026-09-22 15:50:46,445 - INFO - Opening URL: https://houseofrohl.com/lux-side-handle-bar-and-food-prep-stainless-steel-pulldown-faucet-polished-nickel-with-lever-handle-r7519pn/
2026-09-22 15:50:51,179 - INFO - Product scraped successfully: https://houseofrohl.com/lux-side-handle-bar-and-food-prep-stainless-steel-pulldown-faucet-polished-nickel-with-lever-handle-r7519pn/
2026-09-22 15:50:51,179 - INFO - Opening URL: https://houseofrohl.com/lux-side-handle-bar-and-food-prep-stainless-steel-pulldown-faucet-satin-nickel-with-lever-handle-r7519stn/
2026-09-22 15:50:58,721 - INFO - Product scraped successfully: https://houseofrohl.com/lux-side-handle-bar-and-food-prep-stainless-steel-pulldown-faucet-satin-nickel-with-lever-handle-r7519stn/
2026-09-22 15:50:58,721 - INFO - Opening URL: https://houseofrohl.com/lux-pull-down-bar-food-prep-kitchen-faucet-vintage-gold-model-number-r7519vg/
2026-09-22 15:51:04,680 - INFO - Product scraped successfully: https://houseofrohl.com/lux-pull-down-bar-food-prep-kitchen-faucet-vintage-gold-model-number-r7519vg/
2026-09-22 15:51:04,680 - INFO - Opening URL: https://houseofrohl.com/lux-pull-down-kitchen-faucet-antique-gold-model-number-r7520ag/
2026-09-22 15:51:11,533 - INFO - Product scraped successfully: https://houseofrohl.com/lux-pull-down-kitchen-faucet-antique-gold-model-number-r7520ag/
2026-09-22 15:51:11,533 - INFO - Opening URL: https://houseofrohl.com/lux-side-handle-stainless-steel-pulldown-kitchen-faucet-brushed-stainless-steel-with-lever-handle-r7520sb
2026-09-22 15:51:18,864 - INFO - Product scraped successfully: https://houseofrohl.com/lux-side-handle-stainless-steel-pulldown-kitchen-faucet-brushed-stainless-steel-with-lever-handle-r7520sb
2026-09-22 15:51:18,864 - INFO - Opening URL: https://houseofrohl.com/lux-side-handle-stainless-steel-pulldown-kitchen-faucet-matte-black-with-lever-handle-r7520mb/
2026-09-22 15:51:22,244 - INFO - Product scraped successfully: https://houseofrohl.com/lux-side-handle-stainless-steel-pulldown-kitchen-faucet-matte-black-with-lever-handle-r7520mb/
2026-09-22 15:51:22,244 - INFO - Opening URL: https://houseofrohl.com/lux-side-handle-stainless-steel-pulldown-kitchen-faucet-polished-chrome-with-lever-handle-r7520apc/
2026-09-22 15:51:26,919 - INFO - Product scraped successfully: https://houseofrohl.com/lux-side-handle-stainless-steel-pulldown-kitchen-faucet-polished-chrome-with-lever-handle-r7520apc/
2026-09-22 15:51:26,919 - INFO - Opening URL: https://houseofrohl.com/lux-side-handle-stainless-steel-pulldown-kitchen-faucet-polished-nickel-with-lever-handle-r7520pn/
2026-09-22 15:51:29,617 - INFO - Product scraped successfully: https://houseofrohl.com/lux-side-handle-stainless-steel-pulldown-kitchen-faucet-polished-nickel-with-lever-handle-r7520pn/
2026-09-22 15:51:29,617 - INFO - Opening URL: https://houseofrohl.com/lux-side-handle-stainless-steel-pulldown-kitchen-faucet-satin-nickel-with-lever-handle-r7520stn/
2026-09-22 15:51:32,231 - INFO - Product scraped successfully: https://houseofrohl.com/lux-side-handle-stainless-steel-pulldown-kitchen-faucet-satin-nickel-with-lever-handle-r7520stn/
2026-09-22 15:51:32,231 - INFO - Opening URL: https://houseofrohl.com/lux-pull-down-kitchen-faucet-vintage-gold-model-number-r7520vg/
2026-09-22 15:51:34,938 - INFO - Product scraped successfully: https://houseofrohl.com/lux-pull-down-kitchen-faucet-vintage-gold-model-number-r7520vg/
2026-09-22 15:51:34,938 - INFO - Opening URL: https://houseofrohl.com/lux-pre-rinse-kitchen-faucet-antique-gold-model-number-r7521ag/
2026-09-22 15:51:38,151 - INFO - Product scraped successfully: https://houseofrohl.com/lux-pre-rinse-kitchen-faucet-antique-gold-model-number-r7521ag/
2026-09-22 15:51:38,152 - INFO - Opening URL: https://houseofrohl.com/lux-side-handle-stainless-steel-pro-pulldown-kitchen-faucet-brushed-stainless-steel-with-lever-handle-r7521sb
2026-09-22 15:51:40,908 - INFO - Product scraped successfully: https://houseofrohl.com/lux-side-handle-stainless-steel-pro-pulldown-kitchen-faucet-brushed-stainless-steel-with-lever-handle-r7521sb
2026-09-22 15:51:40,908 - INFO - Opening URL: https://houseofrohl.com/lux-side-handle-stainless-steel-pro-pulldown-kitchen-faucet-matte-black-with-lever-handle-r7521mb/
2026-09-22 15:51:43,919 - INFO - Product scraped successfully: https://houseofrohl.com/lux-side-handle-stainless-steel-pro-pulldown-kitchen-faucet-matte-black-with-lever-handle-r7521mb/
2026-09-22 15:51:43,919 - INFO - Opening URL: https://houseofrohl.com/lux-side-handle-stainless-steel-pro-pulldown-kitchen-faucet-polished-chrome-with-lever-handle-r7521apc/
2026-09-22 15:51:46,890 - INFO - Product scraped successfully: https://houseofrohl.com/lux-side-handle-stainless-steel-pro-pulldown-kitchen-faucet-polished-chrome-with-lever-handle-r7521apc/
2026-09-22 15:51:46,890 - INFO - Opening URL: https://houseofrohl.com/lux-side-handle-stainless-steel-pro-pulldown-kitchen-faucet-polished-nickel-with-lever-handle-r7521pn/
2026-09-22 15:51:49,489 - INFO - Product scraped successfully: https://houseofrohl.com/lux-side-handle-stainless-steel-pro-pulldown-kitchen-faucet-polished-nickel-with-lever-handle-r7521pn/
2026-09-22 15:51:49,489 - INFO - Opening URL: https://houseofrohl.com/lux-side-handle-stainless-steel-pro-pulldown-kitchen-faucet-satin-nickel-with-lever-handle-r7521stn/
2026-09-22 15:51:52,106 - INFO - Product scraped successfully: https://houseofrohl.com/lux-side-handle-stainless-steel-pro-pulldown-kitchen-faucet-satin-nickel-with-lever-handle-r7521stn/
2026-09-22 15:51:52,106 - INFO - Opening URL: https://houseofrohl.com/lux-pre-rinse-kitchen-faucet-vintage-gold-model-number-r7521vg/
2026-09-22 15:51:54,726 - INFO - Product scraped successfully: https://houseofrohl.com/lux-pre-rinse-kitchen-faucet-vintage-gold-model-number-r7521vg/
2026-09-22 15:51:54,726 - INFO - Opening URL: https://houseofrohl.com/tuario-pulldown-faucet-c-spout-matte-black-with-lever-handle-tr55d1lbmb/
2026-09-22 15:51:57,540 - INFO - Product scraped successfully: https://houseofrohl.com/tuario-pulldown-faucet-c-spout-matte-black-with-lever-handle-tr55d1lbmb/
2026-09-22 15:51:57,540 - INFO - Opening URL: https://houseofrohl.com/tuario-pulldown-faucet-c-spout-polished-chrome-with-matte-black-accents-with-lever-handle-tr55d1lbapc/
2026-09-22 15:52:00,201 - INFO - Product scraped successfully: https://houseofrohl.com/tuario-pulldown-faucet-c-spout-polished-chrome-with-matte-black-accents-with-lever-handle-tr55d1lbapc/
2026-09-22 15:52:00,201 - INFO - Opening URL: https://houseofrohl.com/tuario-pulldown-faucet-c-spout-polished-nickel-with-matte-black-accents-with-lever-handle-tr55d1lbpn/
2026-09-22 15:52:03,031 - INFO - Product scraped successfully: https://houseofrohl.com/tuario-pulldown-faucet-c-spout-polished-nickel-with-matte-black-accents-with-lever-handle-tr55d1lbpn/
2026-09-22 15:52:03,031 - INFO - Opening URL: https://houseofrohl.com/tuario-pulldown-faucet-c-spout-satin-gold-with-matte-black-accents-with-lever-handle-tr55d1lbsg/
2026-09-22 15:52:05,649 - INFO - Product scraped successfully: https://houseofrohl.com/tuario-pulldown-faucet-c-spout-satin-gold-with-matte-black-accents-with-lever-handle-tr55d1lbsg/
2026-09-22 15:52:05,649 - INFO - Opening URL: https://houseofrohl.com/tuario-pulldown-faucet-c-spout-satin-nickel-with-matte-black-accents-with-lever-handle-tr55d1lbstn/
2026-09-22 15:52:08,629 - INFO - Product scraped successfully: https://houseofrohl.com/tuario-pulldown-faucet-c-spout-satin-nickel-with-matte-black-accents-with-lever-handle-tr55d1lbstn/
2026-09-22 15:52:08,629 - INFO - Opening URL: https://houseofrohl.com/tuario-bar-and-food-prep-faucet-u-spout-matte-black-with-lever-handle-tr61d1lbmb/
2026-09-22 15:52:11,381 - INFO - Product scraped successfully: https://houseofrohl.com/tuario-bar-and-food-prep-faucet-u-spout-matte-black-with-lever-handle-tr61d1lbmb/
2026-09-22 15:52:11,381 - INFO - Opening URL: https://houseofrohl.com/tuario-bar-and-food-prep-faucet-u-spout-polished-chrome-with-matte-black-accents-with-lever-handle-tr61d1lbapc/
2026-09-22 15:52:14,126 - INFO - Product scraped successfully: https://houseofrohl.com/tuario-bar-and-food-prep-faucet-u-spout-polished-chrome-with-matte-black-accents-with-lever-handle-tr61d1lbapc/
2026-09-22 15:52:14,126 - INFO - Opening URL: https://houseofrohl.com/tuario-bar-and-food-prep-faucet-u-spout-polished-nickel-with-matte-black-accents-with-lever-handle-tr61d1lbpn/
2026-09-22 15:52:16,788 - INFO - Product scraped successfully: https://houseofrohl.com/tuario-bar-and-food-prep-faucet-u-spout-polished-nickel-with-matte-black-accents-with-lever-handle-tr61d1lbpn/
2026-09-22 15:52:16,788 - INFO - Opening URL: https://houseofrohl.com/tuario-bar-and-food-prep-faucet-u-spout-satin-gold-with-matte-black-accents-with-lever-handle-tr61d1lbsg/
2026-09-22 15:52:19,717 - INFO - Product scraped successfully: https://houseofrohl.com/tuario-bar-and-food-prep-faucet-u-spout-satin-gold-with-matte-black-accents-with-lever-handle-tr61d1lbsg/
2026-09-22 15:52:19,717 - INFO - Opening URL: https://houseofrohl.com/tuario-bar-and-food-prep-faucet-u-spout-satin-nickel-with-matte-black-accents-with-lever-handle-tr61d1lbstn/
2026-09-22 15:52:22,356 - INFO - Product scraped successfully: https://houseofrohl.com/tuario-bar-and-food-prep-faucet-u-spout-satin-nickel-with-matte-black-accents-with-lever-handle-tr61d1lbstn/
2026-09-22 15:52:22,356 - INFO - Opening URL: https://houseofrohl.com/tuario-pulldown-bar-and-food-prep-faucet-c-spout-matte-black-with-lever-handle-tr65d1lbmb/
2026-09-22 15:52:25,166 - INFO - Product scraped successfully: https://houseofrohl.com/tuario-pulldown-bar-and-food-prep-faucet-c-spout-matte-black-with-lever-handle-tr65d1lbmb/
2026-09-22 15:52:25,166 - INFO - Opening URL: https://houseofrohl.com/tuario-pulldown-bar-and-food-prep-faucet-c-spout-polished-chrome-with-matte-black-accents-with-lever-handle-tr65d1lbapc/
2026-09-22 15:52:28,197 - INFO - Product scraped successfully: https://houseofrohl.com/tuario-pulldown-bar-and-food-prep-faucet-c-spout-polished-chrome-with-matte-black-accents-with-lever-handle-tr65d1lbapc/
2026-09-22 15:52:28,197 - INFO - Opening URL: https://houseofrohl.com/tuario-pulldown-bar-and-food-prep-faucet-c-spout-polished-nickel-with-matte-black-accents-with-lever-handle-tr65d1lbpn/
2026-09-22 15:52:30,813 - INFO - Product scraped successfully: https://houseofrohl.com/tuario-pulldown-bar-and-food-prep-faucet-c-spout-polished-nickel-with-matte-black-accents-with-lever-handle-tr65d1lbpn/
2026-09-22 15:52:30,813 - INFO - Opening URL: https://houseofrohl.com/tuario-pulldown-bar-and-food-prep-faucet-c-spout-satin-gold-with-matte-black-accents-with-lever-handle-tr65d1lbsg/
2026-09-22 15:52:33,687 - INFO - Product scraped successfully: https://houseofrohl.com/tuario-pulldown-bar-and-food-prep-faucet-c-spout-satin-gold-with-matte-black-accents-with-lever-handle-tr65d1lbsg/
2026-09-22 15:52:33,687 - INFO - Opening URL: https://houseofrohl.com/tuario-pulldown-bar-and-food-prep-faucet-c-spout-satin-nickel-with-matte-black-accents-with-lever-handle-tr65d1lbstn/
2026-09-22 15:52:36,572 - INFO - Product scraped successfully: https://houseofrohl.com/tuario-pulldown-bar-and-food-prep-faucet-c-spout-satin-nickel-with-matte-black-accents-with-lever-handle-tr65d1lbstn/
2026-09-22 15:52:36,572 - INFO - Opening URL: https://houseofrohl.com/azure-pull-down-touchless-kitchen-faucet-with-c-spout-black-model-number-az211bk/
2026-09-22 15:52:39,332 - INFO - Product scraped successfully: https://houseofrohl.com/azure-pull-down-touchless-kitchen-faucet-with-c-spout-black-model-number-az211bk/
2026-09-22 15:52:39,333 - INFO - Opening URL: https://houseofrohl.com/azure-pull-down-touchless-kitchen-faucet-with-c-spout-brushed-gold-model-number-az211bg/
2026-09-22 15:52:41,942 - INFO - Product scraped successfully: https://houseofrohl.com/azure-pull-down-touchless-kitchen-faucet-with-c-spout-brushed-gold-model-number-az211bg/
2026-09-22 15:52:41,942 - INFO - Opening URL: https://houseofrohl.com/azure-pull-down-touchless-kitchen-faucet-with-c-spout-chrome-model-number-az211c/
2026-09-22 15:52:44,843 - INFO - Product scraped successfully: https://houseofrohl.com/azure-pull-down-touchless-kitchen-faucet-with-c-spout-chrome-model-number-az211c/
2026-09-22 15:52:44,843 - INFO - Opening URL: https://houseofrohl.com/azure-pull-down-touchless-kitchen-faucet-with-c-spout-polished-nickel-model-number-az211pn/
2026-09-22 15:52:47,680 - INFO - Product scraped successfully: https://houseofrohl.com/azure-pull-down-touchless-kitchen-faucet-with-c-spout-polished-nickel-model-number-az211pn/
2026-09-22 15:52:47,681 - INFO - Opening URL: https://houseofrohl.com/azure-pull-down-touchless-kitchen-faucet-with-c-spout-stainless-steel-model-number-az211ss/
2026-09-22 15:52:50,269 - INFO - Product scraped successfully: https://houseofrohl.com/azure-pull-down-touchless-kitchen-faucet-with-c-spout-stainless-steel-model-number-az211ss/
2026-09-22 15:52:50,269 - INFO - Opening URL: https://houseofrohl.com/azure-pull-down-touchless-kitchen-faucet-with-c-spout-black-model-number-az211bk/
2026-09-22 15:52:52,968 - INFO - Product scraped successfully: https://houseofrohl.com/azure-pull-down-touchless-kitchen-faucet-with-c-spout-black-model-number-az211bk/
2026-09-22 15:52:52,968 - INFO - Opening URL: https://houseofrohl.com/azure-pull-down-touchless-kitchen-faucet-with-c-spout-brushed-gold-model-number-az211bg/
2026-09-22 15:52:56,322 - INFO - Product scraped successfully: https://houseofrohl.com/azure-pull-down-touchless-kitchen-faucet-with-c-spout-brushed-gold-model-number-az211bg/
2026-09-22 15:52:56,322 - INFO - Opening URL: https://houseofrohl.com/azure-pull-down-touchless-kitchen-faucet-with-c-spout-chrome-model-number-az211c/
2026-09-22 15:52:58,970 - INFO - Product scraped successfully: https://houseofrohl.com/azure-pull-down-touchless-kitchen-faucet-with-c-spout-chrome-model-number-az211c/
2026-09-22 15:52:58,970 - INFO - Opening URL: https://houseofrohl.com/azure-pull-down-touchless-kitchen-faucet-with-c-spout-polished-nickel-model-number-az211pn/
2026-09-22 15:53:01,781 - INFO - Product scraped successfully: https://houseofrohl.com/azure-pull-down-touchless-kitchen-faucet-with-c-spout-polished-nickel-model-number-az211pn/
2026-09-22 15:53:01,781 - INFO - Opening URL: https://houseofrohl.com/azure-pull-down-touchless-kitchen-faucet-with-c-spout-stainless-steel-model-number-az211ss/
2026-09-22 15:53:04,416 - INFO - Product scraped successfully: https://houseofrohl.com/azure-pull-down-touchless-kitchen-faucet-with-c-spout-stainless-steel-model-number-az211ss/
2026-09-22 15:53:04,416 - INFO - Opening URL: https://houseofrohl.com/campo-pull-down-kitchen-faucet-italian-brass-model-number-cp56d1iwib/
2026-09-22 15:53:07,193 - INFO - Product scraped successfully: https://houseofrohl.com/campo-pull-down-kitchen-faucet-italian-brass-model-number-cp56d1iwib/
2026-09-22 15:53:07,194 - INFO - Opening URL: https://houseofrohl.com/campo-pull-down-kitchen-faucet-matte-black-model-number-cp56d1iwmb/
2026-09-22 15:53:10,229 - INFO - Product scraped successfully: https://houseofrohl.com/campo-pull-down-kitchen-faucet-matte-black-model-number-cp56d1iwmb/
2026-09-22 15:53:10,229 - INFO - Opening URL: https://houseofrohl.com/campo-pull-down-kitchen-faucet-matte-black-and-orange-cp56d1iwmbo
2026-09-22 15:53:13,089 - INFO - Product scraped successfully: https://houseofrohl.com/campo-pull-down-kitchen-faucet-matte-black-and-orange-cp56d1iwmbo
2026-09-22 15:53:13,089 - INFO - Opening URL: https://houseofrohl.com/campo-pull-down-kitchen-faucet-polished-chrome-model-number-cp56d1iwapc/
2026-09-22 15:53:15,770 - INFO - Product scraped successfully: https://houseofrohl.com/campo-pull-down-kitchen-faucet-polished-chrome-model-number-cp56d1iwapc/
2026-09-22 15:53:15,770 - INFO - Opening URL: https://houseofrohl.com/campo-pull-down-kitchen-faucet-polished-nickel-model-number-cp56d1iwpn/
2026-09-22 15:53:18,392 - INFO - Product scraped successfully: https://houseofrohl.com/campo-pull-down-kitchen-faucet-polished-nickel-model-number-cp56d1iwpn/
2026-09-22 15:53:18,392 - INFO - Opening URL: https://houseofrohl.com/campo-pull-down-kitchen-faucet-satin-nickel-model-number-cp56d1iwstn/
2026-09-22 15:53:21,435 - INFO - Product scraped successfully: https://houseofrohl.com/campo-pull-down-kitchen-faucet-satin-nickel-model-number-cp56d1iwstn/
2026-09-22 15:53:21,435 - INFO - Opening URL: https://houseofrohl.com/campo-pull-down-kitchen-faucet-tuscan-brass-model-number-cp56d1iwtcb/
2026-09-22 15:53:24,482 - INFO - Product scraped successfully: https://houseofrohl.com/campo-pull-down-kitchen-faucet-tuscan-brass-model-number-cp56d1iwtcb/
2026-09-22 15:53:24,482 - INFO - Opening URL: https://houseofrohl.com/campo-pull-down-kitchen-faucet-unlacquered-brass-model-number-cp56d1iwulb/
2026-09-22 15:53:28,054 - INFO - Product scraped successfully: https://houseofrohl.com/campo-pull-down-kitchen-faucet-unlacquered-brass-model-number-cp56d1iwulb/
2026-09-22 15:53:28,054 - INFO - Opening URL: https://houseofrohl.com/eclissi-pull-down-kitchen-faucet-with-c-spout-less-handle-matte-black-model-number-ec55d1mb/
2026-09-22 15:53:30,835 - INFO - Product scraped successfully: https://houseofrohl.com/eclissi-pull-down-kitchen-faucet-with-c-spout-less-handle-matte-black-model-number-ec55d1mb/
2026-09-22 15:53:30,835 - INFO - Opening URL: https://houseofrohl.com/eclissi-pull-down-kitchen-faucet-with-c-spout-less-handle-polished-chrome-model-number-ec55d1apc/
2026-09-22 15:53:33,782 - INFO - Product scraped successfully: https://houseofrohl.com/eclissi-pull-down-kitchen-faucet-with-c-spout-less-handle-polished-chrome-model-number-ec55d1apc/
2026-09-22 15:53:33,782 - INFO - Opening URL: https://houseofrohl.com/eclissi-pull-down-kitchen-faucet-with-c-spout-less-handle-polished-nickel-model-number-ec55d1pn/
2026-09-22 15:53:36,535 - INFO - Product scraped successfully: https://houseofrohl.com/eclissi-pull-down-kitchen-faucet-with-c-spout-less-handle-polished-nickel-model-number-ec55d1pn/
2026-09-22 15:53:36,535 - INFO - Opening URL: https://houseofrohl.com/eclissi-pull-down-kitchen-faucet-with-c-spout-less-handle-satin-nickel-model-number-ec55d1stn/
2026-09-22 15:53:39,172 - INFO - Product scraped successfully: https://houseofrohl.com/eclissi-pull-down-kitchen-faucet-with-c-spout-less-handle-satin-nickel-model-number-ec55d1stn/
2026-09-22 15:53:39,172 - INFO - Opening URL: https://houseofrohl.com/eclissi-pull-down-kitchen-faucet-with-u-spout-less-handle-matte-black-model-number-ec56d1mb/
2026-09-22 15:53:41,907 - INFO - Product scraped successfully: https://houseofrohl.com/eclissi-pull-down-kitchen-faucet-with-u-spout-less-handle-matte-black-model-number-ec56d1mb/
2026-09-22 15:53:41,907 - INFO - Opening URL: https://houseofrohl.com/eclissi-pull-down-kitchen-faucet-with-u-spout-less-handle-polished-chrome-model-number-ec56d1apc/
2026-09-22 15:53:44,692 - INFO - Product scraped successfully: https://houseofrohl.com/eclissi-pull-down-kitchen-faucet-with-u-spout-less-handle-polished-chrome-model-number-ec56d1apc/
2026-09-22 15:53:44,692 - INFO - Opening URL: https://houseofrohl.com/eclissi-pull-down-kitchen-faucet-with-u-spout-less-handle-polished-nickel-model-number-ec56d1pn/
2026-09-22 15:53:47,391 - INFO - Product scraped successfully: https://houseofrohl.com/eclissi-pull-down-kitchen-faucet-with-u-spout-less-handle-polished-nickel-model-number-ec56d1pn/
2026-09-22 15:53:47,391 - INFO - Opening URL: https://houseofrohl.com/eclissi-pull-down-kitchen-faucet-with-u-spout-less-handle-satin-nickel-model-number-ec56d1stn/
2026-09-22 15:53:49,976 - INFO - Product scraped successfully: https://houseofrohl.com/eclissi-pull-down-kitchen-faucet-with-u-spout-less-handle-satin-nickel-model-number-ec56d1stn/
2026-09-22 15:53:49,976 - INFO - Opening URL: https://houseofrohl.com/eclissi-bar-and-food-prep-kitchen-faucet-with-u-spout-less-handle-matte-black-model-number-ec60d1mb/
2026-09-22 15:53:52,747 - INFO - Product scraped successfully: https://houseofrohl.com/eclissi-bar-and-food-prep-kitchen-faucet-with-u-spout-less-handle-matte-black-model-number-ec60d1mb/
2026-09-22 15:53:52,748 - INFO - Opening URL: https://houseofrohl.com/eclissi-bar-and-food-prep-kitchen-faucet-with-u-spout-less-handle-polished-chrome-model-number-ec60d1apc/
2026-09-22 15:53:55,375 - INFO - Product scraped successfully: https://houseofrohl.com/eclissi-bar-and-food-prep-kitchen-faucet-with-u-spout-less-handle-polished-chrome-model-number-ec60d1apc/
2026-09-22 15:53:55,375 - INFO - Opening URL: https://houseofrohl.com/eclissi-bar-and-food-prep-kitchen-faucet-with-u-spout-less-handle-polished-nickel-model-number-ec60d1pn/
2026-09-22 15:53:58,047 - INFO - Product scraped successfully: https://houseofrohl.com/eclissi-bar-and-food-prep-kitchen-faucet-with-u-spout-less-handle-polished-nickel-model-number-ec60d1pn/
2026-09-22 15:53:58,047 - INFO - Opening URL: https://houseofrohl.com/eclissi-bar-and-food-prep-kitchen-faucet-with-u-spout-less-handle-satin-nickel-model-number-ec60d1stn/
2026-09-22 15:54:00,699 - INFO - Product scraped successfully: https://houseofrohl.com/eclissi-bar-and-food-prep-kitchen-faucet-with-u-spout-less-handle-satin-nickel-model-number-ec60d1stn/
2026-09-22 15:54:00,700 - INFO - Opening URL: https://houseofrohl.com/eclissi-pull-down-bar-and-food-prep-kitchen-faucet-with-c-spout-less-handle-matte-black-model-number-ec65d1mb/
2026-09-22 15:54:03,674 - INFO - Product scraped successfully: https://houseofrohl.com/eclissi-pull-down-bar-and-food-prep-kitchen-faucet-with-c-spout-less-handle-matte-black-model-number-ec65d1mb/
2026-09-22 15:54:03,674 - INFO - Opening URL: https://houseofrohl.com/eclissi-pull-down-bar-and-food-prep-kitchen-faucet-with-c-spout-less-handle-polished-chrome-model-number-ec65d1apc/
2026-09-22 15:54:06,318 - INFO - Product scraped successfully: https://houseofrohl.com/eclissi-pull-down-bar-and-food-prep-kitchen-faucet-with-c-spout-less-handle-polished-chrome-model-number-ec65d1apc/
2026-09-22 15:54:06,318 - INFO - Opening URL: https://houseofrohl.com/eclissi-pull-down-bar-and-food-prep-kitchen-faucet-with-c-spout-less-handle-polished-nickel-model-number-ec65d1pn/
2026-09-22 15:54:09,031 - INFO - Product scraped successfully: https://houseofrohl.com/eclissi-pull-down-bar-and-food-prep-kitchen-faucet-with-c-spout-less-handle-polished-nickel-model-number-ec65d1pn/
2026-09-22 15:54:09,031 - INFO - Opening URL: https://houseofrohl.com/eclissi-pull-down-bar-and-food-prep-kitchen-faucet-with-c-spout-less-handle-satin-nickel-model-number-ec65d1stn/
2026-09-22 15:54:11,944 - INFO - Product scraped successfully: https://houseofrohl.com/eclissi-pull-down-bar-and-food-prep-kitchen-faucet-with-c-spout-less-handle-satin-nickel-model-number-ec65d1stn/
2026-09-22 15:54:11,944 - INFO - Opening URL: https://houseofrohl.com/graceline-pull-down-kitchen-faucet-with-u-spout-antique-gold-mb7956lmag/
2026-09-22 15:54:14,744 - INFO - Product scraped successfully: https://houseofrohl.com/graceline-pull-down-kitchen-faucet-with-u-spout-antique-gold-mb7956lmag/
2026-09-22 15:54:14,744 - INFO - Opening URL: https://houseofrohl.com/graceline-pull-down-kitchen-faucet-with-u-spout-matte-black-model-number-mb7956lmmb/
2026-09-22 15:54:18,388 - INFO - Product scraped successfully: https://houseofrohl.com/graceline-pull-down-kitchen-faucet-with-u-spout-matte-black-model-number-mb7956lmmb/
2026-09-22 15:54:18,388 - INFO - Opening URL: https://houseofrohl.com/graceline-pull-down-kitchen-faucet-with-u-spout-matte-black-with-antique-gold-accent-mb7956lmmba/
2026-09-22 15:54:21,550 - INFO - Product scraped successfully: https://houseofrohl.com/graceline-pull-down-kitchen-faucet-with-u-spout-matte-black-with-antique-gold-accent-mb7956lmmba/
2026-09-22 15:54:21,550 - INFO - Opening URL: https://houseofrohl.com/graceline-pull-down-kitchen-faucet-with-u-spout-matte-black-and-satin-gold-model-number-mb7956lmmbg/
2026-09-22 15:54:24,281 - INFO - Product scraped successfully: https://houseofrohl.com/graceline-pull-down-kitchen-faucet-with-u-spout-matte-black-and-satin-gold-model-number-mb7956lmmbg/
2026-09-22 15:54:24,281 - INFO - Opening URL: https://houseofrohl.com/graceline-pull-down-kitchen-faucet-with-u-spout-polished-chrome-model-number-mb7956lmapc/
2026-09-22 15:54:27,055 - INFO - Product scraped successfully: https://houseofrohl.com/graceline-pull-down-kitchen-faucet-with-u-spout-polished-chrome-model-number-mb7956lmapc/
2026-09-22 15:54:27,056 - INFO - Opening URL: https://houseofrohl.com/graceline-pull-down-kitchen-faucet-with-u-spout-polished-nickel-model-number-mb7956lmpn/
2026-09-22 15:54:29,933 - INFO - Product scraped successfully: https://houseofrohl.com/graceline-pull-down-kitchen-faucet-with-u-spout-polished-nickel-model-number-mb7956lmpn/
2026-09-22 15:54:29,933 - INFO - Opening URL: https://houseofrohl.com/graceline-pull-down-kitchen-faucet-with-u-spout-satin-gold-model-number-mb7956lmsg/
2026-09-22 15:54:33,017 - INFO - Product scraped successfully: https://houseofrohl.com/graceline-pull-down-kitchen-faucet-with-u-spout-satin-gold-model-number-mb7956lmsg/
2026-09-22 15:54:33,017 - INFO - Opening URL: https://houseofrohl.com/graceline-pull-down-kitchen-faucet-with-u-spout-satin-nickel-model-number-mb7956lmstn/
2026-09-22 15:54:35,680 - INFO - Product scraped successfully: https://houseofrohl.com/graceline-pull-down-kitchen-faucet-with-u-spout-satin-nickel-model-number-mb7956lmstn/
2026-09-22 15:54:35,680 - INFO - Opening URL: https://houseofrohl.com/graceline-pull-down-kitchen-faucet-with-u-spout-unlacquered-brass-mb7956lmulb/
2026-09-22 15:54:38,410 - INFO - Product scraped successfully: https://houseofrohl.com/graceline-pull-down-kitchen-faucet-with-u-spout-unlacquered-brass-mb7956lmulb/
2026-09-22 15:54:38,412 - INFO - Opening URL: https://houseofrohl.com/graceline-bar-food-prep-kitchen-faucet-with-c-spout-antique-gold-mb7960lmag/
2026-09-22 15:54:41,491 - INFO - Product scraped successfully: https://houseofrohl.com/graceline-bar-food-prep-kitchen-faucet-with-c-spout-antique-gold-mb7960lmag/
2026-09-22 15:54:41,491 - INFO - Opening URL: https://houseofrohl.com/graceline-bar-and-food-prep-kitchen-faucet-with-c-spout-matte-black-model-number-mb7960lmmb/
2026-09-22 15:54:44,703 - INFO - Product scraped successfully: https://houseofrohl.com/graceline-bar-and-food-prep-kitchen-faucet-with-c-spout-matte-black-model-number-mb7960lmmb/
2026-09-22 15:54:44,703 - INFO - Opening URL: https://houseofrohl.com/graceline-bar-food-prep-kitchen-faucet-with-c-spout-matte-black-with-antique-gold-accent-mb7960lmmba/
2026-09-22 15:54:47,330 - INFO - Product scraped successfully: https://houseofrohl.com/graceline-bar-food-prep-kitchen-faucet-with-c-spout-matte-black-with-antique-gold-accent-mb7960lmmba/
2026-09-22 15:54:47,330 - INFO - Opening URL: https://houseofrohl.com/graceline-bar-and-food-prep-kitchen-faucet-with-c-spout-matte-black-and-satin-gold-model-number-mb7960lmmbg/
2026-09-22 15:54:49,974 - INFO - Product scraped successfully: https://houseofrohl.com/graceline-bar-and-food-prep-kitchen-faucet-with-c-spout-matte-black-and-satin-gold-model-number-mb7960lmmbg/
2026-09-22 15:54:49,974 - INFO - Opening URL: https://houseofrohl.com/graceline-bar-and-food-prep-kitchen-faucet-with-c-spout-polished-chrome-model-number-mb7960lmapc/
2026-09-22 15:54:52,606 - INFO - Product scraped successfully: https://houseofrohl.com/graceline-bar-and-food-prep-kitchen-faucet-with-c-spout-polished-chrome-model-number-mb7960lmapc/
2026-09-22 15:54:52,606 - INFO - Opening URL: https://houseofrohl.com/graceline-bar-and-food-prep-kitchen-faucet-with-c-spout-polished-nickel-model-number-mb7960lmpn/
2026-09-22 15:54:55,340 - INFO - Product scraped successfully: https://houseofrohl.com/graceline-bar-and-food-prep-kitchen-faucet-with-c-spout-polished-nickel-model-number-mb7960lmpn/
2026-09-22 15:54:55,340 - INFO - Opening URL: https://houseofrohl.com/graceline-bar-and-food-prep-kitchen-faucet-with-c-spout-satin-gold-model-number-mb7960lmsg/
2026-09-22 15:54:58,954 - INFO - Product scraped successfully: https://houseofrohl.com/graceline-bar-and-food-prep-kitchen-faucet-with-c-spout-satin-gold-model-number-mb7960lmsg/
2026-09-22 15:54:58,954 - INFO - Opening URL: https://houseofrohl.com/graceline-bar-and-food-prep-kitchen-faucet-with-c-spout-satin-nickel-model-number-mb7960lmstn/
2026-09-22 15:55:01,629 - INFO - Product scraped successfully: https://houseofrohl.com/graceline-bar-and-food-prep-kitchen-faucet-with-c-spout-satin-nickel-model-number-mb7960lmstn/
2026-09-22 15:55:01,629 - INFO - Opening URL: https://houseofrohl.com/graceline-bar-food-prep-kitchen-faucet-with-c-spout-unlacquered-brass-mb7960lmulb/
2026-09-22 15:55:06,901 - INFO - Product scraped successfully: https://houseofrohl.com/graceline-bar-food-prep-kitchen-faucet-with-c-spout-unlacquered-brass-mb7960lmulb/
2026-09-22 15:55:06,901 - INFO - Opening URL: https://houseofrohl.com/myrina-pull-down-kitchen-faucet-with-u-spout-matte-black-model-number-my56d1lmmb/
2026-09-22 15:55:10,127 - INFO - Product scraped successfully: https://houseofrohl.com/myrina-pull-down-kitchen-faucet-with-u-spout-matte-black-model-number-my56d1lmmb/
2026-09-22 15:55:10,127 - INFO - Opening URL: https://houseofrohl.com/myrina-pull-down-kitchen-faucet-with-u-spout-polished-chrome-model-number-my56d1lmapc/
2026-09-22 15:55:12,816 - INFO - Product scraped successfully: https://houseofrohl.com/myrina-pull-down-kitchen-faucet-with-u-spout-polished-chrome-model-number-my56d1lmapc/
2026-09-22 15:55:12,816 - INFO - Opening URL: https://houseofrohl.com/myrina-pull-down-kitchen-faucet-with-u-spout-polished-nickel-model-number-my56d1lmpn/
2026-09-22 15:55:15,500 - INFO - Product scraped successfully: https://houseofrohl.com/myrina-pull-down-kitchen-faucet-with-u-spout-polished-nickel-model-number-my56d1lmpn/
2026-09-22 15:55:15,500 - INFO - Opening URL: https://houseofrohl.com/myrina-pull-down-kitchen-faucet-with-u-spout-satin-gold-model-number-my56d1lmsg/
2026-09-22 15:55:18,213 - INFO - Product scraped successfully: https://houseofrohl.com/myrina-pull-down-kitchen-faucet-with-u-spout-satin-gold-model-number-my56d1lmsg/
2026-09-22 15:55:18,213 - INFO - Opening URL: https://houseofrohl.com/myrina-pull-down-kitchen-faucet-with-u-spout-satin-nickel-model-number-my56d1lmstn/
2026-09-22 15:55:20,818 - INFO - Product scraped successfully: https://houseofrohl.com/myrina-pull-down-kitchen-faucet-with-u-spout-satin-nickel-model-number-my56d1lmstn/
2026-09-22 15:55:20,818 - INFO - Opening URL: https://houseofrohl.com/myrina-pull-down-bar-and-food-prep-kitchen-faucet-with-c-spout-matte-black-model-number-my65d1lmmb/
2026-09-22 15:55:23,576 - INFO - Product scraped successfully: https://houseofrohl.com/myrina-pull-down-bar-and-food-prep-kitchen-faucet-with-c-spout-matte-black-model-number-my65d1lmmb/
2026-09-22 15:55:23,576 - INFO - Opening URL: https://houseofrohl.com/myrina-pull-down-bar-and-food-prep-kitchen-faucet-with-c-spout-polished-chrome-model-number-my65d1lmapc/
2026-09-22 15:55:26,280 - INFO - Product scraped successfully: https://houseofrohl.com/myrina-pull-down-bar-and-food-prep-kitchen-faucet-with-c-spout-polished-chrome-model-number-my65d1lmapc/
2026-09-22 15:55:26,280 - INFO - Opening URL: https://houseofrohl.com/myrina-pull-down-bar-and-food-prep-kitchen-faucet-with-c-spout-polished-nickel-model-number-my65d1lmpn/
2026-09-22 15:55:28,947 - INFO - Product scraped successfully: https://houseofrohl.com/myrina-pull-down-bar-and-food-prep-kitchen-faucet-with-c-spout-polished-nickel-model-number-my65d1lmpn/
2026-09-22 15:55:28,947 - INFO - Opening URL: https://houseofrohl.com/myrina-pull-down-bar-and-food-prep-kitchen-faucet-with-c-spout-satin-gold-model-number-my65d1lmsg/
2026-09-22 15:55:31,799 - INFO - Product scraped successfully: https://houseofrohl.com/myrina-pull-down-bar-and-food-prep-kitchen-faucet-with-c-spout-satin-gold-model-number-my65d1lmsg/
2026-09-22 15:55:31,799 - INFO - Opening URL: https://houseofrohl.com/myrina-pull-down-bar-and-food-prep-kitchen-faucet-with-c-spout-satin-nickel-model-number-my65d1lmstn/
2026-09-22 15:55:34,496 - INFO - Product scraped successfully: https://houseofrohl.com/myrina-pull-down-bar-and-food-prep-kitchen-faucet-with-c-spout-satin-nickel-model-number-my65d1lmstn/
2026-09-22 15:55:34,496 - INFO - Opening URL: https://houseofrohl.com/tenerife-pull-down-kitchen-faucet-with-c-spout-antique-gold-model-number-te55d1lmag/
2026-09-22 15:55:37,874 - INFO - Product scraped successfully: https://houseofrohl.com/tenerife-pull-down-kitchen-faucet-with-c-spout-antique-gold-model-number-te55d1lmag/
2026-09-22 15:55:37,875 - INFO - Opening URL: https://houseofrohl.com/tenerife-pull-down-kitchen-faucet-with-c-spout-matte-black-model-number-te55d1lmmb/
2026-09-22 15:55:40,551 - INFO - Product scraped successfully: https://houseofrohl.com/tenerife-pull-down-kitchen-faucet-with-c-spout-matte-black-model-number-te55d1lmmb/
2026-09-22 15:55:40,551 - INFO - Opening URL: https://houseofrohl.com/tenerife-pull-down-kitchen-faucet-with-c-spout-polished-chrome-model-number-te55d1lmapc/
2026-09-22 15:55:43,707 - INFO - Product scraped successfully: https://houseofrohl.com/tenerife-pull-down-kitchen-faucet-with-c-spout-polished-chrome-model-number-te55d1lmapc/
2026-09-22 15:55:43,707 - INFO - Opening URL: https://houseofrohl.com/tenerife-pull-down-kitchen-faucet-with-c-spout-polished-nickel-model-number-te55d1lmpn/
2026-09-22 15:55:46,379 - INFO - Product scraped successfully: https://houseofrohl.com/tenerife-pull-down-kitchen-faucet-with-c-spout-polished-nickel-model-number-te55d1lmpn/
2026-09-22 15:55:46,379 - INFO - Opening URL: https://houseofrohl.com/tenerife-pull-down-kitchen-faucet-with-c-spout-satin-nickel-model-number-te55d1lmstn/
2026-09-22 15:55:48,999 - INFO - Product scraped successfully: https://houseofrohl.com/tenerife-pull-down-kitchen-faucet-with-c-spout-satin-nickel-model-number-te55d1lmstn/
2026-09-22 15:55:48,999 - INFO - Opening URL: https://houseofrohl.com/tenerife-pull-down-kitchen-faucet-with-c-spout-vintage-gold-model-number-te55d1lmvg/
2026-09-22 15:55:51,670 - INFO - Product scraped successfully: https://houseofrohl.com/tenerife-pull-down-kitchen-faucet-with-c-spout-vintage-gold-model-number-te55d1lmvg/
2026-09-22 15:55:51,670 - INFO - Opening URL: https://houseofrohl.com/tenerife-pull-down-kitchen-faucet-with-u-spout-antique-gold-model-number-te56d1lmag/
2026-09-22 15:55:54,345 - INFO - Product scraped successfully: https://houseofrohl.com/tenerife-pull-down-kitchen-faucet-with-u-spout-antique-gold-model-number-te56d1lmag/
2026-09-22 15:55:54,347 - INFO - Opening URL: https://houseofrohl.com/tenerife-pull-down-kitchen-faucet-with-u-spout-matte-black-model-number-te56d1lmmb/
2026-09-22 15:55:57,242 - INFO - Product scraped successfully: https://houseofrohl.com/tenerife-pull-down-kitchen-faucet-with-u-spout-matte-black-model-number-te56d1lmmb/
2026-09-22 15:55:57,242 - INFO - Opening URL: https://houseofrohl.com/tenerife-pull-down-kitchen-faucet-with-u-spout-polished-chrome-model-number-te56d1lmapc/
2026-09-22 15:55:59,935 - INFO - Product scraped successfully: https://houseofrohl.com/tenerife-pull-down-kitchen-faucet-with-u-spout-polished-chrome-model-number-te56d1lmapc/
2026-09-22 15:55:59,935 - INFO - Opening URL: https://houseofrohl.com/tenerife-pull-down-kitchen-faucet-with-u-spout-polished-nickel-model-number-te56d1lmpn/
2026-09-22 15:56:02,616 - INFO - Product scraped successfully: https://houseofrohl.com/tenerife-pull-down-kitchen-faucet-with-u-spout-polished-nickel-model-number-te56d1lmpn/
2026-09-22 15:56:02,616 - INFO - Opening URL: https://houseofrohl.com/tenerife-pull-down-kitchen-faucet-with-u-spout-satin-nickel-model-number-te56d1lmstn/
2026-09-22 15:56:05,520 - INFO - Product scraped successfully: https://houseofrohl.com/tenerife-pull-down-kitchen-faucet-with-u-spout-satin-nickel-model-number-te56d1lmstn/
2026-09-22 15:56:05,520 - INFO - Opening URL: https://houseofrohl.com/tenerife-pull-down-kitchen-faucet-with-u-spout-vintage-gold-model-number-te56d1lmvg/
2026-09-22 15:56:08,343 - INFO - Product scraped successfully: https://houseofrohl.com/tenerife-pull-down-kitchen-faucet-with-u-spout-vintage-gold-model-number-te56d1lmvg/
2026-09-22 15:56:08,343 - INFO - Opening URL: https://houseofrohl.com/tenerife-pull-down-bar-and-food-prep-kitchen-faucet-with-c-spout-antique-gold-model-number-te65d1lmag/
2026-09-22 15:56:11,137 - INFO - Product scraped successfully: https://houseofrohl.com/tenerife-pull-down-bar-and-food-prep-kitchen-faucet-with-c-spout-antique-gold-model-number-te65d1lmag/
2026-09-22 15:56:11,137 - INFO - Opening URL: https://houseofrohl.com/tenerife-pull-down-bar-and-food-prep-kitchen-faucet-with-c-spout-matte-black-model-number-te65d1lmmb/
2026-09-22 15:56:13,855 - INFO - Product scraped successfully: https://houseofrohl.com/tenerife-pull-down-bar-and-food-prep-kitchen-faucet-with-c-spout-matte-black-model-number-te65d1lmmb/
2026-09-22 15:56:13,856 - INFO - Opening URL: https://houseofrohl.com/tenerife-pull-down-bar-and-food-prep-kitchen-faucet-with-c-spout-polished-chrome-model-number-te65d1lmapc/
2026-09-22 15:56:16,548 - INFO - Product scraped successfully: https://houseofrohl.com/tenerife-pull-down-bar-and-food-prep-kitchen-faucet-with-c-spout-polished-chrome-model-number-te65d1lmapc/
2026-09-22 15:56:16,548 - INFO - Opening URL: https://houseofrohl.com/tenerife-pull-down-bar-and-food-prep-kitchen-faucet-with-c-spout-polished-nickel-model-number-te65d1lmpn/
2026-09-22 15:56:19,194 - INFO - Product scraped successfully: https://houseofrohl.com/tenerife-pull-down-bar-and-food-prep-kitchen-faucet-with-c-spout-polished-nickel-model-number-te65d1lmpn/
2026-09-22 15:56:19,194 - INFO - Opening URL: https://houseofrohl.com/tenerife-pull-down-bar-and-food-prep-kitchen-faucet-with-c-spout-satin-nickel-model-number-te65d1lmstn/
2026-09-22 15:56:21,907 - INFO - Product scraped successfully: https://houseofrohl.com/tenerife-pull-down-bar-and-food-prep-kitchen-faucet-with-c-spout-satin-nickel-model-number-te65d1lmstn/
2026-09-22 15:56:21,907 - INFO - Opening URL: https://houseofrohl.com/tenerife-pull-down-bar-food-prep-kitchen-faucet-vintage-gold-model-number-te65d1lmvg/
2026-09-22 15:56:24,611 - INFO - Product scraped successfully: https://houseofrohl.com/tenerife-pull-down-bar-food-prep-kitchen-faucet-vintage-gold-model-number-te65d1lmvg/
2026-09-22 15:56:24,611 - INFO - Opening URL: https://houseofrohl.com/trattoria-pull-down-touchless-kitchen-faucet-with-c-spout-black-model-number-ttrd111bk/
2026-09-22 15:56:28,067 - INFO - Product scraped successfully: https://houseofrohl.com/trattoria-pull-down-touchless-kitchen-faucet-with-c-spout-black-model-number-ttrd111bk/
2026-09-22 15:56:28,067 - INFO - Opening URL: https://houseofrohl.com/trattoria-pull-down-touchless-kitchen-faucet-with-c-spout-brushed-gold-model-number-ttrd111bg/
2026-09-22 15:56:30,958 - INFO - Product scraped successfully: https://houseofrohl.com/trattoria-pull-down-touchless-kitchen-faucet-with-c-spout-brushed-gold-model-number-ttrd111bg/
2026-09-22 15:56:30,958 - INFO - Opening URL: https://houseofrohl.com/trattoria-pull-down-touchless-kitchen-faucet-with-c-spout-chrome-model-number-ttrd111c/
2026-09-22 15:56:33,723 - INFO - Product scraped successfully: https://houseofrohl.com/trattoria-pull-down-touchless-kitchen-faucet-with-c-spout-chrome-model-number-ttrd111c/
2026-09-22 15:56:33,723 - INFO - Opening URL: https://houseofrohl.com/trattoria-pull-down-touchless-kitchen-faucet-with-c-spout-stainless-steel-model-number-ttrd111ss/
2026-09-22 15:56:36,367 - INFO - Product scraped successfully: https://houseofrohl.com/trattoria-pull-down-touchless-kitchen-faucet-with-c-spout-stainless-steel-model-number-ttrd111ss/
2026-09-22 15:56:36,367 - INFO - Opening URL: https://houseofrohl.com/trattoria-pull-down-touchless-kitchen-faucet-with-c-spout-black-model-number-ttrd111bk/
2026-09-22 15:56:39,065 - INFO - Product scraped successfully: https://houseofrohl.com/trattoria-pull-down-touchless-kitchen-faucet-with-c-spout-black-model-number-ttrd111bk/
2026-09-22 15:56:39,065 - INFO - Opening URL: https://houseofrohl.com/trattoria-pull-down-touchless-kitchen-faucet-with-c-spout-brushed-gold-model-number-ttrd111bg/
2026-09-22 15:56:42,111 - INFO - Product scraped successfully: https://houseofrohl.com/trattoria-pull-down-touchless-kitchen-faucet-with-c-spout-brushed-gold-model-number-ttrd111bg/
2026-09-22 15:56:42,111 - INFO - Opening URL: https://houseofrohl.com/trattoria-pull-down-touchless-kitchen-faucet-with-c-spout-chrome-model-number-ttrd111c/
2026-09-22 15:56:44,978 - INFO - Product scraped successfully: https://houseofrohl.com/trattoria-pull-down-touchless-kitchen-faucet-with-c-spout-chrome-model-number-ttrd111c/
2026-09-22 15:56:44,978 - INFO - Opening URL: https://houseofrohl.com/trattoria-pull-down-touchless-kitchen-faucet-with-c-spout-stainless-steel-model-number-ttrd111ss/
2026-09-22 15:56:47,677 - INFO - Product scraped successfully: https://houseofrohl.com/trattoria-pull-down-touchless-kitchen-faucet-with-c-spout-stainless-steel-model-number-ttrd111ss/
2026-09-22 15:56:47,677 - INFO - Opening URL: https://houseofrohl.com/trattoria-pull-down-touchless-kitchen-faucet-with-u-spout-black-model-number-ttsq111bk/
2026-09-22 15:56:50,473 - INFO - Product scraped successfully: https://houseofrohl.com/trattoria-pull-down-touchless-kitchen-faucet-with-u-spout-black-model-number-ttsq111bk/
2026-09-22 15:56:50,473 - INFO - Opening URL: https://houseofrohl.com/trattoria-pull-down-touchless-kitchen-faucet-with-u-spout-brushed-gold-model-number-ttsq111bg/
2026-09-22 15:56:53,319 - INFO - Product scraped successfully: https://houseofrohl.com/trattoria-pull-down-touchless-kitchen-faucet-with-u-spout-brushed-gold-model-number-ttsq111bg/
2026-09-22 15:56:53,319 - INFO - Opening URL: https://houseofrohl.com/trattoria-pull-down-touchless-kitchen-faucet-with-u-spout-chrome-model-number-ttsq111c/
2026-09-22 15:56:56,235 - INFO - Product scraped successfully: https://houseofrohl.com/trattoria-pull-down-touchless-kitchen-faucet-with-u-spout-chrome-model-number-ttsq111c/
2026-09-22 15:56:56,235 - INFO - Opening URL: https://houseofrohl.com/trattoria-pull-down-touchless-kitchen-faucet-with-u-spout-stainless-steel-model-number-ttsq111ss/
2026-09-22 15:56:58,902 - INFO - Product scraped successfully: https://houseofrohl.com/trattoria-pull-down-touchless-kitchen-faucet-with-u-spout-stainless-steel-model-number-ttsq111ss/
2026-09-22 15:56:58,904 - INFO - Opening URL: https://houseofrohl.com/trattoria-pull-down-touchless-kitchen-faucet-with-u-spout-black-model-number-ttsq111bk/
2026-09-22 15:57:02,198 - INFO - Product scraped successfully: https://houseofrohl.com/trattoria-pull-down-touchless-kitchen-faucet-with-u-spout-black-model-number-ttsq111bk/
2026-09-22 15:57:02,198 - INFO - Opening URL: https://houseofrohl.com/trattoria-pull-down-touchless-kitchen-faucet-with-u-spout-brushed-gold-model-number-ttsq111bg/
2026-09-22 15:57:05,473 - INFO - Product scraped successfully: https://houseofrohl.com/trattoria-pull-down-touchless-kitchen-faucet-with-u-spout-brushed-gold-model-number-ttsq111bg/
2026-09-22 15:57:05,473 - INFO - Opening URL: https://houseofrohl.com/trattoria-pull-down-touchless-kitchen-faucet-with-u-spout-chrome-model-number-ttsq111c/
2026-09-22 15:57:08,254 - INFO - Product scraped successfully: https://houseofrohl.com/trattoria-pull-down-touchless-kitchen-faucet-with-u-spout-chrome-model-number-ttsq111c/
2026-09-22 15:57:08,254 - INFO - Opening URL: https://houseofrohl.com/trattoria-pull-down-touchless-kitchen-faucet-with-u-spout-stainless-steel-model-number-ttsq111ss/
2026-09-22 15:57:11,014 - INFO - Product scraped successfully: https://houseofrohl.com/trattoria-pull-down-touchless-kitchen-faucet-with-u-spout-stainless-steel-model-number-ttsq111ss/
2026-09-22 15:57:11,014 - INFO - Opening URL: https://houseofrohl.com/filtration-system-for-hot-water-and-kitchen-filter-faucets-model-number-u-1408/
2026-09-22 15:57:13,812 - INFO - Product scraped successfully: https://houseofrohl.com/filtration-system-for-hot-water-and-kitchen-filter-faucets-model-number-u-1408/
2026-09-22 15:57:13,812 - INFO - Opening URL: https://houseofrohl.com/armstrong-filter-kitchen-faucet-polished-chrome-model-number-u-1633ht-apc-2/
2026-09-22 15:57:18,207 - INFO - Product scraped successfully: https://houseofrohl.com/armstrong-filter-kitchen-faucet-polished-chrome-model-number-u-1633ht-apc-2/
2026-09-22 15:57:18,209 - INFO - Opening URL: https://houseofrohl.com/armstrong-filter-kitchen-faucet-polished-nickel-model-number-u-1633ht-pn-2/
2026-09-22 15:57:21,883 - INFO - Product scraped successfully: https://houseofrohl.com/armstrong-filter-kitchen-faucet-polished-nickel-model-number-u-1633ht-pn-2/
2026-09-22 15:57:21,884 - INFO - Opening URL: https://houseofrohl.com/armstrong-filter-kitchen-faucet-english-gold-model-number-u-1633ht-seg-2/
2026-09-22 15:57:24,514 - INFO - Product scraped successfully: https://houseofrohl.com/armstrong-filter-kitchen-faucet-english-gold-model-number-u-1633ht-seg-2/
2026-09-22 15:57:24,515 - INFO - Opening URL: https://houseofrohl.com/armstrong-filter-kitchen-faucet-satin-nickel-model-number-u-1633ht-stn-2/
2026-09-22 15:57:28,330 - INFO - Product scraped successfully: https://houseofrohl.com/armstrong-filter-kitchen-faucet-satin-nickel-model-number-u-1633ht-stn-2/
2026-09-22 15:57:28,330 - INFO - Opening URL: https://houseofrohl.com/armstrong-filter-kitchen-faucet-unlacquered-brass-model-number-u-1633ht-ulb-2/
2026-09-22 15:57:31,280 - INFO - Product scraped successfully: https://houseofrohl.com/armstrong-filter-kitchen-faucet-unlacquered-brass-model-number-u-1633ht-ulb-2/
2026-09-22 15:57:31,280 - INFO - Opening URL: https://houseofrohl.com/armstrong-hot-water-and-kitchen-filter-faucet-polished-chrome-model-number-u-1833ht-apc-2/
2026-09-22 15:57:33,990 - INFO - Product scraped successfully: https://houseofrohl.com/armstrong-hot-water-and-kitchen-filter-faucet-polished-chrome-model-number-u-1833ht-apc-2/
2026-09-22 15:57:33,990 - INFO - Opening URL: https://houseofrohl.com/armstrong-hot-water-and-kitchen-filter-faucet-polished-nickel-model-number-u-1833ht-pn-2/
2026-09-22 15:57:36,633 - INFO - Product scraped successfully: https://houseofrohl.com/armstrong-hot-water-and-kitchen-filter-faucet-polished-nickel-model-number-u-1833ht-pn-2/
2026-09-22 15:57:36,633 - INFO - Opening URL: https://houseofrohl.com/armstrong-hot-water-and-kitchen-filter-faucet-english-gold-model-number-u-1833ht-seg-2/
2026-09-22 15:57:39,346 - INFO - Product scraped successfully: https://houseofrohl.com/armstrong-hot-water-and-kitchen-filter-faucet-english-gold-model-number-u-1833ht-seg-2/
2026-09-22 15:57:39,346 - INFO - Opening URL: https://houseofrohl.com/armstrong-hot-water-and-kitchen-filter-faucet-satin-nickel-model-number-u-1833ht-stn-2/
2026-09-22 15:57:43,109 - INFO - Product scraped successfully: https://houseofrohl.com/armstrong-hot-water-and-kitchen-filter-faucet-satin-nickel-model-number-u-1833ht-stn-2/
2026-09-22 15:57:43,109 - INFO - Opening URL: https://houseofrohl.com/armstrong-hot-water-and-kitchen-filter-faucet-unlacquered-brass-model-number-u-1833ht-ulb-2/
2026-09-22 15:57:45,764 - INFO - Product scraped successfully: https://houseofrohl.com/armstrong-hot-water-and-kitchen-filter-faucet-unlacquered-brass-model-number-u-1833ht-ulb-2/
2026-09-22 15:57:45,764 - INFO - Opening URL: https://houseofrohl.com/holborn-pull-down-kitchen-faucet-with-u-spout-english-bronze-model-number-u-4046l-eb-2/
2026-09-22 15:57:48,697 - INFO - Product scraped successfully: https://houseofrohl.com/holborn-pull-down-kitchen-faucet-with-u-spout-english-bronze-model-number-u-4046l-eb-2/
2026-09-22 15:57:48,697 - INFO - Opening URL: https://houseofrohl.com/holborn-pull-down-kitchen-faucet-with-u-spout-english-gold-model-number-u-4046l-eg-2/
2026-09-22 15:57:51,479 - INFO - Product scraped successfully: https://houseofrohl.com/holborn-pull-down-kitchen-faucet-with-u-spout-english-gold-model-number-u-4046l-eg-2/
2026-09-22 15:57:51,479 - INFO - Opening URL: https://houseofrohl.com/holborn-pull-down-kitchen-faucet-with-u-spout-polished-chrome-model-number-u-4046l-apc-2/
2026-09-22 15:57:54,158 - INFO - Product scraped successfully: https://houseofrohl.com/holborn-pull-down-kitchen-faucet-with-u-spout-polished-chrome-model-number-u-4046l-apc-2/
2026-09-22 15:57:54,158 - INFO - Opening URL: https://houseofrohl.com/holborn-pull-down-kitchen-faucet-with-u-spout-polished-nickel-model-number-u-4046l-pn-2/
2026-09-22 15:57:56,924 - INFO - Product scraped successfully: https://houseofrohl.com/holborn-pull-down-kitchen-faucet-with-u-spout-polished-nickel-model-number-u-4046l-pn-2/
2026-09-22 15:57:56,924 - INFO - Opening URL: https://houseofrohl.com/holborn-pull-down-kitchen-faucet-with-u-spout-english-gold-model-number-u-4046l-seg-2/
2026-09-22 15:58:00,528 - INFO - Product scraped successfully: https://houseofrohl.com/holborn-pull-down-kitchen-faucet-with-u-spout-english-gold-model-number-u-4046l-seg-2/
2026-09-22 15:58:00,529 - INFO - Opening URL: https://houseofrohl.com/holborn-pull-down-kitchen-faucet-with-u-spout-satin-nickel-model-number-u-4046l-stn-2/
2026-09-22 15:58:03,851 - INFO - Product scraped successfully: https://houseofrohl.com/holborn-pull-down-kitchen-faucet-with-u-spout-satin-nickel-model-number-u-4046l-stn-2/
2026-09-22 15:58:03,851 - INFO - Opening URL: https://houseofrohl.com/holborn-pull-down-kitchen-faucet-with-u-spout-unlacquered-brass-model-number-u-4046l-ulb-2/
2026-09-22 15:58:06,622 - INFO - Product scraped successfully: https://houseofrohl.com/holborn-pull-down-kitchen-faucet-with-u-spout-unlacquered-brass-model-number-u-4046l-ulb-2/
2026-09-22 15:58:06,622 - INFO - Opening URL: https://houseofrohl.com/armstrong-pull-down-kitchen-faucet-with-u-spout-polished-chrome-model-number-u-4546ht-apc-2/
2026-09-22 15:58:10,141 - INFO - Product scraped successfully: https://houseofrohl.com/armstrong-pull-down-kitchen-faucet-with-u-spout-polished-chrome-model-number-u-4546ht-apc-2/
2026-09-22 15:58:10,141 - INFO - Opening URL: https://houseofrohl.com/armstrong-pull-down-kitchen-faucet-with-u-spout-polished-nickel-model-number-u-4546ht-pn-2/
2026-09-22 15:58:12,783 - INFO - Product scraped successfully: https://houseofrohl.com/armstrong-pull-down-kitchen-faucet-with-u-spout-polished-nickel-model-number-u-4546ht-pn-2/
2026-09-22 15:58:12,783 - INFO - Opening URL: https://houseofrohl.com/armstrong-pull-down-kitchen-faucet-with-u-spout-english-gold-model-number-u-4546ht-seg-2/
2026-09-22 15:58:15,505 - INFO - Product scraped successfully: https://houseofrohl.com/armstrong-pull-down-kitchen-faucet-with-u-spout-english-gold-model-number-u-4546ht-seg-2/
2026-09-22 15:58:15,505 - INFO - Opening URL: https://houseofrohl.com/armstrong-pull-down-kitchen-faucet-with-u-spout-satin-nickel-model-number-u-4546ht-stn-2/
2026-09-22 15:58:18,219 - INFO - Product scraped successfully: https://houseofrohl.com/armstrong-pull-down-kitchen-faucet-with-u-spout-satin-nickel-model-number-u-4546ht-stn-2/
2026-09-22 15:58:18,219 - INFO - Opening URL: https://houseofrohl.com/armstrong-pull-down-kitchen-faucet-with-u-spout-unlacquered-brass-model-number-u-4546ht-ulb-2/
2026-09-22 15:58:22,477 - INFO - Product scraped successfully: https://houseofrohl.com/armstrong-pull-down-kitchen-faucet-with-u-spout-unlacquered-brass-model-number-u-4546ht-ulb-2/
2026-09-22 15:58:22,479 - INFO - Opening URL: https://houseofrohl.com/armstrong-pull-down-bridge-kitchen-faucet-with-u-spout-polished-chrome-model-number-u-4551ht-apc-2/
2026-09-22 15:58:25,594 - INFO - Product scraped successfully: https://houseofrohl.com/armstrong-pull-down-bridge-kitchen-faucet-with-u-spout-polished-chrome-model-number-u-4551ht-apc-2/
2026-09-22 15:58:25,594 - INFO - Opening URL: https://houseofrohl.com/armstrong-pull-down-bridge-kitchen-faucet-with-u-spout-polished-nickel-model-number-u-4551ht-pn-2/
2026-09-22 15:58:28,272 - INFO - Product scraped successfully: https://houseofrohl.com/armstrong-pull-down-bridge-kitchen-faucet-with-u-spout-polished-nickel-model-number-u-4551ht-pn-2/
2026-09-22 15:58:28,272 - INFO - Opening URL: https://houseofrohl.com/armstrong-pull-down-bridge-kitchen-faucet-with-u-spout-english-gold-model-number-u-4551ht-seg-2/
2026-09-22 15:58:32,587 - INFO - Product scraped successfully: https://houseofrohl.com/armstrong-pull-down-bridge-kitchen-faucet-with-u-spout-english-gold-model-number-u-4551ht-seg-2/
2026-09-22 15:58:32,587 - INFO - Opening URL: https://houseofrohl.com/armstrong-pull-down-bridge-kitchen-faucet-with-u-spout-satin-nickel-model-number-u-4551ht-stn-2/
2026-09-22 15:58:35,272 - INFO - Product scraped successfully: https://houseofrohl.com/armstrong-pull-down-bridge-kitchen-faucet-with-u-spout-satin-nickel-model-number-u-4551ht-stn-2/
2026-09-22 15:58:35,272 - INFO - Opening URL: https://houseofrohl.com/armstrong-pull-down-bridge-kitchen-faucet-with-u-spout-unlacquered-brass-model-number-u-4551ht-ulb-2/
2026-09-22 15:58:37,926 - INFO - Product scraped successfully: https://houseofrohl.com/armstrong-pull-down-bridge-kitchen-faucet-with-u-spout-unlacquered-brass-model-number-u-4551ht-ulb-2/
2026-09-22 15:58:37,926 - INFO - Opening URL: https://houseofrohl.com/lux-c-spout-filter-faucet-antique-gold-with-metal-lever-handle-model-number-r7517ag/
2026-09-22 15:58:41,240 - INFO - Product scraped successfully: https://houseofrohl.com/lux-c-spout-filter-faucet-antique-gold-with-metal-lever-handle-model-number-r7517ag/
2026-09-22 15:58:41,240 - INFO - Opening URL: https://houseofrohl.com/lux-c-spout-filter-faucet-brushed-stainless-steel-with-metal-lever-handle-r7517sb
2026-09-22 15:58:43,982 - INFO - Product scraped successfully: https://houseofrohl.com/lux-c-spout-filter-faucet-brushed-stainless-steel-with-metal-lever-handle-r7517sb
2026-09-22 15:58:43,982 - INFO - Opening URL: https://houseofrohl.com/lux-c-spout-filter-faucet-italian-brass-with-metal-lever-handle-r7517ib
2026-09-22 15:58:47,116 - INFO - Product scraped successfully: https://houseofrohl.com/lux-c-spout-filter-faucet-italian-brass-with-metal-lever-handle-r7517ib
2026-09-22 15:58:47,116 - INFO - Opening URL: https://houseofrohl.com/lux-c-spout-filter-faucet-matte-black-with-metal-lever-handle-r7517mb/
2026-09-22 15:58:50,676 - INFO - Product scraped successfully: https://houseofrohl.com/lux-c-spout-filter-faucet-matte-black-with-metal-lever-handle-r7517mb/
2026-09-22 15:58:50,676 - INFO - Opening URL: https://houseofrohl.com/lux-c-spout-filter-faucet-polished-chrome-with-metal-lever-handle-r7517apc/
2026-09-22 15:58:53,452 - INFO - Product scraped successfully: https://houseofrohl.com/lux-c-spout-filter-faucet-polished-chrome-with-metal-lever-handle-r7517apc/
2026-09-22 15:58:53,453 - INFO - Opening URL: https://houseofrohl.com/lux-c-spout-filter-faucet-polished-nickel-with-metal-lever-handle-r7517pn/
2026-09-22 15:58:56,257 - INFO - Product scraped successfully: https://houseofrohl.com/lux-c-spout-filter-faucet-polished-nickel-with-metal-lever-handle-r7517pn/
2026-09-22 15:58:56,257 - INFO - Opening URL: https://houseofrohl.com/lux-c-spout-filter-faucet-satin-gold-with-metal-lever-handle-model-number-r7517sg/
2026-09-22 15:58:58,952 - INFO - Product scraped successfully: https://houseofrohl.com/lux-c-spout-filter-faucet-satin-gold-with-metal-lever-handle-model-number-r7517sg/
2026-09-22 15:58:58,953 - INFO - Opening URL: https://houseofrohl.com/lux-c-spout-filter-faucet-satin-nickel-with-metal-lever-handle-r7517stn/
2026-09-22 15:59:02,383 - INFO - Product scraped successfully: https://houseofrohl.com/lux-c-spout-filter-faucet-satin-nickel-with-metal-lever-handle-r7517stn/
2026-09-22 15:59:02,383 - INFO - Opening URL: https://houseofrohl.com/lux-c-spout-filter-faucet-unlacquered-brass-with-metal-lever-handle-model-number-r7517ulb/
2026-09-22 15:59:05,062 - INFO - Product scraped successfully: https://houseofrohl.com/lux-c-spout-filter-faucet-unlacquered-brass-with-metal-lever-handle-model-number-r7517ulb/
2026-09-22 15:59:05,064 - INFO - Opening URL: https://houseofrohl.com/lux-filter-kitchen-faucet-vintage-gold-model-number-r7517vg/
2026-09-22 15:59:08,221 - INFO - Product scraped successfully: https://houseofrohl.com/lux-filter-kitchen-faucet-vintage-gold-model-number-r7517vg/
2026-09-22 15:59:08,223 - INFO - Opening URL: https://houseofrohl.com/lux-pull-down-kitchen-faucet-antique-gold-model-number-r7520ag/
2026-09-22 15:59:10,959 - INFO - Product scraped successfully: https://houseofrohl.com/lux-pull-down-kitchen-faucet-antique-gold-model-number-r7520ag/
2026-09-22 15:59:10,959 - INFO - Opening URL: https://houseofrohl.com/lux-side-handle-stainless-steel-pulldown-kitchen-faucet-brushed-stainless-steel-with-lever-handle-r7520sb
2026-09-22 15:59:13,693 - INFO - Product scraped successfully: https://houseofrohl.com/lux-side-handle-stainless-steel-pulldown-kitchen-faucet-brushed-stainless-steel-with-lever-handle-r7520sb
2026-09-22 15:59:13,693 - INFO - Opening URL: https://houseofrohl.com/lux-side-handle-stainless-steel-pulldown-kitchen-faucet-matte-black-with-lever-handle-r7520mb/
2026-09-22 15:59:16,474 - INFO - Product scraped successfully: https://houseofrohl.com/lux-side-handle-stainless-steel-pulldown-kitchen-faucet-matte-black-with-lever-handle-r7520mb/
2026-09-22 15:59:16,474 - INFO - Opening URL: https://houseofrohl.com/lux-side-handle-stainless-steel-pulldown-kitchen-faucet-polished-chrome-with-lever-handle-r7520apc/
2026-09-22 15:59:19,104 - INFO - Product scraped successfully: https://houseofrohl.com/lux-side-handle-stainless-steel-pulldown-kitchen-faucet-polished-chrome-with-lever-handle-r7520apc/
2026-09-22 15:59:19,104 - INFO - Opening URL: https://houseofrohl.com/lux-side-handle-stainless-steel-pulldown-kitchen-faucet-polished-nickel-with-lever-handle-r7520pn/
2026-09-22 15:59:21,965 - INFO - Product scraped successfully: https://houseofrohl.com/lux-side-handle-stainless-steel-pulldown-kitchen-faucet-polished-nickel-with-lever-handle-r7520pn/
2026-09-22 15:59:21,965 - INFO - Opening URL: https://houseofrohl.com/lux-side-handle-stainless-steel-pulldown-kitchen-faucet-satin-nickel-with-lever-handle-r7520stn/
2026-09-22 15:59:24,782 - INFO - Product scraped successfully: https://houseofrohl.com/lux-side-handle-stainless-steel-pulldown-kitchen-faucet-satin-nickel-with-lever-handle-r7520stn/
2026-09-22 15:59:24,782 - INFO - Opening URL: https://houseofrohl.com/lux-pull-down-kitchen-faucet-vintage-gold-model-number-r7520vg/
2026-09-22 15:59:27,421 - INFO - Product scraped successfully: https://houseofrohl.com/lux-pull-down-kitchen-faucet-vintage-gold-model-number-r7520vg/
2026-09-22 15:59:27,421 - INFO - Opening URL: https://houseofrohl.com/lux-pull-down-bar-food-prep-kitchen-faucet-antique-gold-model-number-r7519ag/
2026-09-22 15:59:31,311 - INFO - Product scraped successfully: https://houseofrohl.com/lux-pull-down-bar-food-prep-kitchen-faucet-antique-gold-model-number-r7519ag/
2026-09-22 15:59:31,311 - INFO - Opening URL: https://houseofrohl.com/lux-side-handle-bar-and-food-prep-stainless-steel-pulldown-faucet-brushed-stainless-steel-with-lever-handle-r7519sb
2026-09-22 15:59:34,102 - INFO - Product scraped successfully: https://houseofrohl.com/lux-side-handle-bar-and-food-prep-stainless-steel-pulldown-faucet-brushed-stainless-steel-with-lever-handle-r7519sb
2026-09-22 15:59:34,102 - INFO - Opening URL: https://houseofrohl.com/lux-side-handle-bar-and-food-prep-stainless-steel-pulldown-faucet-matte-black-with-lever-handle-r7519mb/
2026-09-22 15:59:36,788 - INFO - Product scraped successfully: https://houseofrohl.com/lux-side-handle-bar-and-food-prep-stainless-steel-pulldown-faucet-matte-black-with-lever-handle-r7519mb/
2026-09-22 15:59:36,788 - INFO - Opening URL: https://houseofrohl.com/lux-side-handle-bar-and-food-prep-stainless-steel-pulldown-faucet-polished-chrome-with-lever-handle-r7519apc/
2026-09-22 15:59:39,480 - INFO - Product scraped successfully: https://houseofrohl.com/lux-side-handle-bar-and-food-prep-stainless-steel-pulldown-faucet-polished-chrome-with-lever-handle-r7519apc/
2026-09-22 15:59:39,480 - INFO - Opening URL: https://houseofrohl.com/lux-side-handle-bar-and-food-prep-stainless-steel-pulldown-faucet-polished-nickel-with-lever-handle-r7519pn/
2026-09-22 15:59:42,430 - INFO - Product scraped successfully: https://houseofrohl.com/lux-side-handle-bar-and-food-prep-stainless-steel-pulldown-faucet-polished-nickel-with-lever-handle-r7519pn/
2026-09-22 15:59:42,430 - INFO - Opening URL: https://houseofrohl.com/lux-side-handle-bar-and-food-prep-stainless-steel-pulldown-faucet-satin-nickel-with-lever-handle-r7519stn/
2026-09-22 15:59:45,128 - INFO - Product scraped successfully: https://houseofrohl.com/lux-side-handle-bar-and-food-prep-stainless-steel-pulldown-faucet-satin-nickel-with-lever-handle-r7519stn/
2026-09-22 15:59:45,128 - INFO - Opening URL: https://houseofrohl.com/lux-pull-down-bar-food-prep-kitchen-faucet-vintage-gold-model-number-r7519vg/
2026-09-22 15:59:47,762 - INFO - Product scraped successfully: https://houseofrohl.com/lux-pull-down-bar-food-prep-kitchen-faucet-vintage-gold-model-number-r7519vg/
2026-09-22 15:59:47,763 - INFO - Opening URL: https://houseofrohl.com/lux-pre-rinse-kitchen-faucet-antique-gold-model-number-r7521ag/
2026-09-22 15:59:51,714 - INFO - Product scraped successfully: https://houseofrohl.com/lux-pre-rinse-kitchen-faucet-antique-gold-model-number-r7521ag/
2026-09-22 15:59:51,714 - INFO - Opening URL: https://houseofrohl.com/lux-side-handle-stainless-steel-pro-pulldown-kitchen-faucet-brushed-stainless-steel-with-lever-handle-r7521sb
2026-09-22 15:59:54,542 - INFO - Product scraped successfully: https://houseofrohl.com/lux-side-handle-stainless-steel-pro-pulldown-kitchen-faucet-brushed-stainless-steel-with-lever-handle-r7521sb
2026-09-22 15:59:54,542 - INFO - Opening URL: https://houseofrohl.com/lux-side-handle-stainless-steel-pro-pulldown-kitchen-faucet-matte-black-with-lever-handle-r7521mb/
2026-09-22 15:59:57,255 - INFO - Product scraped successfully: https://houseofrohl.com/lux-side-handle-stainless-steel-pro-pulldown-kitchen-faucet-matte-black-with-lever-handle-r7521mb/
2026-09-22 15:59:57,255 - INFO - Opening URL: https://houseofrohl.com/lux-side-handle-stainless-steel-pro-pulldown-kitchen-faucet-polished-chrome-with-lever-handle-r7521apc/
2026-09-22 15:59:59,978 - INFO - Product scraped successfully: https://houseofrohl.com/lux-side-handle-stainless-steel-pro-pulldown-kitchen-faucet-polished-chrome-with-lever-handle-r7521apc/
2026-09-22 15:59:59,978 - INFO - Opening URL: https://houseofrohl.com/lux-side-handle-stainless-steel-pro-pulldown-kitchen-faucet-polished-nickel-with-lever-handle-r7521pn/
2026-09-22 16:00:02,651 - INFO - Product scraped successfully: https://houseofrohl.com/lux-side-handle-stainless-steel-pro-pulldown-kitchen-faucet-polished-nickel-with-lever-handle-r7521pn/
2026-09-22 16:00:02,651 - INFO - Opening URL: https://houseofrohl.com/lux-side-handle-stainless-steel-pro-pulldown-kitchen-faucet-satin-nickel-with-lever-handle-r7521stn/
2026-09-22 16:00:05,385 - INFO - Product scraped successfully: https://houseofrohl.com/lux-side-handle-stainless-steel-pro-pulldown-kitchen-faucet-satin-nickel-with-lever-handle-r7521stn/
2026-09-22 16:00:05,385 - INFO - Opening URL: https://houseofrohl.com/lux-pre-rinse-kitchen-faucet-vintage-gold-model-number-r7521vg/
2026-09-22 16:00:08,104 - INFO - Product scraped successfully: https://houseofrohl.com/lux-pre-rinse-kitchen-faucet-vintage-gold-model-number-r7521vg/
2026-09-22 16:00:08,104 - INFO - Opening URL: https://houseofrohl.com/lux-c-spout-filter-faucet-antique-gold-with-metal-lever-handle-model-number-rkit7517ag/
2026-09-22 16:00:10,891 - INFO - Product scraped successfully: https://houseofrohl.com/lux-c-spout-filter-faucet-antique-gold-with-metal-lever-handle-model-number-rkit7517ag/
2026-09-22 16:00:10,891 - INFO - Opening URL: https://houseofrohl.com/lux-c-spout-filter-faucet-brushed-stainless-steel-with-metal-lever-handle-rkit7517sb
2026-09-22 16:00:13,762 - INFO - Product scraped successfully: https://houseofrohl.com/lux-c-spout-filter-faucet-brushed-stainless-steel-with-metal-lever-handle-rkit7517sb
2026-09-22 16:00:13,763 - INFO - Opening URL: https://houseofrohl.com/lux-c-spout-filter-faucet-italian-brass-with-metal-lever-handle-rkit7517ib
2026-09-22 16:00:16,544 - INFO - Product scraped successfully: https://houseofrohl.com/lux-c-spout-filter-faucet-italian-brass-with-metal-lever-handle-rkit7517ib
2026-09-22 16:00:16,544 - INFO - Opening URL: https://houseofrohl.com/lux-c-spout-filter-faucet-matte-black-with-metal-lever-handle-rkit7517mb/
2026-09-22 16:00:19,220 - INFO - Product scraped successfully: https://houseofrohl.com/lux-c-spout-filter-faucet-matte-black-with-metal-lever-handle-rkit7517mb/
2026-09-22 16:00:19,220 - INFO - Opening URL: https://houseofrohl.com/lux-c-spout-filter-faucet-polished-chrome-with-metal-lever-handle-rkit7517apc/
2026-09-22 16:00:22,060 - INFO - Product scraped successfully: https://houseofrohl.com/lux-c-spout-filter-faucet-polished-chrome-with-metal-lever-handle-rkit7517apc/
2026-09-22 16:00:22,060 - INFO - Opening URL: https://houseofrohl.com/lux-c-spout-filter-faucet-polished-nickel-with-metal-lever-handle-rkit7517pn/
2026-09-22 16:00:24,831 - INFO - Product scraped successfully: https://houseofrohl.com/lux-c-spout-filter-faucet-polished-nickel-with-metal-lever-handle-rkit7517pn/
2026-09-22 16:00:24,831 - INFO - Opening URL: https://houseofrohl.com/lux-c-spout-filter-faucet-satin-gold-with-metal-lever-handle-model-number-rkit7517sg/
2026-09-22 16:00:28,335 - INFO - Product scraped successfully: https://houseofrohl.com/lux-c-spout-filter-faucet-satin-gold-with-metal-lever-handle-model-number-rkit7517sg/
2026-09-22 16:00:28,335 - INFO - Opening URL: https://houseofrohl.com/lux-c-spout-filter-faucet-satin-nickel-with-metal-lever-handle-rkit7517stn/
2026-09-22 16:00:31,065 - INFO - Product scraped successfully: https://houseofrohl.com/lux-c-spout-filter-faucet-satin-nickel-with-metal-lever-handle-rkit7517stn/
2026-09-22 16:00:31,065 - INFO - Opening URL: https://houseofrohl.com/lux-c-spout-filter-faucet-unlacquered-brass-with-metal-lever-handle-model-number-rkit7517ulb/
2026-09-22 16:00:33,787 - INFO - Product scraped successfully: https://houseofrohl.com/lux-c-spout-filter-faucet-unlacquered-brass-with-metal-lever-handle-model-number-rkit7517ulb/
2026-09-22 16:00:33,787 - INFO - Opening URL: https://houseofrohl.com/lux-filter-kitchen-faucet-kit-vintage-gold-model-number-rkit7517vg/
2026-09-22 16:00:36,512 - INFO - Product scraped successfully: https://houseofrohl.com/lux-filter-kitchen-faucet-kit-vintage-gold-model-number-rkit7517vg/
2026-09-22 16:00:36,512 - INFO - Opening URL: https://houseofrohl.com/apothecary-pull-down-touchless-kitchen-faucet-antique-gold-ap53d1lmag/
2026-09-22 16:00:39,261 - INFO - Product scraped successfully: https://houseofrohl.com/apothecary-pull-down-touchless-kitchen-faucet-antique-gold-ap53d1lmag/
2026-09-22 16:00:39,261 - INFO - Opening URL: https://houseofrohl.com/apothecary-pull-down-touchless-kitchen-faucet-matte-black-ap53d1lmmb/
2026-09-22 16:00:42,480 - INFO - Product scraped successfully: https://houseofrohl.com/apothecary-pull-down-touchless-kitchen-faucet-matte-black-ap53d1lmmb/
2026-09-22 16:00:42,480 - INFO - Opening URL: https://houseofrohl.com/apothecary-pull-down-touchless-kitchen-faucet-polished-chrome-ap53d1lmapc/
2026-09-22 16:00:45,263 - INFO - Product scraped successfully: https://houseofrohl.com/apothecary-pull-down-touchless-kitchen-faucet-polished-chrome-ap53d1lmapc/
2026-09-22 16:00:45,263 - INFO - Opening URL: https://houseofrohl.com/apothecary-pull-down-touchless-kitchen-faucet-polished-nickel-ap53d1lmpn/
2026-09-22 16:00:48,035 - INFO - Product scraped successfully: https://houseofrohl.com/apothecary-pull-down-touchless-kitchen-faucet-polished-nickel-ap53d1lmpn/
2026-09-22 16:00:48,035 - INFO - Opening URL: https://houseofrohl.com/apothecary-pull-down-touchless-kitchen-faucet-satin-nickel-ap53d1lmstn/
2026-09-22 16:00:50,786 - INFO - Product scraped successfully: https://houseofrohl.com/apothecary-pull-down-touchless-kitchen-faucet-satin-nickel-ap53d1lmstn/
2026-09-22 16:00:50,786 - INFO - Opening URL: https://houseofrohl.com/apothecary-pull-down-touchless-kitchen-faucet-unlacquered-brass-ap53d1lmulb/
2026-09-22 16:00:53,448 - INFO - Product scraped successfully: https://houseofrohl.com/apothecary-pull-down-touchless-kitchen-faucet-unlacquered-brass-ap53d1lmulb/
2026-09-22 16:00:53,448 - INFO - Opening URL: https://houseofrohl.com/apothecary-pull-down-touchless-kitchen-faucet-vintage-gold-model-number-ap53d1lmvg/
2026-09-22 16:00:56,727 - INFO - Product scraped successfully: https://houseofrohl.com/apothecary-pull-down-touchless-kitchen-faucet-vintage-gold-model-number-ap53d1lmvg/
2026-09-22 16:00:56,727 - INFO - Opening URL: https://houseofrohl.com/apothecary-pull-down-kitchen-faucet-with-c-spout-antique-gold-ap55d1lmag/
2026-09-22 16:00:59,623 - INFO - Product scraped successfully: https://houseofrohl.com/apothecary-pull-down-kitchen-faucet-with-c-spout-antique-gold-ap55d1lmag/
2026-09-22 16:00:59,623 - INFO - Opening URL: https://houseofrohl.com/apothecary-pull-down-kitchen-faucet-with-c-spout-matte-black-ap55d1lmmb/
2026-09-22 16:01:02,386 - INFO - Product scraped successfully: https://houseofrohl.com/apothecary-pull-down-kitchen-faucet-with-c-spout-matte-black-ap55d1lmmb/
2026-09-22 16:01:02,386 - INFO - Opening URL: https://houseofrohl.com/apothecary-pull-down-kitchen-faucet-with-c-spout-polished-chrome-ap55d1lmapc/
2026-09-22 16:01:05,430 - INFO - Product scraped successfully: https://houseofrohl.com/apothecary-pull-down-kitchen-faucet-with-c-spout-polished-chrome-ap55d1lmapc/
2026-09-22 16:01:05,431 - INFO - Opening URL: https://houseofrohl.com/apothecary-pull-down-kitchen-faucet-with-c-spout-polished-nickel-ap55d1lmpn/
2026-09-22 16:01:08,204 - INFO - Product scraped successfully: https://houseofrohl.com/apothecary-pull-down-kitchen-faucet-with-c-spout-polished-nickel-ap55d1lmpn/
2026-09-22 16:01:08,204 - INFO - Opening URL: https://houseofrohl.com/apothecary-pull-down-kitchen-faucet-with-c-spout-satin-nickel-ap55d1lmstn/
2026-09-22 16:01:10,988 - INFO - Product scraped successfully: https://houseofrohl.com/apothecary-pull-down-kitchen-faucet-with-c-spout-satin-nickel-ap55d1lmstn/
2026-09-22 16:01:10,988 - INFO - Opening URL: https://houseofrohl.com/apothecary-pull-down-kitchen-faucet-with-c-spout-unlacquered-brass-ap55d1lmulb/
2026-09-22 16:01:15,298 - INFO - Product scraped successfully: https://houseofrohl.com/apothecary-pull-down-kitchen-faucet-with-c-spout-unlacquered-brass-ap55d1lmulb/
2026-09-22 16:01:15,298 - INFO - Opening URL: https://houseofrohl.com/apothecary-pull-down-kitchen-faucet-with-c-spout-vintage-gold-model-number-ap55d1lmvg/
2026-09-22 16:01:19,348 - INFO - Product scraped successfully: https://houseofrohl.com/apothecary-pull-down-kitchen-faucet-with-c-spout-vintage-gold-model-number-ap55d1lmvg/
2026-09-22 16:01:19,348 - INFO - Opening URL: https://houseofrohl.com/apothecary-pull-down-kitchen-faucet-with-u-spout-antique-gold-ap56d1lmag/
2026-09-22 16:01:22,141 - INFO - Product scraped successfully: https://houseofrohl.com/apothecary-pull-down-kitchen-faucet-with-u-spout-antique-gold-ap56d1lmag/
2026-09-22 16:01:22,141 - INFO - Opening URL: https://houseofrohl.com/apothecary-pull-down-kitchen-faucet-with-u-spout-matte-black-ap56d1lmmb/
2026-09-22 16:01:24,851 - INFO - Product scraped successfully: https://houseofrohl.com/apothecary-pull-down-kitchen-faucet-with-u-spout-matte-black-ap56d1lmmb/
2026-09-22 16:01:24,851 - INFO - Opening URL: https://houseofrohl.com/apothecary-pull-down-kitchen-faucet-with-u-spout-polished-chrome-ap56d1lmapc/
2026-09-22 16:01:27,531 - INFO - Product scraped successfully: https://houseofrohl.com/apothecary-pull-down-kitchen-faucet-with-u-spout-polished-chrome-ap56d1lmapc/
2026-09-22 16:01:27,531 - INFO - Opening URL: https://houseofrohl.com/apothecary-pull-down-kitchen-faucet-with-u-spout-polished-nickel-ap56d1lmpn/
2026-09-22 16:01:30,231 - INFO - Product scraped successfully: https://houseofrohl.com/apothecary-pull-down-kitchen-faucet-with-u-spout-polished-nickel-ap56d1lmpn/
2026-09-22 16:01:30,231 - INFO - Opening URL: https://houseofrohl.com/apothecary-pull-down-kitchen-faucet-with-u-spout-satin-nickel-ap56d1lmstn/
2026-09-22 16:01:33,985 - INFO - Product scraped successfully: https://houseofrohl.com/apothecary-pull-down-kitchen-faucet-with-u-spout-satin-nickel-ap56d1lmstn/
2026-09-22 16:01:33,985 - INFO - Opening URL: https://houseofrohl.com/apothecary-pull-down-kitchen-faucet-with-u-spout-unlacquered-brass-ap56d1lmulb/
2026-09-22 16:01:37,851 - INFO - Product scraped successfully: https://houseofrohl.com/apothecary-pull-down-kitchen-faucet-with-u-spout-unlacquered-brass-ap56d1lmulb/
2026-09-22 16:01:37,852 - INFO - Opening URL: https://houseofrohl.com/apothecary-pull-down-kitchen-faucet-with-u-spout-vintage-gold-model-number-ap56d1lmvg/
2026-09-22 16:01:40,532 - INFO - Product scraped successfully: https://houseofrohl.com/apothecary-pull-down-kitchen-faucet-with-u-spout-vintage-gold-model-number-ap56d1lmvg/
2026-09-22 16:01:40,532 - INFO - Opening URL: https://houseofrohl.com/apothecary-pre-rinse-infinite-control-kitchen-faucet-matte-black-ap59d1lmmb/
2026-09-22 16:01:43,820 - INFO - Product scraped successfully: https://houseofrohl.com/apothecary-pre-rinse-infinite-control-kitchen-faucet-matte-black-ap59d1lmmb/
2026-09-22 16:01:43,820 - INFO - Opening URL: https://houseofrohl.com/apothecary-pre-rinse-infinite-control-kitchen-faucet-polished-chrome-ap59d1lmapc/
2026-09-22 16:01:46,969 - INFO - Product scraped successfully: https://houseofrohl.com/apothecary-pre-rinse-infinite-control-kitchen-faucet-polished-chrome-ap59d1lmapc/
2026-09-22 16:01:46,969 - INFO - Opening URL: https://houseofrohl.com/apothecary-pre-rinse-infinite-control-kitchen-faucet-polished-nickel-ap59d1lmpn/
2026-09-22 16:01:49,627 - INFO - Product scraped successfully: https://houseofrohl.com/apothecary-pre-rinse-infinite-control-kitchen-faucet-polished-nickel-ap59d1lmpn/
2026-09-22 16:01:49,627 - INFO - Opening URL: https://houseofrohl.com/apothecary-pre-rinse-infinite-control-kitchen-faucet-satin-nickel-ap59d1lmstn/
2026-09-22 16:01:52,847 - INFO - Product scraped successfully: https://houseofrohl.com/apothecary-pre-rinse-infinite-control-kitchen-faucet-satin-nickel-ap59d1lmstn/
2026-09-22 16:01:52,847 - INFO - Opening URL: https://houseofrohl.com/apothecary-bar-food-prep-kitchen-faucet-antique-gold-ap60d1lmag/
2026-09-22 16:01:55,699 - INFO - Product scraped successfully: https://houseofrohl.com/apothecary-bar-food-prep-kitchen-faucet-antique-gold-ap60d1lmag/
2026-09-22 16:01:55,699 - INFO - Opening URL: https://houseofrohl.com/apothecary-bar-food-prep-kitchen-faucet-matte-black-ap60d1lmmb/
2026-09-22 16:01:58,691 - INFO - Product scraped successfully: https://houseofrohl.com/apothecary-bar-food-prep-kitchen-faucet-matte-black-ap60d1lmmb/
2026-09-22 16:01:58,691 - INFO - Opening URL: https://houseofrohl.com/apothecary-bar-food-prep-kitchen-faucet-polished-chrome-ap60d1lmapc/
2026-09-22 16:02:01,659 - INFO - Product scraped successfully: https://houseofrohl.com/apothecary-bar-food-prep-kitchen-faucet-polished-chrome-ap60d1lmapc/
2026-09-22 16:02:01,659 - INFO - Opening URL: https://houseofrohl.com/apothecary-bar-food-prep-kitchen-faucet-polished-nickel-ap60d1lmpn/
2026-09-22 16:02:04,744 - INFO - Product scraped successfully: https://houseofrohl.com/apothecary-bar-food-prep-kitchen-faucet-polished-nickel-ap60d1lmpn/
2026-09-22 16:02:04,744 - INFO - Opening URL: https://houseofrohl.com/apothecary-bar-food-prep-kitchen-faucet-satin-nickel-ap60d1lmstn/
2026-09-22 16:02:08,040 - INFO - Product scraped successfully: https://houseofrohl.com/apothecary-bar-food-prep-kitchen-faucet-satin-nickel-ap60d1lmstn/
2026-09-22 16:02:08,040 - INFO - Opening URL: https://houseofrohl.com/apothecary-bar-food-prep-kitchen-faucet-unlacquered-brass-ap60d1lmulb/
2026-09-22 16:02:11,315 - INFO - Product scraped successfully: https://houseofrohl.com/apothecary-bar-food-prep-kitchen-faucet-unlacquered-brass-ap60d1lmulb/
2026-09-22 16:02:11,315 - INFO - Opening URL: https://houseofrohl.com/apothecary-bar-food-prep-kitchen-faucet-vintage-gold-model-number-ap60d1lmvg/
2026-09-22 16:02:19,091 - INFO - Product scraped successfully: https://houseofrohl.com/apothecary-bar-food-prep-kitchen-faucet-vintage-gold-model-number-ap60d1lmvg/
2026-09-22 16:02:19,091 - INFO - Opening URL: https://houseofrohl.com/apothecary-pull-down-bar-food-prep-kitchen-faucet-antique-gold-ap65d1lmag/
2026-09-22 16:02:22,123 - INFO - Product scraped successfully: https://houseofrohl.com/apothecary-pull-down-bar-food-prep-kitchen-faucet-antique-gold-ap65d1lmag/
2026-09-22 16:02:22,123 - INFO - Opening URL: https://houseofrohl.com/apothecary-pull-down-bar-food-prep-kitchen-faucet-matte-black-ap65d1lmmb/
2026-09-22 16:02:24,923 - INFO - Product scraped successfully: https://houseofrohl.com/apothecary-pull-down-bar-food-prep-kitchen-faucet-matte-black-ap65d1lmmb/
2026-09-22 16:02:24,923 - INFO - Opening URL: https://houseofrohl.com/apothecary-pull-down-bar-food-prep-kitchen-faucet-polished-chrome-ap65d1lmapc/
2026-09-22 16:02:29,331 - INFO - Product scraped successfully: https://houseofrohl.com/apothecary-pull-down-bar-food-prep-kitchen-faucet-polished-chrome-ap65d1lmapc/
2026-09-22 16:02:29,331 - INFO - Opening URL: https://houseofrohl.com/apothecary-pull-down-bar-food-prep-kitchen-faucet-polished-nickel-ap65d1lmpn/
2026-09-22 16:02:32,160 - INFO - Product scraped successfully: https://houseofrohl.com/apothecary-pull-down-bar-food-prep-kitchen-faucet-polished-nickel-ap65d1lmpn/
2026-09-22 16:02:32,160 - INFO - Opening URL: https://houseofrohl.com/apothecary-pull-down-bar-food-prep-kitchen-faucet-satin-nickel-ap65d1lmstn/
2026-09-22 16:02:34,823 - INFO - Product scraped successfully: https://houseofrohl.com/apothecary-pull-down-bar-food-prep-kitchen-faucet-satin-nickel-ap65d1lmstn/
2026-09-22 16:02:34,823 - INFO - Opening URL: https://houseofrohl.com/apothecary-pull-down-bar-food-prep-kitchen-faucet-unlacquered-brass-ap65d1lmulb/
2026-09-22 16:02:37,449 - INFO - Product scraped successfully: https://houseofrohl.com/apothecary-pull-down-bar-food-prep-kitchen-faucet-unlacquered-brass-ap65d1lmulb/
2026-09-22 16:02:37,450 - INFO - Opening URL: https://houseofrohl.com/apothecary-pull-down-bar-food-prep-kitchen-faucet-vintage-gold-model-number-ap65d1lmvg/
2026-09-22 16:02:41,315 - INFO - Product scraped successfully: https://houseofrohl.com/apothecary-pull-down-bar-food-prep-kitchen-faucet-vintage-gold-model-number-ap65d1lmvg/
2026-09-22 16:02:41,315 - INFO - Opening URL: https://houseofrohl.com/apothecary-filter-kitchen-faucet-antique-gold-ap70d1lmag/
2026-09-22 16:02:44,587 - INFO - Product scraped successfully: https://houseofrohl.com/apothecary-filter-kitchen-faucet-antique-gold-ap70d1lmag/
2026-09-22 16:02:44,587 - INFO - Opening URL: https://houseofrohl.com/apothecary-filter-kitchen-faucet-matte-black-ap70d1lmmb/
2026-09-22 16:02:47,474 - INFO - Product scraped successfully: https://houseofrohl.com/apothecary-filter-kitchen-faucet-matte-black-ap70d1lmmb/
2026-09-22 16:02:47,474 - INFO - Opening URL: https://houseofrohl.com/apothecary-filter-kitchen-faucet-polished-chrome-ap70d1lmapc/
2026-09-22 16:02:50,229 - INFO - Product scraped successfully: https://houseofrohl.com/apothecary-filter-kitchen-faucet-polished-chrome-ap70d1lmapc/
2026-09-22 16:02:50,229 - INFO - Opening URL: https://houseofrohl.com/apothecary-filter-kitchen-faucet-polished-nickel-ap70d1lmpn/
2026-09-22 16:02:53,130 - INFO - Product scraped successfully: https://houseofrohl.com/apothecary-filter-kitchen-faucet-polished-nickel-ap70d1lmpn/
2026-09-22 16:02:53,130 - INFO - Opening URL: https://houseofrohl.com/apothecary-filter-kitchen-faucet-satin-nickel-ap70d1lmstn/
2026-09-22 16:02:56,282 - INFO - Product scraped successfully: https://houseofrohl.com/apothecary-filter-kitchen-faucet-satin-nickel-ap70d1lmstn/
2026-09-22 16:02:56,282 - INFO - Opening URL: https://houseofrohl.com/apothecary-filter-kitchen-faucet-unlacquered-brass-ap70d1lmulb/
2026-09-22 16:02:59,963 - INFO - Product scraped successfully: https://houseofrohl.com/apothecary-filter-kitchen-faucet-unlacquered-brass-ap70d1lmulb/
2026-09-22 16:02:59,963 - INFO - Opening URL: https://houseofrohl.com/apothecary-filter-kitchen-faucet-vintage-gold-model-number-ap70d1lmvg/
2026-09-22 16:03:03,761 - INFO - Product scraped successfully: https://houseofrohl.com/apothecary-filter-kitchen-faucet-vintage-gold-model-number-ap70d1lmvg/
2026-09-22 16:03:03,761 - INFO - Opening URL: https://houseofrohl.com/azure-pull-down-kitchen-faucet-with-u-spout-black-azsq201bk/
2026-09-22 16:03:06,946 - INFO - Product scraped successfully: https://houseofrohl.com/azure-pull-down-kitchen-faucet-with-u-spout-black-azsq201bk/
2026-09-22 16:03:06,947 - INFO - Opening URL: https://houseofrohl.com/azure-pull-down-kitchen-faucet-with-u-spout-brushed-gold-azsq201bg/
2026-09-22 16:03:10,241 - INFO - Product scraped successfully: https://houseofrohl.com/azure-pull-down-kitchen-faucet-with-u-spout-brushed-gold-azsq201bg/
2026-09-22 16:03:10,241 - INFO - Opening URL: https://houseofrohl.com/azure-pull-down-kitchen-faucet-with-u-spout-chrome-azsq201c/
2026-09-22 16:03:13,280 - INFO - Product scraped successfully: https://houseofrohl.com/azure-pull-down-kitchen-faucet-with-u-spout-chrome-azsq201c/
2026-09-22 16:03:13,280 - INFO - Opening URL: https://houseofrohl.com/azure-pull-down-kitchen-faucet-with-u-spout-polished-nickel-azsq201pn/
2026-09-22 16:03:16,119 - INFO - Product scraped successfully: https://houseofrohl.com/azure-pull-down-kitchen-faucet-with-u-spout-polished-nickel-azsq201pn/
2026-09-22 16:03:16,119 - INFO - Opening URL: https://houseofrohl.com/azure-pull-down-kitchen-faucet-with-u-spout-stainless-steel-azsq201ss/
2026-09-22 16:03:19,443 - INFO - Product scraped successfully: https://houseofrohl.com/azure-pull-down-kitchen-faucet-with-u-spout-stainless-steel-azsq201ss/
2026-09-22 16:03:19,443 - INFO - Opening URL: https://houseofrohl.com/azure-pull-down-kitchen-faucet-with-u-spout-black-azsq201bk/
2026-09-22 16:03:22,147 - INFO - Product scraped successfully: https://houseofrohl.com/azure-pull-down-kitchen-faucet-with-u-spout-black-azsq201bk/
2026-09-22 16:03:22,147 - INFO - Opening URL: https://houseofrohl.com/azure-pull-down-kitchen-faucet-with-u-spout-brushed-gold-azsq201bg/
2026-09-22 16:03:25,162 - INFO - Product scraped successfully: https://houseofrohl.com/azure-pull-down-kitchen-faucet-with-u-spout-brushed-gold-azsq201bg/
2026-09-22 16:03:25,162 - INFO - Opening URL: https://houseofrohl.com/azure-pull-down-kitchen-faucet-with-u-spout-chrome-azsq201c/
2026-09-22 16:03:28,502 - INFO - Product scraped successfully: https://houseofrohl.com/azure-pull-down-kitchen-faucet-with-u-spout-chrome-azsq201c/
2026-09-22 16:03:28,502 - INFO - Opening URL: https://houseofrohl.com/azure-pull-down-kitchen-faucet-with-u-spout-polished-nickel-azsq201pn/
2026-09-22 16:03:31,364 - INFO - Product scraped successfully: https://houseofrohl.com/azure-pull-down-kitchen-faucet-with-u-spout-polished-nickel-azsq201pn/
2026-09-22 16:03:31,364 - INFO - Opening URL: https://houseofrohl.com/azure-pull-down-kitchen-faucet-with-u-spout-stainless-steel-azsq201ss/
2026-09-22 16:03:34,692 - INFO - Product scraped successfully: https://houseofrohl.com/azure-pull-down-kitchen-faucet-with-u-spout-stainless-steel-azsq201ss/
2026-09-22 16:03:34,692 - INFO - Opening URL: https://houseofrohl.com/campo-filter-kitchen-faucet-matte-black-cp70d1lmmb/
2026-09-22 16:03:38,079 - INFO - Product scraped successfully: https://houseofrohl.com/campo-filter-kitchen-faucet-matte-black-cp70d1lmmb/
2026-09-22 16:03:38,081 - INFO - Opening URL: https://houseofrohl.com/campo-filter-kitchen-faucet-polished-chrome-cp70d1lmapc/
2026-09-22 16:03:41,717 - INFO - Product scraped successfully: https://houseofrohl.com/campo-filter-kitchen-faucet-polished-chrome-cp70d1lmapc/
2026-09-22 16:03:41,717 - INFO - Opening URL: https://houseofrohl.com/campo-filter-kitchen-faucet-polished-nickel-cp70d1lmpn/
2026-09-22 16:03:46,566 - INFO - Product scraped successfully: https://houseofrohl.com/campo-filter-kitchen-faucet-polished-nickel-cp70d1lmpn/
2026-09-22 16:03:46,566 - INFO - Opening URL: https://houseofrohl.com/campo-filter-kitchen-faucet-satin-nickel-cp70d1lmstn/
2026-09-22 16:03:49,978 - INFO - Product scraped successfully: https://houseofrohl.com/campo-filter-kitchen-faucet-satin-nickel-cp70d1lmstn/
2026-09-22 16:03:49,978 - INFO - Opening URL: https://houseofrohl.com/campo-filter-kitchen-faucet-tuscan-brass-cp70d1lmtcb/
2026-09-22 16:03:53,138 - INFO - Product scraped successfully: https://houseofrohl.com/campo-filter-kitchen-faucet-tuscan-brass-cp70d1lmtcb/
2026-09-22 16:03:53,138 - INFO - Opening URL: https://houseofrohl.com/campo-filter-kitchen-faucet-unlacquered-brass-cp70d1lmulb/
2026-09-22 16:03:56,378 - INFO - Product scraped successfully: https://houseofrohl.com/campo-filter-kitchen-faucet-unlacquered-brass-cp70d1lmulb/
2026-09-22 16:03:56,378 - INFO - Opening URL: https://houseofrohl.com/lombardia-filter-kitchen-faucet-matte-black-lb70d1lmmb/
2026-09-22 16:03:59,580 - INFO - Product scraped successfully: https://houseofrohl.com/lombardia-filter-kitchen-faucet-matte-black-lb70d1lmmb/
2026-09-22 16:03:59,580 - INFO - Opening URL: https://houseofrohl.com/lombardia-filter-kitchen-faucet-polished-chrome-lb70d1lmapc/
2026-09-22 16:04:03,817 - INFO - Product scraped successfully: https://houseofrohl.com/lombardia-filter-kitchen-faucet-polished-chrome-lb70d1lmapc/
2026-09-22 16:04:03,819 - INFO - Opening URL: https://houseofrohl.com/lombardia-filter-kitchen-faucet-polished-nickel-lb70d1lmpn/
2026-09-22 16:04:06,619 - INFO - Product scraped successfully: https://houseofrohl.com/lombardia-filter-kitchen-faucet-polished-nickel-lb70d1lmpn/
2026-09-22 16:04:06,619 - INFO - Opening URL: https://houseofrohl.com/lombardia-filter-kitchen-faucet-satin-nickel-lb70d1lmstn/
2026-09-22 16:04:09,516 - INFO - Product scraped successfully: https://houseofrohl.com/lombardia-filter-kitchen-faucet-satin-nickel-lb70d1lmstn/
2026-09-22 16:04:09,516 - INFO - Opening URL: https://houseofrohl.com/lombardia-filter-kitchen-faucet-tuscan-brass-lb70d1lmtcb/
2026-09-22 16:04:12,574 - INFO - Product scraped successfully: https://houseofrohl.com/lombardia-filter-kitchen-faucet-tuscan-brass-lb70d1lmtcb/
2026-09-22 16:04:12,574 - INFO - Opening URL: https://houseofrohl.com/lombardia-filter-kitchen-faucet-unlacquered-brass-lb70d1lmulb/
2026-09-22 16:04:15,463 - INFO - Product scraped successfully: https://houseofrohl.com/lombardia-filter-kitchen-faucet-unlacquered-brass-lb70d1lmulb/
2026-09-22 16:04:15,463 - INFO - Opening URL: https://houseofrohl.com/lateral-pull-down-kitchen-faucet-with-single-spray-black-lt101bk/
2026-09-22 16:04:18,679 - INFO - Product scraped successfully: https://houseofrohl.com/lateral-pull-down-kitchen-faucet-with-single-spray-black-lt101bk/
2026-09-22 16:04:18,679 - INFO - Opening URL: https://houseofrohl.com/lateral-pull-down-kitchen-faucet-with-single-spray-brushed-gold-lt101bg/
2026-09-22 16:04:22,481 - INFO - Product scraped successfully: https://houseofrohl.com/lateral-pull-down-kitchen-faucet-with-single-spray-brushed-gold-lt101bg/
2026-09-22 16:04:22,481 - INFO - Opening URL: https://houseofrohl.com/lateral-pull-down-kitchen-faucet-with-single-spray-chrome-lt101c/
2026-09-22 16:04:25,721 - INFO - Product scraped successfully: https://houseofrohl.com/lateral-pull-down-kitchen-faucet-with-single-spray-chrome-lt101c/
2026-09-22 16:04:25,722 - INFO - Opening URL: https://houseofrohl.com/lateral-pull-down-kitchen-faucet-with-single-spray-stainless-steel-lt101ss/
2026-09-22 16:04:28,774 - INFO - Product scraped successfully: https://houseofrohl.com/lateral-pull-down-kitchen-faucet-with-single-spray-stainless-steel-lt101ss/
2026-09-22 16:04:28,774 - INFO - Opening URL: https://houseofrohl.com/lateral-pull-down-kitchen-faucet-with-single-spray-black-lt101bk/
2026-09-22 16:04:31,874 - INFO - Product scraped successfully: https://houseofrohl.com/lateral-pull-down-kitchen-faucet-with-single-spray-black-lt101bk/
2026-09-22 16:04:31,874 - INFO - Opening URL: https://houseofrohl.com/lateral-pull-down-kitchen-faucet-with-single-spray-brushed-gold-lt101bg/
2026-09-22 16:04:35,070 - INFO - Product scraped successfully: https://houseofrohl.com/lateral-pull-down-kitchen-faucet-with-single-spray-brushed-gold-lt101bg/
2026-09-22 16:04:35,070 - INFO - Opening URL: https://houseofrohl.com/lateral-pull-down-kitchen-faucet-with-single-spray-chrome-lt101c/
2026-09-22 16:04:38,026 - INFO - Product scraped successfully: https://houseofrohl.com/lateral-pull-down-kitchen-faucet-with-single-spray-chrome-lt101c/
2026-09-22 16:04:38,026 - INFO - Opening URL: https://houseofrohl.com/lateral-pull-down-kitchen-faucet-with-single-spray-stainless-steel-lt101ss/
2026-09-22 16:04:42,399 - INFO - Product scraped successfully: https://houseofrohl.com/lateral-pull-down-kitchen-faucet-with-single-spray-stainless-steel-lt101ss/
2026-09-22 16:04:42,399 - INFO - Opening URL: https://houseofrohl.com/lateral-pull-down-kitchen-faucet-with-c-spout-black-lt201bk/
2026-09-22 16:04:45,475 - INFO - Product scraped successfully: https://houseofrohl.com/lateral-pull-down-kitchen-faucet-with-c-spout-black-lt201bk/
2026-09-22 16:04:45,475 - INFO - Opening URL: https://houseofrohl.com/lateral-pull-down-kitchen-faucet-with-c-spout-brushed-gold-lt201bg/
2026-09-22 16:04:48,410 - INFO - Product scraped successfully: https://houseofrohl.com/lateral-pull-down-kitchen-faucet-with-c-spout-brushed-gold-lt201bg/
2026-09-22 16:04:48,410 - INFO - Opening URL: https://houseofrohl.com/lateral-pull-down-kitchen-faucet-with-c-spout-chrome-lt201c/
2026-09-22 16:04:51,588 - INFO - Product scraped successfully: https://houseofrohl.com/lateral-pull-down-kitchen-faucet-with-c-spout-chrome-lt201c/
2026-09-22 16:04:51,588 - INFO - Opening URL: https://houseofrohl.com/lateral-pull-down-kitchen-faucet-with-c-spout-stainless-steel-lt201ss/
2026-09-22 16:04:55,298 - INFO - Product scraped successfully: https://houseofrohl.com/lateral-pull-down-kitchen-faucet-with-c-spout-stainless-steel-lt201ss/
2026-09-22 16:04:55,299 - INFO - Opening URL: https://houseofrohl.com/lateral-pull-down-kitchen-faucet-with-c-spout-black-lt201bk/
2026-09-22 16:04:58,435 - INFO - Product scraped successfully: https://houseofrohl.com/lateral-pull-down-kitchen-faucet-with-c-spout-black-lt201bk/
2026-09-22 16:04:58,436 - INFO - Opening URL: https://houseofrohl.com/lateral-pull-down-kitchen-faucet-with-c-spout-brushed-gold-lt201bg/
2026-09-22 16:05:01,389 - INFO - Product scraped successfully: https://houseofrohl.com/lateral-pull-down-kitchen-faucet-with-c-spout-brushed-gold-lt201bg/
2026-09-22 16:05:01,389 - INFO - Opening URL: https://houseofrohl.com/lateral-pull-down-kitchen-faucet-with-c-spout-chrome-lt201c/
2026-09-22 16:05:04,828 - INFO - Product scraped successfully: https://houseofrohl.com/lateral-pull-down-kitchen-faucet-with-c-spout-chrome-lt201c/
2026-09-22 16:05:04,828 - INFO - Opening URL: https://houseofrohl.com/lateral-pull-down-kitchen-faucet-with-c-spout-stainless-steel-lt201ss/
2026-09-22 16:05:07,882 - INFO - Product scraped successfully: https://houseofrohl.com/lateral-pull-down-kitchen-faucet-with-c-spout-stainless-steel-lt201ss/
2026-09-22 16:05:07,882 - INFO - Opening URL: https://houseofrohl.com/lateral-pull-down-touchless-kitchen-faucet-with-c-spout-black-lt211bk/
2026-09-22 16:05:11,063 - INFO - Product scraped successfully: https://houseofrohl.com/lateral-pull-down-touchless-kitchen-faucet-with-c-spout-black-lt211bk/
2026-09-22 16:05:11,063 - INFO - Opening URL: https://houseofrohl.com/lateral-pull-down-touchless-kitchen-faucet-with-c-spout-brushed-gold-lt211bg/
2026-09-22 16:05:14,152 - INFO - Product scraped successfully: https://houseofrohl.com/lateral-pull-down-touchless-kitchen-faucet-with-c-spout-brushed-gold-lt211bg/
2026-09-22 16:05:14,152 - INFO - Opening URL: https://houseofrohl.com/lateral-pull-down-touchless-kitchen-faucet-with-c-spout-chrome-lt211c/
2026-09-22 16:05:16,985 - INFO - Product scraped successfully: https://houseofrohl.com/lateral-pull-down-touchless-kitchen-faucet-with-c-spout-chrome-lt211c/
2026-09-22 16:05:16,985 - INFO - Opening URL: https://houseofrohl.com/lateral-pull-down-touchless-kitchen-faucet-with-c-spout-stainless-steel-lt211ss/
2026-09-22 16:05:19,800 - INFO - Product scraped successfully: https://houseofrohl.com/lateral-pull-down-touchless-kitchen-faucet-with-c-spout-stainless-steel-lt211ss/
2026-09-22 16:05:19,800 - INFO - Opening URL: https://houseofrohl.com/lateral-pull-down-touchless-kitchen-faucet-with-c-spout-black-lt211bk/
2026-09-22 16:05:22,535 - INFO - Product scraped successfully: https://houseofrohl.com/lateral-pull-down-touchless-kitchen-faucet-with-c-spout-black-lt211bk/
2026-09-22 16:05:22,535 - INFO - Opening URL: https://houseofrohl.com/lateral-pull-down-touchless-kitchen-faucet-with-c-spout-brushed-gold-lt211bg/
2026-09-22 16:05:25,415 - INFO - Product scraped successfully: https://houseofrohl.com/lateral-pull-down-touchless-kitchen-faucet-with-c-spout-brushed-gold-lt211bg/
2026-09-22 16:05:25,415 - INFO - Opening URL: https://houseofrohl.com/lateral-pull-down-touchless-kitchen-faucet-with-c-spout-chrome-lt211c/
2026-09-22 16:05:29,257 - INFO - Product scraped successfully: https://houseofrohl.com/lateral-pull-down-touchless-kitchen-faucet-with-c-spout-chrome-lt211c/
2026-09-22 16:05:29,257 - INFO - Opening URL: https://houseofrohl.com/lateral-pull-down-touchless-kitchen-faucet-with-c-spout-stainless-steel-lt211ss/
2026-09-22 16:05:32,266 - INFO - Product scraped successfully: https://houseofrohl.com/lateral-pull-down-touchless-kitchen-faucet-with-c-spout-stainless-steel-lt211ss/
2026-09-22 16:05:32,266 - INFO - Opening URL: https://houseofrohl.com/lateral-bridge-pull-down-kitchen-faucet-with-c-spout-black-lt400bk/
2026-09-22 16:05:35,307 - INFO - Product scraped successfully: https://houseofrohl.com/lateral-bridge-pull-down-kitchen-faucet-with-c-spout-black-lt400bk/
2026-09-22 16:05:35,307 - INFO - Opening URL: https://houseofrohl.com/lateral-bridge-pull-down-kitchen-faucet-with-c-spout-brushed-gold-lt400bg/
2026-09-22 16:05:38,462 - INFO - Product scraped successfully: https://houseofrohl.com/lateral-bridge-pull-down-kitchen-faucet-with-c-spout-brushed-gold-lt400bg/
2026-09-22 16:05:38,462 - INFO - Opening URL: https://houseofrohl.com/lateral-bridge-pull-down-kitchen-faucet-with-c-spout-chrome-lt400c/
2026-09-22 16:05:41,412 - INFO - Product scraped successfully: https://houseofrohl.com/lateral-bridge-pull-down-kitchen-faucet-with-c-spout-chrome-lt400c/
2026-09-22 16:05:41,413 - INFO - Opening URL: https://houseofrohl.com/lateral-bridge-pull-down-kitchen-faucet-with-c-spout-stainless-steel-lt400ss/
2026-09-22 16:05:44,502 - INFO - Product scraped successfully: https://houseofrohl.com/lateral-bridge-pull-down-kitchen-faucet-with-c-spout-stainless-steel-lt400ss/
2026-09-22 16:05:44,503 - INFO - Opening URL: https://houseofrohl.com/lateral-bridge-pull-down-kitchen-faucet-with-c-spout-black-lt400bk/
2026-09-22 16:05:47,548 - INFO - Product scraped successfully: https://houseofrohl.com/lateral-bridge-pull-down-kitchen-faucet-with-c-spout-black-lt400bk/
2026-09-22 16:05:47,548 - INFO - Opening URL: https://houseofrohl.com/lateral-bridge-pull-down-kitchen-faucet-with-c-spout-brushed-gold-lt400bg/
2026-09-22 16:05:50,674 - INFO - Product scraped successfully: https://houseofrohl.com/lateral-bridge-pull-down-kitchen-faucet-with-c-spout-brushed-gold-lt400bg/
2026-09-22 16:05:50,674 - INFO - Opening URL: https://houseofrohl.com/lateral-bridge-pull-down-kitchen-faucet-with-c-spout-chrome-lt400c/
2026-09-22 16:05:53,741 - INFO - Product scraped successfully: https://houseofrohl.com/lateral-bridge-pull-down-kitchen-faucet-with-c-spout-chrome-lt400c/
2026-09-22 16:05:53,741 - INFO - Opening URL: https://houseofrohl.com/lateral-bridge-pull-down-kitchen-faucet-with-c-spout-stainless-steel-lt400ss/
2026-09-22 16:05:56,734 - INFO - Product scraped successfully: https://houseofrohl.com/lateral-bridge-pull-down-kitchen-faucet-with-c-spout-stainless-steel-lt400ss/
2026-09-22 16:05:56,734 - INFO - Opening URL: https://houseofrohl.com/lateral-bar-food-prep-kitchen-faucet-with-c-spout-black-lt601bk/
2026-09-22 16:05:59,927 - INFO - Product scraped successfully: https://houseofrohl.com/lateral-bar-food-prep-kitchen-faucet-with-c-spout-black-lt601bk/
2026-09-22 16:05:59,927 - INFO - Opening URL: https://houseofrohl.com/lateral-bar-food-prep-kitchen-faucet-with-c-spout-brushed-gold-lt601bg/
2026-09-22 16:06:02,836 - INFO - Product scraped successfully: https://houseofrohl.com/lateral-bar-food-prep-kitchen-faucet-with-c-spout-brushed-gold-lt601bg/
2026-09-22 16:06:02,836 - INFO - Opening URL: https://houseofrohl.com/lateral-bar-food-prep-kitchen-faucet-with-c-spout-chrome-lt601c/
2026-09-22 16:06:05,940 - INFO - Product scraped successfully: https://houseofrohl.com/lateral-bar-food-prep-kitchen-faucet-with-c-spout-chrome-lt601c/
2026-09-22 16:06:05,940 - INFO - Opening URL: https://houseofrohl.com/lateral-bar-food-prep-kitchen-faucet-with-c-spout-stainless-steel-lt601ss/
2026-09-22 16:06:09,117 - INFO - Product scraped successfully: https://houseofrohl.com/lateral-bar-food-prep-kitchen-faucet-with-c-spout-stainless-steel-lt601ss/
2026-09-22 16:06:09,117 - INFO - Opening URL: https://houseofrohl.com/lateral-bar-food-prep-kitchen-faucet-with-c-spout-black-lt601bk/
2026-09-22 16:06:12,547 - INFO - Product scraped successfully: https://houseofrohl.com/lateral-bar-food-prep-kitchen-faucet-with-c-spout-black-lt601bk/
2026-09-22 16:06:12,547 - INFO - Opening URL: https://houseofrohl.com/lateral-bar-food-prep-kitchen-faucet-with-c-spout-brushed-gold-lt601bg/
2026-09-22 16:06:15,473 - INFO - Product scraped successfully: https://houseofrohl.com/lateral-bar-food-prep-kitchen-faucet-with-c-spout-brushed-gold-lt601bg/
2026-09-22 16:06:15,473 - INFO - Opening URL: https://houseofrohl.com/lateral-bar-food-prep-kitchen-faucet-with-c-spout-chrome-lt601c/
2026-09-22 16:06:18,301 - INFO - Product scraped successfully: https://houseofrohl.com/lateral-bar-food-prep-kitchen-faucet-with-c-spout-chrome-lt601c/
2026-09-22 16:06:18,301 - INFO - Opening URL: https://houseofrohl.com/lateral-bar-food-prep-kitchen-faucet-with-c-spout-stainless-steel-lt601ss/
2026-09-22 16:06:21,239 - INFO - Product scraped successfully: https://houseofrohl.com/lateral-bar-food-prep-kitchen-faucet-with-c-spout-stainless-steel-lt601ss/
2026-09-22 16:06:21,239 - INFO - Opening URL: https://houseofrohl.com/lateral-two-handle-pull-down-kitchen-faucet-with-c-spout-black-lt801bk/
2026-09-22 16:06:24,348 - INFO - Product scraped successfully: https://houseofrohl.com/lateral-two-handle-pull-down-kitchen-faucet-with-c-spout-black-lt801bk/
2026-09-22 16:06:24,348 - INFO - Opening URL: https://houseofrohl.com/lateral-two-handle-pull-down-kitchen-faucet-with-c-spout-brushed-gold-lt801bg/
2026-09-22 16:06:27,124 - INFO - Product scraped successfully: https://houseofrohl.com/lateral-two-handle-pull-down-kitchen-faucet-with-c-spout-brushed-gold-lt801bg/
2026-09-22 16:06:27,124 - INFO - Opening URL: https://houseofrohl.com/lateral-two-handle-pull-down-kitchen-faucet-with-c-spout-chrome-lt801c/
2026-09-22 16:06:29,831 - INFO - Product scraped successfully: https://houseofrohl.com/lateral-two-handle-pull-down-kitchen-faucet-with-c-spout-chrome-lt801c/
2026-09-22 16:06:29,831 - INFO - Opening URL: https://houseofrohl.com/lateral-two-handle-pull-down-kitchen-faucet-with-c-spout-stainless-steel-lt801ss/
2026-09-22 16:06:32,780 - INFO - Product scraped successfully: https://houseofrohl.com/lateral-two-handle-pull-down-kitchen-faucet-with-c-spout-stainless-steel-lt801ss/
2026-09-22 16:06:32,780 - INFO - Opening URL: https://houseofrohl.com/lateral-two-handle-pull-down-kitchen-faucet-with-c-spout-black-lt801bk/
2026-09-22 16:06:36,190 - INFO - Product scraped successfully: https://houseofrohl.com/lateral-two-handle-pull-down-kitchen-faucet-with-c-spout-black-lt801bk/
2026-09-22 16:06:36,190 - INFO - Opening URL: https://houseofrohl.com/lateral-two-handle-pull-down-kitchen-faucet-with-c-spout-brushed-gold-lt801bg/
